season,rank,name,team,obpr,dbpr,bpr,poss,box_obpr,box_dbpr,box_bpr,adj_team_off_eff,adj_team_def_eff,adj_team_eff_margin,plus_minus,position,role,class_year,miya_player_id,in_portal
2026-27,1,Jeremy Fears Jr.,Michigan State,7.91022135183258,3.21378773501738,11.12400908685,0,0,0,0,0,0,0,0,NA,NA,SR,2119925,False
2026-27,2,Tyler Tanner,Vanderbilt,6.31105882088169,3.4361704084321,9.74722922931379,0,0,0,0,0,0,0,0,NA,NA,JR,2280666,False
2026-27,3,Patrick Ngongba,Duke,5.62130756602914,4.11085625489254,9.73216382092168,0,0,0,0,0,0,0,0,NA,NA,JR,2319989,False
2026-27,4,Alex Condon,Florida,5.1875367272706,4.3276832263753,9.51521995364591,0,0,0,0,0,0,0,0,NA,NA,SR,2106886,False
2026-27,5,Silas Demary Jr.,Connecticut,5.8995699428726,3.61356986341387,9.51313980628647,0,0,0,0,0,0,0,0,NA,NA,SR,2098959,False
2026-27,6,Thomas Haugh,Florida,5.73449817780572,3.34850310933289,9.08300128713861,0,0,0,0,0,0,0,0,NA,NA,SR,2106887,False
2026-27,7,Joseph Tugler,Houston,3.34780023687963,5.66294225278293,9.01074248966256,0,0,0,0,0,0,0,0,NA,NA,SR,2111602,False
2026-27,8,Chance Mallory,Virginia,5.88844653813123,3.01433894441952,8.90278548255076,0,0,0,0,0,0,0,0,NA,NA,SO,2505044,False
2026-27,9,Flory Bidunga,Louisville,3.95957621399287,4.9004702337165,8.86004644770937,0,0,0,0,0,0,0,0,NA,NA,JR,2321327,False
2026-27,10,Tamin Lipsey,Iowa State,5.54029077063997,3.29247769986803,8.832768470508,0,0,0,0,0,0,0,0,NA,NA,SR,1908247,True
2026-27,11,Malik Reneau,Miami (Fla.),5.85196392421414,2.87449759630477,8.72646152051891,0,0,0,0,0,0,0,0,NA,NA,SR,1916393,True
2026-27,12,David Mirkovic,Illinois,5.95515835665899,2.65716502169323,8.61232337835222,0,0,0,0,0,0,0,0,NA,NA,SO,2548104,False
2026-27,13,Elliot Cadeau,Michigan,5.06416373813835,3.44858236527509,8.51274610341344,0,0,0,0,0,0,0,0,NA,NA,SR,2106184,False
2026-27,14,Malachi Moreno,Kentucky,4.54689693213061,3.90964863645138,8.45654556858199,0,0,0,0,0,0,0,0,NA,NA,SO,2506866,False
2026-27,15,Motiejus Krivas,Arizona,4.12195398667234,4.29064537947538,8.41259936614772,0,0,0,0,0,0,0,0,NA,NA,SR,2098978,False
2026-27,16,Tomislav Ivisic,Illinois,5.27494821011205,3.07428570070289,8.34923391081494,0,0,0,0,0,0,0,0,NA,NA,SR,2321442,False
2026-27,17,Aden Holloway,Alabama,7.16111627454567,1.17978077024881,8.34089704479449,0,0,0,0,0,0,0,0,NA,NA,SR,2106215,True
2026-27,18,Robert Wright III,BYU,6.60964292745526,1.59075962683866,8.20040255429392,0,0,0,0,0,0,0,0,NA,NA,JR,2292830,False
2026-27,19,Mason Falslev,Utah State,5.53387371589741,2.42148204881532,7.95535576471273,0,0,0,0,0,0,0,0,NA,NA,SR,1890312,False
2026-27,20,Rueben Chinyelu,Florida,3.02257588110816,4.8869163576992,7.90949223880736,0,0,0,0,0,0,0,0,NA,NA,SR,2093257,False
2026-27,21,Zvonimir Ivisic,Illinois,3.37875973118337,4.50296279908141,7.88172253026478,0,0,0,0,0,0,0,0,NA,NA,SR,2128701,False
2026-27,22,Mark Mitchell,Missouri,5.71897288070361,2.14933467579381,7.86830755649742,0,0,0,0,0,0,0,0,NA,NA,SR,1917805,True
2026-27,23,Pryce Sandfort,Nebraska,6.01554503453065,1.7525127595501,7.76805779408074,0,0,0,0,0,0,0,0,NA,NA,SR,2113322,False
2026-27,24,Tahaad Pettiford,Auburn,5.25654312194919,2.49576619921851,7.7523093211677,0,0,0,0,0,0,0,0,NA,NA,JR,2321438,False
2026-27,25,Donovan Dent,LSU,4.72792556147862,2.92349407357073,7.65141963504935,0,0,0,0,0,0,0,0,NA,NA,SR,1924344,True
2026-27,26,Boogie Fland,Florida,4.83535243611775,2.80076602478503,7.63611846090278,0,0,0,0,0,0,0,0,NA,NA,JR,2302253,False
2026-27,27,Braden Huff,Gonzaga,6.53000217552192,1.0680174197409,7.59801959526282,0,0,0,0,0,0,0,0,NA,NA,SR,1890356,False
2026-27,28,Braylon Mullins,Connecticut,4.7918202911823,2.61294662636793,7.40476691755022,0,0,0,0,0,0,0,0,NA,NA,SO,2488800,False
2026-27,29,Thijs De Ridder,Virginia,5.01140191891103,2.34669583435756,7.35809775326859,0,0,0,0,0,0,0,0,NA,NA,SO,2505021,False
2026-27,30,Tounde Yessoufou,St. John's,4.50968868895879,2.77618410743698,7.28587279639577,0,0,0,0,0,0,0,0,NA,NA,SO,2481338,False
2026-27,31,Cayden Boozer,Duke,5.45441796117207,1.82783766477072,7.28225562594279,0,0,0,0,0,0,0,0,NA,NA,SO,2561474,False
2026-27,32,Nolan Winter,Wisconsin,4.86882042254308,2.33305449851215,7.20187492105524,0,0,0,0,0,0,0,0,NA,NA,SR,2093085,False
2026-27,33,Jordan Smith Jr.,Arkansas,4.15556130403777,2.91314899545345,7.06871029949123,0,0,0,0,0,0,0,0,NA,NA,FR,148149817,False
2026-27,34,B.J. Edwards,Oklahoma,4.12754716575801,2.91947450286133,7.04702166861933,0,0,0,0,0,0,0,0,NA,NA,SR,1890537,True
2026-27,35,Tyran Stokes,Kansas,3.61032070521505,3.41949358348645,7.0298142887015,0,0,0,0,0,0,0,0,NA,NA,FR,145086549,False
2026-27,36,Blue Cain,Georgia,4.84974605076033,2.16455482590377,7.0143008766641,0,0,0,0,0,0,0,0,NA,NA,SR,2098955,False
2026-27,37,Amari Allen,Alabama,4.20449064215684,2.6558534502447,6.86034409240154,0,0,0,0,0,0,0,0,NA,NA,SO,2550725,False
2026-27,38,Amani Hansberry,Virginia Tech,3.99366448357551,2.86450777783838,6.85817226141389,0,0,0,0,0,0,0,0,NA,NA,SR,2142747,False
2026-27,39,Sananda Fru,Marquette,3.81918568622255,3.01434434757842,6.83353003380097,0,0,0,0,0,0,0,0,NA,NA,SR,2483441,False
2026-27,40,Aiden Sherrell,Indiana,3.74198193010405,3.0685425548536,6.81052448495766,0,0,0,0,0,0,0,0,NA,NA,JR,2301241,False
2026-27,41,Xavier Edmonds,TCU,4.03458691147495,2.76723605320276,6.80182296467771,0,0,0,0,0,0,0,0,NA,NA,SR,2490633,False
2026-27,42,Nigel James Jr.,Marquette,4.00990021135675,2.77516689176965,6.78506710312639,0,0,0,0,0,0,0,0,NA,NA,SO,2505069,False
2026-27,43,Keyshawn Hall,St. John's,4.37145125109007,2.36417236068759,6.73562361177766,0,0,0,0,0,0,0,0,NA,NA,SR,1932541,True
2026-27,44,Josh Hubbard,Mississippi State,5.48561845339213,1.11918885360857,6.60480730700069,0,0,0,0,0,0,0,0,NA,NA,SR,2125129,False
2026-27,45,Ivan Kharchenkov,Arizona,3.83666597618843,2.72582327230732,6.56248924849575,0,0,0,0,0,0,0,0,NA,NA,SO,2478066,False
2026-27,46,Tre White,Kansas,4.27705152060852,2.28289558444868,6.5599471050572,0,0,0,0,0,0,0,0,NA,NA,SR,1920562,True
2026-27,47,Xzayvier Brown,Oklahoma,4.9097245373929,1.63425997802803,6.54398451542093,0,0,0,0,0,0,0,0,NA,NA,SR,2134482,False
2026-27,48,Trey McKenney,Michigan,4.73003765022175,1.80841368538058,6.53845133560234,0,0,0,0,0,0,0,0,NA,NA,SO,2511345,False
2026-27,49,Darrion Williams,Texas Tech,4.02951125600444,2.48558710768548,6.51509836368992,0,0,0,0,0,0,0,0,NA,NA,SR,1896934,True
2026-27,50,Milan Momcilovic,Kentucky,4.84359299990693,1.65594896751786,6.49954196742479,0,0,0,0,0,0,0,0,NA,NA,SR,2099047,False
2026-27,51,Billy Richmond III,Arkansas,3.58174712196289,2.9019722423411,6.48371936430399,0,0,0,0,0,0,0,0,NA,NA,JR,2302280,False
2026-27,52,John Blackwell,Duke,4.30339370064164,2.17395511812897,6.47734881877061,0,0,0,0,0,0,0,0,NA,NA,SR,2093083,False
2026-27,53,Kwame Evans Jr.,Villanova,2.87849707598818,3.53705510278116,6.41555217876934,0,0,0,0,0,0,0,0,NA,NA,SR,2112552,False
2026-27,54,KJ Lewis,USC,3.144713856821,3.26033792781887,6.40505178463987,0,0,0,0,0,0,0,0,NA,NA,SR,2098972,False
2026-27,55,Johann Grünloh,Virginia,3.10587425757872,3.24723639827773,6.35311065585644,0,0,0,0,0,0,0,0,NA,NA,SO,2505032,False
2026-27,56,Ven-Allen Lubin,NC State,4.54349879548644,1.79275755181629,6.33625634730273,0,0,0,0,0,0,0,0,NA,NA,SR,1890500,True
2026-27,57,Matas Vokietaitis,Texas,4.13860724704115,2.17912441127803,6.31773165831918,0,0,0,0,0,0,0,0,NA,NA,JR,2313721,False
2026-27,58,Jaxon Kohler,BYU,3.50764017589206,2.74625695998775,6.25389713587981,0,0,0,0,0,0,0,0,NA,NA,SR,1930360,True
2026-27,59,"Paul McNeil, Jr.",NC State,5.29921710204263,0.937625909221411,6.23684301126404,0,0,0,0,0,0,0,0,NA,NA,JR,2291869,False
2026-27,60,Melvin Council Jr.,Kansas,3.48843229025588,2.74173412295468,6.23016641321056,0,0,0,0,0,0,0,0,NA,NA,SR,2110317,True
2026-27,61,Davis Fogle,Gonzaga,4.35543033618055,1.85360019101609,6.20903052719664,0,0,0,0,0,0,0,0,NA,NA,SO,2477485,False
2026-27,62,Caleb Holt,Arizona,3.50328155938123,2.69731621178964,6.20059777117087,0,0,0,0,0,0,0,0,NA,NA,FR,235112691,False
2026-27,63,Xaivian Lee,Gonzaga,4.14189112634188,2.04649357659401,6.18838470293589,0,0,0,0,0,0,0,0,NA,NA,SR,1924956,True
2026-27,64,Jacob Cofie,USC,2.2502093938244,3.92906988503904,6.17927927886344,0,0,0,0,0,0,0,0,NA,NA,JR,2292849,False
2026-27,65,Trent Perry,UCLA,4.41074526159259,1.75682862837259,6.16757388996519,0,0,0,0,0,0,0,0,NA,NA,JR,2321463,False
2026-27,66,Jackson Holcombe,Utah,3.28234936461042,2.84560956054536,6.12795892515578,0,0,0,0,0,0,0,0,NA,NA,JR,2113994,False
2026-27,67,Paulius Murauskas,Arizona State,4.16643187913267,1.95866554923971,6.12509742837238,0,0,0,0,0,0,0,0,NA,NA,SR,2098979,False
2026-27,68,Tyler Perkins,Villanova,4.01160081882557,2.08728823181507,6.09888905064064,0,0,0,0,0,0,0,0,NA,NA,SR,2143461,False
2026-27,69,PJ Haggerty,Texas A&M,3.86991097998014,2.21466182788735,6.08457280786749,0,0,0,0,0,0,0,0,NA,NA,SR,1917531,False
2026-27,70,Somto Cyril,Miami (Fla.),2.32817010986312,3.7237905469149,6.05196065677801,0,0,0,0,0,0,0,0,NA,NA,JR,2311235,False
2026-27,71,Jordan Scott,Michigan State,3.33786608765026,2.68267685344094,6.02054294109119,0,0,0,0,0,0,0,0,NA,NA,SO,2539344,False
2026-27,72,John Mobley Jr.,Ohio State,5.20577244572022,0.812679029631495,6.01845147535171,0,0,0,0,0,0,0,0,NA,NA,JR,2291187,False
2026-27,73,Miles Byrd,Providence,1.77613156078092,4.21315408859876,5.98928564937968,0,0,0,0,0,0,0,0,NA,NA,SR,1890317,False
2026-27,74,Zoom Diallo,Kentucky,4.46271104787698,1.52545568796815,5.98816673584512,0,0,0,0,0,0,0,0,NA,NA,JR,2319827,False
2026-27,75,Cam Manyawu,Iowa,2.39838000519915,3.57563151510273,5.97401152030188,0,0,0,0,0,0,0,0,NA,NA,SR,2118746,False
2026-27,76,Najai Hines,Connecticut,2.02837843369093,3.94480521698396,5.97318365067489,0,0,0,0,0,0,0,0,NA,NA,SO,2548059,False
2026-27,77,C.J. Cox,Purdue,4.52957482179974,1.41610918831232,5.94568401011206,0,0,0,0,0,0,0,0,NA,NA,JR,2334060,False
2026-27,78,Jaden Toombs,SMU,3.89244180505795,1.99989788838217,5.89233969344013,0,0,0,0,0,0,0,0,NA,NA,SO,2503228,False
2026-27,79,Anthony Robinson II,Florida State,2.81458068195775,3.07569442297181,5.89027510492956,0,0,0,0,0,0,0,0,NA,NA,SR,2113366,False
2026-27,80,Rylan Griffen,Texas A&M,3.78321300105711,2.09876057207511,5.88197357313222,0,0,0,0,0,0,0,0,NA,NA,SR,1920160,True
2026-27,81,Acaden Lewis,Miami (Fla.),3.60950815062265,2.20004250459994,5.80955065522259,0,0,0,0,0,0,0,0,NA,NA,SO,2540491,False
2026-27,82,Rubén Prey,St. John's,3.00825163857743,2.73910984416591,5.74736148274335,0,0,0,0,0,0,0,0,NA,NA,JR,2322677,False
2026-27,83,Mouhamed Dioubate,LSU,2.65158817496428,3.07628700204516,5.72787517700945,0,0,0,0,0,0,0,0,NA,NA,SR,2099732,False
2026-27,84,Chance Westry,Xavier,3.9991397175518,1.72384305187574,5.72298276942754,0,0,0,0,0,0,0,0,NA,NA,JR,1905712,False
2026-27,85,Evan Mahaffey,Akron,2.92318239087335,2.75233808478168,5.67552047565502,0,0,0,0,0,0,0,0,NA,NA,SR,1895929,False
2026-27,86,Shelton Henderson,Miami (Fla.),3.98114402266574,1.66099839754365,5.64214242020939,0,0,0,0,0,0,0,0,NA,NA,SO,2507067,False
2026-27,87,Isaiah Johnson,Texas,4.75378238904427,0.882700637355605,5.63648302639987,0,0,0,0,0,0,0,0,NA,NA,SO,2540151,False
2026-27,88,JT Toppin,Texas Tech,3.39591223011413,2.23307509446102,5.62898732457515,0,0,0,0,0,0,0,0,NA,NA,SR,2126448,False
2026-27,89,Isaac Celiscar,Baylor,4.94234595025344,0.684107396947875,5.62645334720132,0,0,0,0,0,0,0,0,NA,NA,JR,2345901,False
2026-27,90,Dylan Mingo,Baylor,3.60908657018789,2.00088329531925,5.60996986550713,0,0,0,0,0,0,0,0,NA,NA,FR,112574879,False
2026-27,91,Alvaro Folgueiras,Louisville,3.46604195742177,2.13673503911529,5.60277699653706,0,0,0,0,0,0,0,0,NA,NA,SR,2137301,False
2026-27,92,Eric Dailey Jr.,UCLA,3.35636304689928,2.23609329053963,5.59245633743891,0,0,0,0,0,0,0,0,NA,NA,SR,2105466,False
2026-27,93,Andrej Stojakovic,Illinois,3.87512809693825,1.68981920953552,5.56494730647377,0,0,0,0,0,0,0,0,NA,NA,SR,2092655,False
2026-27,94,Jaquan Johnson,Iowa State,3.80932731284787,1.74188690658673,5.5512142194346,0,0,0,0,0,0,0,0,NA,NA,JR,2269289,False
2026-27,95,Barrington Hargress,Colorado,5.11131527571701,0.433058250896606,5.54437352661362,0,0,0,0,0,0,0,0,NA,NA,SR,1945363,False
2026-27,96,Jaylen Petty,UCLA,4.25500861380873,1.27731565984012,5.53232427364884,0,0,0,0,0,0,0,0,NA,NA,SO,2505051,False
2026-27,97,Emmanuel Kanga,George Mason,3.08295139592222,2.4429380966711,5.52588949259331,0,0,0,0,0,0,0,0,NA,NA,SO,2495579,False
2026-27,98,Garwey Dual,Syracuse,2.55910709114483,2.96388041163111,5.52298750277594,0,0,0,0,0,0,0,0,NA,NA,SR,2110977,False
2026-27,99,Donovan Atwell,Texas Tech,4.78345538162141,0.737639311351047,5.52109469297246,0,0,0,0,0,0,0,0,NA,NA,SR,1896710,True
2026-27,100,Coen Carr,Michigan State,2.92697276055532,2.57749937537971,5.50447213593503,0,0,0,0,0,0,0,0,NA,NA,SR,2119938,False
2026-27,101,Adrian Wooley,Louisville,4.1302912190201,1.37163789233501,5.50192911135511,0,0,0,0,0,0,0,0,NA,NA,JR,2334145,False
2026-27,102,Larry Johnson,McNeese State,4.56696754983806,0.927688831248691,5.49465638108675,0,0,0,0,0,0,0,0,NA,NA,SO,2315488,False
2026-27,103,Elyjah Freeman,Texas,2.74560683154492,2.73674603608577,5.48235286763069,0,0,0,0,0,0,0,0,NA,NA,JR,2364052,False
2026-27,104,Jordan Watford,Queens,5.1629878860928,0.315212017900116,5.47819990399292,0,0,0,0,0,0,0,0,NA,NA,SO,2549964,False
2026-27,105,Jake Ensminger,Santa Clara,3.93162463411608,1.51619928710145,5.44782392121754,0,0,0,0,0,0,0,0,NA,NA,SR,1920291,False
2026-27,106,Kayden Mingo,Baylor,3.2744542201585,2.17211145960219,5.44656567976069,0,0,0,0,0,0,0,0,NA,NA,SO,2506624,False
2026-27,107,Brandon McCoy Jr.,Michigan,2.48807802824966,2.9551960502853,5.44327407853496,0,0,0,0,0,0,0,0,NA,NA,FR,138779477,False
2026-27,108,Miles Sadler,West Virginia,3.46540371397654,1.95980412111218,5.42520783508871,0,0,0,0,0,0,0,0,NA,NA,FR,265730099,False
2026-27,109,Marcus Millender,Georgia,4.87971747400432,0.505568556592487,5.3852860305968,0,0,0,0,0,0,0,0,NA,NA,SR,2144536,False
2026-27,110,Kanon Catchings,Georgia,3.53122978117451,1.82757587923301,5.35880566040751,0,0,0,0,0,0,0,0,NA,NA,JR,2293409,False
2026-27,111,Daniel Freitag,Oregon State,4.15488117418248,1.18035524111717,5.33523641529965,0,0,0,0,0,0,0,0,NA,NA,JR,2292664,False
2026-27,112,Cameron Williams,Duke,2.41876000275807,2.91037854584986,5.32913854860792,0,0,0,0,0,0,0,0,NA,NA,FR,248548279,False
2026-27,113,Nick Townsend,Stanford,4.37774636863078,0.943233687565214,5.32098005619599,0,0,0,0,0,0,0,0,NA,NA,SR,1949281,True
2026-27,114,Brock Harding,TCU,3.45834740694076,1.83406379711562,5.29241120405638,0,0,0,0,0,0,0,0,NA,NA,SR,2113314,False
2026-27,115,Blake Buchanan,Iowa State,2.70955890330997,2.559362352878,5.26892125618797,0,0,0,0,0,0,0,0,NA,NA,SR,2097924,False
2026-27,116,Kevin Overton,Auburn,4.02245007586626,1.22940440099207,5.25185447685833,0,0,0,0,0,0,0,0,NA,NA,SR,2122204,False
2026-27,117,Trevan Leonhardt,Nebraska,3.10848188008737,2.13199467748016,5.24047655756753,0,0,0,0,0,0,0,0,NA,NA,SR,1949291,False
2026-27,118,Dallin Hall,Utah State,4.01063919907259,1.22383544799754,5.23447464707013,0,0,0,0,0,0,0,0,NA,NA,SR,1906896,True
2026-27,119,Ben Hammond,Virginia Tech,3.29175074953527,1.93374553364068,5.22549628317595,0,0,0,0,0,0,0,0,NA,NA,JR,2296070,False
2026-27,120,Quinn Ellis,St. John's,2.98626247302073,2.23109866568783,5.21736113870856,0,0,0,0,0,0,0,0,NA,NA,FR,236915566,True
2026-27,121,David Punch,Texas,1.64287768265569,3.57391914427864,5.21679682693433,0,0,0,0,0,0,0,0,NA,NA,JR,2305305,False
2026-27,122,Josiah Lake II,Oregon State,3.83789605762591,1.3630225907081,5.20091864833401,0,0,0,0,0,0,0,0,NA,NA,SR,2126483,False
2026-27,123,Tre Holloman,Grand Canyon,3.40655272987027,1.7820719744405,5.18862470431077,0,0,0,0,0,0,0,0,NA,NA,SR,1930361,True
2026-27,124,Amael L'Etang,Dayton,2.87411057207285,2.29560178045188,5.16971235252474,0,0,0,0,0,0,0,0,NA,NA,JR,2305453,False
2026-27,125,Chase Walker,Illinois State,3.27514952858242,1.88010387785737,5.15525340643979,0,0,0,0,0,0,0,0,NA,NA,SR,2097923,False
2026-27,126,Dame Sarr,Duke,2.18719207268859,2.95753428484447,5.14472635753306,0,0,0,0,0,0,0,0,NA,NA,SO,2561477,False
2026-27,127,Carter Welling,Clemson,2.20887764344655,2.92674609469351,5.13562373814007,0,0,0,0,0,0,0,0,NA,NA,SR,2111157,False
2026-27,128,Austin Rapp,Wisconsin,3.41741575841248,1.71476783890451,5.13218359731698,0,0,0,0,0,0,0,0,NA,NA,JR,2324517,False
2026-27,129,Leroy Blyden Jr.,Kansas,3.87558043197726,1.25215975183191,5.12774018380917,0,0,0,0,0,0,0,0,NA,NA,SO,2488772,False
2026-27,130,Nyk Lewis,VCU,3.80725741165092,1.29697697665381,5.10423438830473,0,0,0,0,0,0,0,0,NA,NA,SO,2493034,False
2026-27,131,Quentin Coleman,Illinois,3.04354067799351,2.05684408992812,5.10038476792164,0,0,0,0,0,0,0,0,NA,NA,FR,111991331,False
2026-27,132,Naithan George,Pittsburgh,3.34303252217448,1.75346841207604,5.09650093425052,0,0,0,0,0,0,0,0,NA,NA,SR,2099451,False
2026-27,133,RJ Godfrey,Arizona,2.40010625639917,2.6963927404358,5.09649899683497,0,0,0,0,0,0,0,0,NA,NA,SR,1925548,True
2026-27,134,Brandon Jennings,VCU,2.19161998272475,2.89276795179919,5.08438793452394,0,0,0,0,0,0,0,0,NA,NA,JR,2296323,False
2026-27,135,Isaac Asuma,Minnesota,2.85360807528402,2.2246163806282,5.07822445591222,0,0,0,0,0,0,0,0,NA,NA,JR,2302970,False
2026-27,136,Cade Tyson,Minnesota,4.31133391227308,0.720643566056345,5.03197747832943,0,0,0,0,0,0,0,0,NA,NA,SR,1917665,True
2026-27,137,Dedan Thomas Jr.,Houston,4.24545874460345,0.776727047863337,5.02218579246679,0,0,0,0,0,0,0,0,NA,NA,SR,2126210,False
2026-27,138,Javon Bennett,Gonzaga,3.4093351097279,1.60711236510346,5.01644747483137,0,0,0,0,0,0,0,0,NA,NA,SR,1949309,True
2026-27,139,Miro Little,UC Santa Barbara,3.21364207403971,1.79282536212992,5.00646743616962,0,0,0,0,0,0,0,0,NA,NA,SR,2114185,False
2026-27,140,Keanu Dawes,Kansas,3.10671399581214,1.89822510069937,5.00493909651151,0,0,0,0,0,0,0,0,NA,NA,SR,2127738,False
2026-27,141,Roddy Gayle Jr.,Michigan,2.39472199252327,2.60281733038432,4.9975393229076,0,0,0,0,0,0,0,0,NA,NA,SR,1917724,True
2026-27,142,Dior Johnson,UCF,5.0229681965748,-0.0317753949992213,4.99119280157558,0,0,0,0,0,0,0,0,NA,NA,SR,1908675,False
2026-27,143,Solo Ball,Connecticut,4.20694574604621,0.777769586789162,4.98471533283537,0,0,0,0,0,0,0,0,NA,NA,SR,2106195,False
2026-27,144,Jackson Shelstad,Louisville,4.21801181695521,0.748138875479267,4.96615069243448,0,0,0,0,0,0,0,0,NA,NA,SR,2112555,False
2026-27,145,Saliou Niang,LSU,2.61980076301137,2.34344732882954,4.9632480918409,0,0,0,0,0,0,0,0,NA,NA,FR,42449974,True
2026-27,146,Collin Chandler,BYU,2.85458870519635,2.10739385935732,4.96198256455367,0,0,0,0,0,0,0,0,NA,NA,JR,2319782,False
2026-27,147,Rowan Brumbaugh,SMU,3.45407903655065,1.49829218872532,4.95237122527596,0,0,0,0,0,0,0,0,NA,NA,SR,1918656,False
2026-27,148,Ilias Kamardine,Ole Miss,2.83260880796418,2.10392668878542,4.9365354967496,0,0,0,0,0,0,0,0,NA,NA,SR,2489402,False
2026-27,149,Miles Rubin,Tennessee,1.57570897275722,3.35817110272944,4.93388007548667,0,0,0,0,0,0,0,0,NA,NA,SR,2107312,False
2026-27,150,DeWayne Brown II,Tennessee,2.63733107096316,2.27106109716288,4.90839216812604,0,0,0,0,0,0,0,0,NA,NA,SO,2505204,False
2026-27,151,Brandon Garrison,Alabama,1.77789898095321,3.12304205438881,4.90094103534202,0,0,0,0,0,0,0,0,NA,NA,SR,2105470,False
2026-27,152,Skyy Clark,LSU,3.34050784152951,1.55955757383972,4.90006541536924,0,0,0,0,0,0,0,0,NA,NA,SR,1909629,True
2026-27,153,Jaden Henley,Grand Canyon,2.59630056113908,2.30363519331722,4.8999357544563,0,0,0,0,0,0,0,0,NA,NA,SR,1906866,True
2026-27,154,Christian Collins,USC,2.44901532738348,2.41432347024846,4.86333879763194,0,0,0,0,0,0,0,0,NA,NA,FR,218787819,False
2026-27,155,Jamichael Stillwell,Texas Tech,2.81190425735161,2.0283893750853,4.84029363243692,0,0,0,0,0,0,0,0,NA,NA,SR,2321269,True
2026-27,156,Owen Freeman,Auburn,2.20258518541938,2.63576731790748,4.83835250332687,0,0,0,0,0,0,0,0,NA,NA,SR,2113323,False
2026-27,157,Juke Harris,Tennessee,3.17773587635005,1.65538619668234,4.83312207303239,0,0,0,0,0,0,0,0,NA,NA,JR,2313602,False
2026-27,158,Caleb Foster,Duke,3.69889784677887,1.09415511902249,4.79305296580136,0,0,0,0,0,0,0,0,NA,NA,SR,2138832,False
2026-27,159,Marcio Santos,LSU,2.4327322835373,2.35784549468116,4.79057777821846,0,0,0,0,0,0,0,0,NA,NA,FR,206605608,True
2026-27,160,Killyan Toure,Iowa State,2.71560416618397,2.04975962307375,4.76536378925772,0,0,0,0,0,0,0,0,NA,NA,SO,2535039,False
2026-27,161,Ian Jackson,St. John's,3.21832622754904,1.51532376604087,4.73364999358991,0,0,0,0,0,0,0,0,NA,NA,JR,2296143,False
2026-27,162,DeSean Goode,Miami (Fla.),4.19213051785249,0.539198172028617,4.73132868988111,0,0,0,0,0,0,0,0,NA,NA,JR,2275920,False
2026-27,163,Sean Stewart,Oregon,1.60709672903177,3.10194424129998,4.70904097033176,0,0,0,0,0,0,0,0,NA,NA,SR,2138836,False
2026-27,164,Bobby Durkin,Minnesota,3.65362487126756,1.04623732765672,4.69986219892428,0,0,0,0,0,0,0,0,NA,NA,SR,2116902,False
2026-27,165,Vincent Iwuchukwu,Georgetown,2.19237748049643,2.50163466035544,4.69401214085187,0,0,0,0,0,0,0,0,NA,NA,SR,1920559,True
2026-27,166,Oswin Erhunmwunse,Creighton,1.44258557485385,3.22944811325363,4.67203368810748,0,0,0,0,0,0,0,0,NA,NA,JR,2298456,False
2026-27,167,Jalen Washington,Tennessee,2.22741664553445,2.43930015371157,4.66671679924602,0,0,0,0,0,0,0,0,NA,NA,SR,1890630,True
2026-27,168,Stefan Vaaks,Illinois,3.56867877023623,1.08743734269559,4.65611611293183,0,0,0,0,0,0,0,0,NA,NA,SO,2507005,False
2026-27,169,Joshua Dent,Saint Mary's,3.63625862678934,0.998069300975724,4.63432792776507,0,0,0,0,0,0,0,0,NA,NA,JR,2268744,False
2026-27,170,Brenen Lorient,West Virginia,2.40847483835488,2.22259835193359,4.63107319028847,0,0,0,0,0,0,0,0,NA,NA,SR,1941988,True
2026-27,171,Grayson Grove,Minnesota,1.84687882512168,2.78223034622266,4.62910917134434,0,0,0,0,0,0,0,0,NA,NA,JR,2302973,False
2026-27,172,Adam Clark,Ole Miss,2.25211712784529,2.37560593971117,4.62772306755646,0,0,0,0,0,0,0,0,NA,NA,SR,2140378,False
2026-27,173,Jed Miller,Montana State,3.46984349831258,1.15751216572289,4.62735566403547,0,0,0,0,0,0,0,0,NA,NA,SR,1924313,False
2026-27,174,Roman Domon,Murray State,3.70072275911171,0.924247379278682,4.62497013839039,0,0,0,0,0,0,0,0,NA,NA,SO,2481898,False
2026-27,175,Jasen Green,Creighton,3.34594206715859,1.26473305222615,4.61067511938474,0,0,0,0,0,0,0,0,NA,NA,SR,1908624,False
2026-27,176,Tru Washington,Xavier,2.52645443742207,2.07268486678486,4.59913930420693,0,0,0,0,0,0,0,0,NA,NA,SR,2126447,False
2026-27,177,Baye Ndongo,Pittsburgh,1.82080492440731,2.76622140788429,4.5870263322916,0,0,0,0,0,0,0,0,NA,NA,SR,2099449,False
2026-27,178,Derrion Reid,Oklahoma,3.4565479247489,1.12859255689279,4.58514048164169,0,0,0,0,0,0,0,0,NA,NA,JR,2301243,False
2026-27,179,Roko Prkačin,Penn State,2.67602166319829,1.90081006501498,4.57683172821327,0,0,0,0,0,0,0,0,NA,NA,FR,68156567,False
2026-27,180,Pharrel Payne,Maryland,3.26483737928319,1.31165969039196,4.57649706967515,0,0,0,0,0,0,0,0,NA,NA,SR,1906865,False
2026-27,181,Neoklis Avdalas,North Carolina,2.19877857361001,2.37380087840581,4.57257945201582,0,0,0,0,0,0,0,0,NA,NA,SO,2481303,False
2026-27,182,Dra Gibbs-Lawhorn,Texas Tech,3.2843489013778,1.28158439250729,4.56593329388509,0,0,0,0,0,0,0,0,NA,NA,SR,2142746,False
2026-27,183,Eric Reibe,USC,2.02749946725664,2.53776405820728,4.56526352546392,0,0,0,0,0,0,0,0,NA,NA,SO,2488802,False
2026-27,184,Cameron Ward,Michigan State,1.81059453138659,2.73654622419071,4.5471407555773,0,0,0,0,0,0,0,0,NA,NA,SO,2539349,False
2026-27,185,Nikolas Khamenia,Connecticut,2.56149751760523,1.97039421343901,4.53189173104424,0,0,0,0,0,0,0,0,NA,NA,SO,2561475,False
2026-27,186,Adrien Stevens,Marquette,2.87974270495077,1.6495903334481,4.52933303839887,0,0,0,0,0,0,0,0,NA,NA,SO,2505085,False
2026-27,187,Uriah Tenette,New Mexico,3.21400447388477,1.30322638876355,4.51723086264832,0,0,0,0,0,0,0,0,NA,NA,SO,2543851,False
2026-27,188,Baba Oladotun,Maryland,2.59344352898901,1.90342041553398,4.49686394452299,0,0,0,0,0,0,0,0,NA,NA,FR,127050659,False
2026-27,189,Aiden Argabright,Richmond,3.55357151157956,0.93472038053102,4.48829189211057,0,0,0,0,0,0,0,0,NA,NA,SO,2504998,False
2026-27,190,Mantas Rubštavičius,Auburn,3.50915286771613,0.968962203192169,4.4781150709083,0,0,0,0,0,0,0,0,NA,NA,FR,61071631,True
2026-27,191,Tarence Guinyard,Duquesne,4.09128165691045,0.370476065024093,4.46175772193454,0,0,0,0,0,0,0,0,NA,NA,SR,2311786,False
2026-27,192,Duke Brennan,Oklahoma,2.32909378123392,2.12538377119609,4.45447755243001,0,0,0,0,0,0,0,0,NA,NA,SR,1911033,True
2026-27,193,Tomislav Buljan,Maryland,2.11690842428203,2.32895611123503,4.44586453551706,0,0,0,0,0,0,0,0,NA,NA,SO,2543853,False
2026-27,194,Daniel Jacobsen,Purdue,2.38869220216823,2.04645501853909,4.43514722070732,0,0,0,0,0,0,0,0,NA,NA,JR,2334062,False
2026-27,195,Denzel Aberdeen,Florida,3.49516160878245,0.939133906596561,4.43429551537901,0,0,0,0,0,0,0,0,NA,NA,SR,1890518,True
2026-27,196,Jarin Stevenson,North Carolina,2.35967977500984,2.07254844048092,4.43222821549077,0,0,0,0,0,0,0,0,NA,NA,SR,2099741,False
2026-27,197,Delrecco Gillespie,Houston,2.17235583469941,2.25573373136026,4.42808956605966,0,0,0,0,0,0,0,0,NA,NA,SR,1908235,False
2026-27,198,Braden Frager,Nebraska,3.41578819408485,1.00268036296625,4.4184685570511,0,0,0,0,0,0,0,0,NA,NA,SO,2291433,False
2026-27,199,Devin Royal,Villanova,2.72604545739203,1.67335876192804,4.39940421932007,0,0,0,0,0,0,0,0,NA,NA,SR,2113935,False
2026-27,200,Dan Skillings Jr.,Grand Canyon,2.70251321873604,1.68989007321669,4.39240329195273,0,0,0,0,0,0,0,0,NA,NA,SR,1908265,True
2026-27,201,Mekhi Lowery,Illinois-Chicago,1.57516404482155,2.81119854023905,4.3863625850606,0,0,0,0,0,0,0,0,NA,NA,SR,2118547,False
2026-27,202,Layden Blocker,DePaul,2.033149711039,2.3524403640905,4.3855900751295,0,0,0,0,0,0,0,0,NA,NA,SR,2106196,False
2026-27,203,Markus Burton,Indiana,2.75888388803198,1.61375192386002,4.372635811892,0,0,0,0,0,0,0,0,NA,NA,SR,2092616,False
2026-27,204,Elijah Price,Nevada,1.31211030555688,3.05884587752135,4.37095618307822,0,0,0,0,0,0,0,0,NA,NA,JR,2122226,False
2026-27,205,D.J. Wagner,Maryland,3.00714906368246,1.35752470535877,4.36467376904123,0,0,0,0,0,0,0,0,NA,NA,SR,2113945,False
2026-27,206,London Jemison,Alabama,2.10105586116274,2.25791774147238,4.35897360263511,0,0,0,0,0,0,0,0,NA,NA,SO,2550732,False
2026-27,207,Jalen Haralson,Tennessee,2.34349275967504,2.01446967883328,4.35796243850832,0,0,0,0,0,0,0,0,NA,NA,SO,2483783,False
2026-27,208,Amare Bynum,Ohio State,2.30899783606074,2.04154751700223,4.35054535306297,0,0,0,0,0,0,0,0,NA,NA,SO,2487483,False
2026-27,209,Wesley Yates III,Washington,2.71783656788174,1.63085406161196,4.3486906294937,0,0,0,0,0,0,0,0,NA,NA,JR,2125360,False
2026-27,210,Donnie Freeman,St. John's,2.20126290179695,2.14580859207796,4.34707149387491,0,0,0,0,0,0,0,0,NA,NA,JR,2324480,False
2026-27,211,Pace Prosser,Siena,3.62453705158961,0.701735141930486,4.32627219352009,0,0,0,0,0,0,0,0,NA,NA,JR,70183356,False
2026-27,212,Caden Powell,Baylor,2.67457232077881,1.63805839270061,4.31263071347942,0,0,0,0,0,0,0,0,NA,NA,SR,1922031,False
2026-27,213,Drew Fielder,Alabama,2.84223468424083,1.46823829807859,4.31047298231942,0,0,0,0,0,0,0,0,NA,NA,SR,2164149,False
2026-27,214,Ace Buckner,Clemson,2.76622519245139,1.53734361399034,4.30356880644173,0,0,0,0,0,0,0,0,NA,NA,JR,2305270,False
2026-27,215,Trey Campbell,Utah,2.36637933540646,1.93338699504491,4.29976633045137,0,0,0,0,0,0,0,0,NA,NA,SR,1890297,True
2026-27,216,Mikey Lewis,Texas,3.35837296720428,0.922940121481196,4.28131308868548,0,0,0,0,0,0,0,0,NA,NA,JR,2268743,False
2026-27,217,Nathan De Sousa,Gonzaga,2.77586063455016,1.48549197295366,4.26135260750382,0,0,0,0,0,0,0,0,NA,NA,FR,127849390,False
2026-27,218,Jason Rivera-Torres,High Point,1.68807495538181,2.5708595077602,4.25893446314201,0,0,0,0,0,0,0,0,NA,NA,SR,2115437,False
2026-27,219,Dylan Faulkner,Clemson,2.27099069673393,1.98287493159355,4.25386562832748,0,0,0,0,0,0,0,0,NA,NA,SR,2122528,False
2026-27,220,Preston Edmead,NC State,4.02622742871367,0.225915933558557,4.25214336227223,0,0,0,0,0,0,0,0,NA,NA,SO,2485194,False
2026-27,221,Colby Garland,Georgia Tech,3.64708533704176,0.605011457388857,4.25209679443062,0,0,0,0,0,0,0,0,NA,NA,SR,2122220,False
2026-27,222,Aaron Bradshaw,Tennessee State,2.40142390468378,1.84755415762404,4.24897806230782,0,0,0,0,0,0,0,0,NA,NA,SR,2113942,False
2026-27,223,LeJuan Watts,Washington,2.63569909790436,1.60673624926878,4.24243534717314,0,0,0,0,0,0,0,0,NA,NA,SR,1918024,False
2026-27,224,Isaiah Brown,Florida,2.72864270920666,1.50997967035669,4.23862237956335,0,0,0,0,0,0,0,0,NA,NA,JR,2298482,False
2026-27,225,Ty Robinson,Central Arkansas,2.76372022975943,1.4737918633146,4.23751209307403,0,0,0,0,0,0,0,0,NA,NA,JR,2292837,False
2026-27,226,Michael Ruzic,LSU,1.97020273771424,2.26559595542317,4.23579869313741,0,0,0,0,0,0,0,0,NA,NA,FR,250067561,True
2026-27,227,Moustapha Thiam,Michigan,0.92140438709036,3.31063459380879,4.23203898089915,0,0,0,0,0,0,0,0,NA,NA,JR,2266075,False
2026-27,228,Nolan Minessale,Marquette,2.70222788832611,1.52575031789079,4.2279782062169,0,0,0,0,0,0,0,0,NA,NA,JR,2283310,False
2026-27,229,Bishop Boswell,Maryland,2.07859462618845,2.14554960150251,4.22414422769096,0,0,0,0,0,0,0,0,NA,NA,JR,2302225,False
2026-27,230,Cruz Davis,Texas Tech,3.00556391413256,1.20569061301761,4.21125452715017,0,0,0,0,0,0,0,0,NA,NA,SR,1890622,False
2026-27,231,Wes Enis,Creighton,3.83474858970531,0.373566249229932,4.20831483893525,0,0,0,0,0,0,0,0,NA,NA,SR,2199223,False
2026-27,232,Patrick Wessler,UNC Wilmington,2.5690707846406,1.63418595565468,4.20325674029528,0,0,0,0,0,0,0,0,NA,NA,SR,1890361,False
2026-27,233,Kashie Natt,Oklahoma State,2.58753956774673,1.6111542736588,4.19869384140553,0,0,0,0,0,0,0,0,NA,NA,SR,2550298,True
2026-27,234,Marcus Spears Jr.,Texas,1.49941658223161,2.68028205256725,4.17969863479886,0,0,0,0,0,0,0,0,NA,NA,FR,207869884,False
2026-27,235,Andre Mills,Maryland,2.65263500039924,1.52447133562581,4.17710633602505,0,0,0,0,0,0,0,0,NA,NA,JR,2319954,False
2026-27,236,Brody Robinson,Creighton,3.89155182170633,0.279774250447061,4.17132607215339,0,0,0,0,0,0,0,0,NA,NA,SR,1916730,True
2026-27,237,Jean Aranguren,George Washington,3.11126484142109,1.05444936988155,4.16571421130264,0,0,0,0,0,0,0,0,NA,NA,SR,2114130,False
2026-27,238,Sash Gavalyugov,Santa Clara,4.37467541319756,-0.212869242497284,4.16180617070027,0,0,0,0,0,0,0,0,NA,NA,SO,2302520,False
2026-27,239,Kyle Jorgensen,Colorado State,3.02425841856763,1.12839181262384,4.15265023119147,0,0,0,0,0,0,0,0,NA,NA,JR,2321363,False
2026-27,240,Tyrin Jones,UNLV,1.72555296091253,2.41447343188794,4.14002639280047,0,0,0,0,0,0,0,0,NA,NA,SO,2550758,False
2026-27,241,Logan Duncomb,Notre Dame,2.77381150908474,1.36556026461281,4.13937177369755,0,0,0,0,0,0,0,0,NA,NA,SR,1687935,False
2026-27,242,Royce Parham,Marquette,2.86171647108173,1.23852767314231,4.10024414422404,0,0,0,0,0,0,0,0,NA,NA,JR,2302587,False
2026-27,243,Cooper Koch,Iowa,3.23953238776194,0.85495420824626,4.0944865960082,0,0,0,0,0,0,0,0,NA,NA,SO,2307600,False
2026-27,244,Ty Rodgers,Boise State,2.54529373795212,1.54313720243639,4.08843094038851,0,0,0,0,0,0,0,0,NA,NA,SR,1909624,True
2026-27,245,Deron Rippey Jr.,Duke,2.34024972916304,1.74674057466509,4.08699030382813,0,0,0,0,0,0,0,0,NA,NA,FR,174170342,False
2026-27,246,Pharaoh Compton,Oregon,1.87236189881788,2.19607583292851,4.06843773174639,0,0,0,0,0,0,0,0,NA,NA,JR,2285496,False
2026-27,247,Parsa Fallah,Oklahoma State,2.98373178414419,1.08385469186898,4.06758647601317,0,0,0,0,0,0,0,0,NA,NA,SR,1727525,True
2026-27,248,Michael Nwoko,Xavier,2.34290457812951,1.72147053457053,4.06437511270003,0,0,0,0,0,0,0,0,NA,NA,SR,2118682,False
2026-27,249,Javan Buchanan,West Virginia,2.79109894376726,1.25160920311645,4.0427081468837,0,0,0,0,0,0,0,0,NA,NA,SR,2305534,True
2026-27,250,Justin Pippen,Ohio State,1.71819409644544,2.32180047197867,4.03999456842411,0,0,0,0,0,0,0,0,NA,NA,JR,2293072,False
2026-27,251,Micah Handlogten,Ole Miss,1.58747418709046,2.44820046622995,4.03567465332041,0,0,0,0,0,0,0,0,NA,NA,SR,1925052,True
2026-27,252,Dante Allen,Miami (Fla.),2.8427296809141,1.17808959795526,4.02081927886936,0,0,0,0,0,0,0,0,NA,NA,SO,2507062,False
2026-27,253,Teagan Moore,Western Kentucky,3.68795306082064,0.32508165054907,4.01303471136971,0,0,0,0,0,0,0,0,NA,NA,JR,2144344,False
2026-27,254,TJ Burch,Utah,1.9003961235292,2.10587844176822,4.00627456529742,0,0,0,0,0,0,0,0,NA,NA,JR,2292692,False
2026-27,255,Tariq Francis,Rutgers,3.72565758925161,0.276715499860973,4.00237308911258,0,0,0,0,0,0,0,0,NA,NA,SR,2117672,False
2026-27,256,Roman Siulepa,Ole Miss,2.34413074354746,1.64922138582468,3.99335212937214,0,0,0,0,0,0,0,0,NA,NA,SO,2538953,False
2026-27,257,Taylen Kinney,Kansas,2.93469851219212,1.05381097267313,3.98850948486526,0,0,0,0,0,0,0,0,NA,NA,FR,47041215,False
2026-27,258,Will Berg,Wichita State,1.77756453970838,2.20561752127789,3.98318206098626,0,0,0,0,0,0,0,0,NA,NA,SR,1911503,False
2026-27,259,Terrence Hill Jr.,Tennessee,4.31301406624315,-0.332492887821562,3.98052117842159,0,0,0,0,0,0,0,0,NA,NA,JR,2296820,False
2026-27,260,Kam Williams,Kentucky,2.35919041059446,1.61519115119966,3.97438156179412,0,0,0,0,0,0,0,0,NA,NA,JR,2289114,False
2026-27,261,Benny Gealer,Illinois-Chicago,3.08120063427226,0.888566090195494,3.96976672446775,0,0,0,0,0,0,0,0,NA,NA,SR,1903957,False
2026-27,262,Samet Yigitoglu,Indiana,1.50974718432084,2.45801345934008,3.96776064366092,0,0,0,0,0,0,0,0,NA,NA,JR,2315141,False
2026-27,263,Jordan Pope,Texas A&M,3.58482224012244,0.378237129154776,3.96305936927721,0,0,0,0,0,0,0,0,NA,NA,SR,1912255,True
2026-27,264,Rob Dockery,La Salle,1.74308895780228,2.21605665747771,3.95914561527998,0,0,0,0,0,0,0,0,NA,NA,JR,2122476,False
2026-27,265,Jayden Reid,Memphis,2.71700646260803,1.23812983187422,3.95513629448225,0,0,0,0,0,0,0,0,NA,NA,SR,2106210,False
2026-27,266,Thomas Dowd,Auburn,2.330214325304,1.61952903622636,3.94974336153036,0,0,0,0,0,0,0,0,NA,NA,SR,2114139,False
2026-27,267,Malik Mack,Providence,2.85281648928372,1.09633927495809,3.94915576424182,0,0,0,0,0,0,0,0,NA,NA,SR,2111757,False
2026-27,268,Matt Able,North Carolina,2.09020823716446,1.84467497541715,3.93488321258161,0,0,0,0,0,0,0,0,NA,NA,SO,2474419,False
2026-27,269,Seth Trimble,Louisville,2.54572444792399,1.38257077653464,3.92829522445863,0,0,0,0,0,0,0,0,NA,NA,SR,1890629,True
2026-27,270,Caden Pierce,Purdue,2.51114751467751,1.41368013107941,3.92482764575692,0,0,0,0,0,0,0,0,NA,NA,SR,1924955,False
2026-27,271,Jimmie Williams,Ohio State,2.85273837161707,1.06255997240003,3.91529834401711,0,0,0,0,0,0,0,0,NA,NA,SR,2281730,False
2026-27,272,Bryson Howard,Duke,2.50877972908346,1.40479973805979,3.91357946714325,0,0,0,0,0,0,0,0,NA,NA,FR,47449919,False
2026-27,273,Dylan Darling,Grand Canyon,2.62080763417928,1.28963484972097,3.91044248390025,0,0,0,0,0,0,0,0,NA,NA,SR,1907394,False
2026-27,274,Brice Dessert,LSU,2.1382272927514,1.77064489998795,3.90887219273935,0,0,0,0,0,0,0,0,NA,NA,FR,101163613,True
2026-27,275,Ruben Dominguez,Xavier,3.68874558169213,0.219662666020638,3.90840824771277,0,0,0,0,0,0,0,0,NA,NA,JR,2550592,False
2026-27,276,Khaden Bennett,Wyoming,2.46876733760602,1.4347473225683,3.90351466017432,0,0,0,0,0,0,0,0,NA,NA,SR,2153479,False
2026-27,277,Micah Robinson,TCU,2.57178476419439,1.31385534373077,3.88564010792516,0,0,0,0,0,0,0,0,NA,NA,JR,2305301,False
2026-27,278,Gicarri Harris,Purdue,2.39099945269014,1.49462538476299,3.88562483745313,0,0,0,0,0,0,0,0,NA,NA,JR,2334058,False
2026-27,279,Damarion Dennis,Texas Tech,3.69050700213351,0.193195907767354,3.88370290990087,0,0,0,0,0,0,0,0,NA,NA,JR,2305462,False
2026-27,280,Jalen Cox,USC,2.3654102571595,1.51442615917277,3.87983641633227,0,0,0,0,0,0,0,0,NA,NA,SR,2122310,False
2026-27,281,Zach Philipkoski,Saint Bonaventure,3.06358847791208,0.803519499465751,3.86710797737783,0,0,0,0,0,0,0,0,NA,NA,SR,180392836,False
2026-27,282,DJ Hall,Texas State,2.93460825161575,0.927452963308598,3.86206121492435,0,0,0,0,0,0,0,0,NA,NA,SO,2505169,False
2026-27,283,Braeden Smith,Notre Dame,2.88418427362614,0.955720275844331,3.83990454947047,0,0,0,0,0,0,0,0,NA,NA,SR,1916997,False
2026-27,284,J.P. Estrella,Michigan,2.79042868893088,1.03877018356591,3.8291988724968,0,0,0,0,0,0,0,0,NA,NA,JR,2092650,False
2026-27,285,Dre Kindell,Drake,2.76208203131958,1.06358266017823,3.82566469149781,0,0,0,0,0,0,0,0,NA,NA,SR,2483435,False
2026-27,286,Mercy Miller,Houston,2.58848676473522,1.22827765938734,3.81676442412256,0,0,0,0,0,0,0,0,NA,NA,JR,2287715,False
2026-27,287,Sonny Wilson,South Florida,3.50251682070014,0.310289455697583,3.81280627639772,0,0,0,0,0,0,0,0,NA,NA,SR,2121782,False
2026-27,288,Sebastian Williams-Adams,Vanderbilt,1.68165435792269,2.12882383063566,3.81047818855835,0,0,0,0,0,0,0,0,NA,NA,SO,2547354,False
2026-27,289,James Scott,Georgia,1.33059316589225,2.46930907729031,3.79990224318256,0,0,0,0,0,0,0,0,NA,NA,SR,2106724,False
2026-27,290,Patton Pinkins,Ole Miss,3.67666197146782,0.121948969464599,3.79861094093242,0,0,0,0,0,0,0,0,NA,NA,SO,2489406,False
2026-27,291,Karter Knox,Louisville,2.24634557651271,1.54328195441467,3.78962753092738,0,0,0,0,0,0,0,0,NA,NA,JR,2302258,False
2026-27,292,Eoin Dillon,Belmont,4.12501032055174,-0.336885773672261,3.78812454687948,0,0,0,0,0,0,0,0,NA,NA,SO,2311323,False
2026-27,293,Jake Hall,New Mexico,3.86368657019661,-0.08342923916529,3.78025733103132,0,0,0,0,0,0,0,0,NA,NA,SO,2543854,False
2026-27,294,Kanye Clary,Oklahoma State,2.90243309365425,0.877681223359651,3.7801143170139,0,0,0,0,0,0,0,0,NA,NA,SR,1895925,False
2026-27,295,Karson Templin,Utah State,2.16017138040686,1.61951037404936,3.77968175445622,0,0,0,0,0,0,0,0,NA,NA,SR,2120108,False
2026-27,296,Jeremiah Wilkinson,Arkansas,3.13827761444332,0.635359265418962,3.77363687986229,0,0,0,0,0,0,0,0,NA,NA,JR,2291238,False
2026-27,297,Jaylen Lawal,Tulsa,3.53390503981724,0.239624776361798,3.77352981617904,0,0,0,0,0,0,0,0,NA,NA,SO,2540543,False
2026-27,298,Ryan Beasley,Washington,2.78160518523655,0.991542636922981,3.77314782215953,0,0,0,0,0,0,0,0,NA,NA,SR,2169496,False
2026-27,299,Rashaud Marshall,Austin Peay,2.71680454835967,1.05612550063231,3.77293004899199,0,0,0,0,0,0,0,0,NA,NA,SR,2098126,False
2026-27,300,Kaden House,Maryland,2.11520474208258,1.65315938054227,3.76836412262485,0,0,0,0,0,0,0,0,NA,NA,FR,181751498,False
2026-27,301,Nick Anderson,San Diego State,3.5567511028087,0.211337041993514,3.76808814480221,0,0,0,0,0,0,0,0,NA,NA,SR,1952830,False
2026-27,302,Urban Klavzar,Florida,3.85586814833252,-0.10474152015693,3.75112662817559,0,0,0,0,0,0,0,0,NA,NA,SR,2298478,False
2026-27,303,Kevair Kennedy,Wake Forest,2.47300834131406,1.27330775193664,3.74631609325069,0,0,0,0,0,0,0,0,NA,NA,SO,2566998,False
2026-27,304,Elijah Crawford,Villanova,2.46832276239607,1.2540241816916,3.72234694408767,0,0,0,0,0,0,0,0,NA,NA,JR,2293406,False
2026-27,305,Bruce Branch III,BYU,2.01777355950906,1.70151563565346,3.71928919516253,0,0,0,0,0,0,0,0,NA,NA,FR,51773594,False
2026-27,306,Noah Meeusen,DePaul,1.75059850820577,1.96812806495394,3.7187265731597,0,0,0,0,0,0,0,0,NA,NA,JR,2548118,False
2026-27,307,N.J. Benson,Georgetown,1.8594800357508,1.85789909534098,3.71737913109178,0,0,0,0,0,0,0,0,NA,NA,SR,1909613,True
2026-27,308,Ade Popoola,DePaul,2.44204021836675,1.26842599605392,3.71046621442066,0,0,0,0,0,0,0,0,NA,NA,SR,2540544,False
2026-27,309,Layne Taylor,Arkansas State,3.77234297675521,-0.0712862371059661,3.70105673964925,0,0,0,0,0,0,0,0,NA,NA,JR,2292842,False
2026-27,310,CJ Brown,High Point,2.13284714398229,1.56597371479745,3.69882085877974,0,0,0,0,0,0,0,0,NA,NA,JR,2281732,False
2026-27,311,Amari Evans,Texas,1.37096972954276,2.32010806237171,3.69107779191446,0,0,0,0,0,0,0,0,NA,NA,SO,2505201,False
2026-27,312,Isaac Hawkins,Utah Valley,1.96260370037463,1.72820622564049,3.69080992601512,0,0,0,0,0,0,0,0,NA,NA,SR,2543932,False
2026-27,313,Sam Orme,Nebraska,2.57367937326615,1.10982071824627,3.68350009151242,0,0,0,0,0,0,0,0,NA,NA,JR,2113900,False
2026-27,314,Tyler Johnson,Virginia Tech,2.20820658297718,1.47519811747789,3.68340470045507,0,0,0,0,0,0,0,0,NA,NA,JR,2296069,False
2026-27,315,Jack Benter,Purdue,2.78866789999362,0.893211324112476,3.6818792241061,0,0,0,0,0,0,0,0,NA,NA,SO,2334059,False
2026-27,316,Isaia Howard,Iowa,1.43007233383735,2.24936595589636,3.67943828973371,0,0,0,0,0,0,0,0,NA,NA,JR,2317319,False
2026-27,317,Isaac Williams,Baylor,2.58474199358827,1.09292072675969,3.67766272034797,0,0,0,0,0,0,0,0,NA,NA,JR,2305466,False
2026-27,318,Rakim Chaney,Valparaiso,2.32381027471775,1.3516083473941,3.67541862211185,0,0,0,0,0,0,0,0,NA,NA,SO,2536612,False
2026-27,319,Juslin Bodo Bodo,Baylor,0.978384464660128,2.69235133830633,3.67073580296645,0,0,0,0,0,0,0,0,NA,NA,SR,2110397,False
2026-27,320,Jaxon Richardson,Alabama,1.67810998296454,1.97627895747303,3.65438894043756,0,0,0,0,0,0,0,0,NA,NA,FR,253719907,False
2026-27,321,Jaylen Curry,Virginia Tech,2.54210763509124,1.10863262663269,3.65074026172393,0,0,0,0,0,0,0,0,NA,NA,SR,2140323,False
2026-27,322,Arafan Diané,Houston,1.59540085117758,2.05479845674179,3.65019930791936,0,0,0,0,0,0,0,0,NA,NA,FR,219877376,False
2026-27,323,Nikola Kusturica,UCLA,2.09591987292274,1.55326653023617,3.64918640315891,0,0,0,0,0,0,0,0,NA,NA,FR,238201283,False
2026-27,324,Tyrone Riley IV,Oregon,2.41582396608906,1.23274049136048,3.64856445744954,0,0,0,0,0,0,0,0,NA,NA,JR,2322770,False
2026-27,325,Joaquim Boumtje Boumtje,Duke,2.07521340860186,1.5634579080295,3.63867131663136,0,0,0,0,0,0,0,0,NA,NA,FR,183851945,False
2026-27,326,JJ Mandaquit,Arizona,2.06460096352128,1.57046837278691,3.63506933630819,0,0,0,0,0,0,0,0,NA,NA,SO,2532529,False
2026-27,327,Josh Reed,Penn State,2.63254796555483,0.994463767403062,3.62701173295789,0,0,0,0,0,0,0,0,NA,NA,SR,1908270,True
2026-27,328,Jack Smiley,Belmont,3.97307643019359,-0.347970756128229,3.62510567406536,0,0,0,0,0,0,0,0,NA,NA,SO,2472976,False
2026-27,329,Abdou Toure,Arkansas,1.90995850975548,1.71311241231308,3.62307092206856,0,0,0,0,0,0,0,0,NA,NA,FR,50430839,False
2026-27,330,Jayden Ross,Connecticut,1.74372770059996,1.86954407560974,3.6132717762097,0,0,0,0,0,0,0,0,NA,NA,SR,2106201,False
2026-27,331,Dillon Battie,Wichita State,1.79425936101709,1.81295657441778,3.60721593543487,0,0,0,0,0,0,0,0,NA,NA,JR,2287296,False
2026-27,332,BJ Davis,Creighton,2.12035300731074,1.48412070724019,3.60447371455093,0,0,0,0,0,0,0,0,NA,NA,SR,2092594,False
2026-27,333,Kellen Thames,Saint Louis,2.40016269422943,1.2017162176735,3.60187891190294,0,0,0,0,0,0,0,0,NA,NA,SR,1927078,False
2026-27,334,Mateo Esmeraldo,Lipscomb,3.67073663322801,-0.0698517551460757,3.60088487808193,0,0,0,0,0,0,0,0,NA,NA,SR,1932452,False
2026-27,335,Madden Collins,American,2.6187430400246,0.981987434848279,3.60073047487288,0,0,0,0,0,0,0,0,NA,NA,SO,2478256,False
2026-27,336,Austin Herro,St. Thomas (MN),1.64661462406061,1.93704978208156,3.58366440614217,0,0,0,0,0,0,0,0,NA,NA,JR,2092473,False
2026-27,337,JJ Andrews,Arkansas,1.83603184874787,1.73006622629976,3.56609807504763,0,0,0,0,0,0,0,0,NA,NA,FR,171278209,False
2026-27,338,Jaiden Feroah,Southern Utah,2.66337097295145,0.896608060902158,3.55997903385361,0,0,0,0,0,0,0,0,NA,NA,SR,2299341,False
2026-27,339,Baraka Okojie,George Mason,2.5281846894242,1.02171357265853,3.54989826208273,0,0,0,0,0,0,0,0,NA,NA,SR,2118623,False
2026-27,340,Austin Goosby,Texas,1.64610207572147,1.89492652071573,3.5410285964372,0,0,0,0,0,0,0,0,NA,NA,FR,220833304,False
2026-27,341,Baye Fall,Fresno State,1.47390521724467,2.06345206729122,3.5373572845359,0,0,0,0,0,0,0,0,NA,NA,SR,2106203,False
2026-27,342,Jamier Jones,Missouri,2.12882479183276,1.40417247997348,3.53299727180624,0,0,0,0,0,0,0,0,NA,NA,SO,2507004,False
2026-27,343,Julius Halaifonua,Oklahoma State,2.31832243742513,1.21244541391121,3.53076785133634,0,0,0,0,0,0,0,0,NA,NA,JR,2313804,False
2026-27,344,Benjamin Bill,Saint Bonaventure,2.88469406061179,0.639047739760767,3.52374180037256,0,0,0,0,0,0,0,0,NA,NA,JR,109605587,False
2026-27,345,Vyctorius Miller,Georgetown,2.51383678216693,0.996895661158331,3.51073244332526,0,0,0,0,0,0,0,0,NA,NA,JR,2281241,False
2026-27,346,Jake West,Northwestern,2.77055702857752,0.739709998665471,3.51026702724299,0,0,0,0,0,0,0,0,NA,NA,SO,2567229,False
2026-27,347,Jelani Hamilton,Florida Atlantic,2.47705096863492,1.03291800558106,3.50996897421599,0,0,0,0,0,0,0,0,NA,NA,JR,2099044,False
2026-27,348,Colben Landrew,Connecticut,2.57864815014562,0.925736650555775,3.5043848007014,0,0,0,0,0,0,0,0,NA,NA,FR,209650495,False
2026-27,349,Filip Jovic,UCLA,2.34470000942579,1.15828945947988,3.50298946890567,0,0,0,0,0,0,0,0,NA,NA,SO,2547352,False
2026-27,350,Kyle Evans,NC State,1.36586374660094,2.13697815007868,3.50284189667963,0,0,0,0,0,0,0,0,NA,NA,SR,1921996,False
2026-27,351,Trey Green,Saint Louis,3.70067217373846,-0.212503126055905,3.48816904768255,0,0,0,0,0,0,0,0,NA,NA,JR,2149050,False
2026-27,352,Lazar Djokovic,VCU,2.07459134382394,1.41338699475305,3.48797833857698,0,0,0,0,0,0,0,0,NA,NA,SR,2149054,False
2026-27,353,Xavier Booker,UCLA,2.10712032954215,1.38031507629846,3.48743540584061,0,0,0,0,0,0,0,0,NA,NA,SR,2119936,False
2026-27,354,Bassala Bagayoko,Texas Tech,1.63740527487475,1.84190434638011,3.47930962125486,0,0,0,0,0,0,0,0,NA,NA,FR,124349104,False
2026-27,355,Chase McCarty,Houston,2.14746118481896,1.3246291786443,3.47209036346326,0,0,0,0,0,0,0,0,NA,NA,SO,2287714,False
2026-27,356,Jordan Burks,Oklahoma State,2.3023001066948,1.16492883526513,3.46722894195993,0,0,0,0,0,0,0,0,NA,NA,SR,2113946,False
2026-27,357,Arrinten Page,Providence,1.23888956068015,2.2213971704497,3.46028673112984,0,0,0,0,0,0,0,0,NA,NA,SR,2110386,False
2026-27,358,Anthony Thompson,Ohio State,1.94814451184787,1.50457975030778,3.45272426215565,0,0,0,0,0,0,0,0,NA,NA,FR,179801767,False
2026-27,359,Martin Somerville,West Virginia,2.83431779747048,0.618126199213452,3.45244399668393,0,0,0,0,0,0,0,0,NA,NA,JR,2334355,False
2026-27,360,Ryan Mela,Providence,2.07367853516038,1.37788057170607,3.45155910686645,0,0,0,0,0,0,0,0,NA,NA,JR,2298454,False
2026-27,361,John Bol,UCF,0.932065600520512,2.50634509460414,3.43841069512465,0,0,0,0,0,0,0,0,NA,NA,JR,2287024,False
2026-27,362,TJ Power,Penn,2.23016900528234,1.19564733768766,3.42581634297001,0,0,0,0,0,0,0,0,NA,NA,SR,2138835,False
2026-27,363,Sebastian Rancik,Florida State,1.43890503787847,1.98686068586521,3.42576572374368,0,0,0,0,0,0,0,0,NA,NA,JR,2317067,False
2026-27,364,MJ Collins,Cincinnati,2.9962345968485,0.429340053476978,3.42557465032547,0,0,0,0,0,0,0,0,NA,NA,SR,1890359,True
2026-27,365,Elijah Fisher,Seton Hall,1.35421864724901,2.06470180799807,3.41892045524709,0,0,0,0,0,0,0,0,NA,NA,SR,1924201,True
2026-27,366,Toni Bryant,Missouri,1.15106249190469,2.26718960681175,3.41825209871644,0,0,0,0,0,0,0,0,NA,NA,FR,224961647,False
2026-27,367,Elijah Perryman,Cincinnati,1.6302780328667,1.7807735290136,3.4110515618803,0,0,0,0,0,0,0,0,NA,NA,SO,2531885,False
2026-27,368,Christian Gurdak,Rutgers,1.66782369609855,1.74016797988673,3.40799167598528,0,0,0,0,0,0,0,0,NA,NA,SO,2481295,False
2026-27,369,Amir Taylor,Kennesaw State,2.27413118321914,1.12709898851918,3.40123017173832,0,0,0,0,0,0,0,0,NA,NA,SO,2540435,False
2026-27,370,Finley Bizjack,West Virginia,3.13918290435079,0.259682347486012,3.3988652518368,0,0,0,0,0,0,0,0,NA,NA,SR,2092579,False
2026-27,371,Tijan Saine Jr.,Florida International,4.17426694601188,-0.779623224440501,3.39464372157138,0,0,0,0,0,0,0,0,NA,NA,SR,1914182,False
2026-27,372,Bryson Tiller,Missouri,0.431359664018572,2.96229320112916,3.39365286514773,0,0,0,0,0,0,0,0,NA,NA,SO,2483807,False
2026-27,373,Eli Ellis,College of Charleston,3.26880207722564,0.122284747271414,3.39108682449705,0,0,0,0,0,0,0,0,NA,NA,SO,2480429,False
2026-27,374,Landen Joseph,Dayton,2.60193841640934,0.789056936819847,3.39099535322919,0,0,0,0,0,0,0,0,NA,NA,SO,2560961,False
2026-27,375,Trent Pierce,Missouri,2.29071815189615,1.0991794211271,3.38989757302325,0,0,0,0,0,0,0,0,NA,NA,SR,2113364,False
2026-27,376,Josh Ojianwuna,Ohio State,1.99043063142999,1.39590895771194,3.38633958914193,0,0,0,0,0,0,0,0,NA,NA,SR,1930677,False
2026-27,377,Massamba Diop,Gonzaga,1.0557062646357,2.32544866524153,3.38115492987724,0,0,0,0,0,0,0,0,NA,NA,SO,2548107,False
2026-27,378,Jamichael Davis,Rutgers,1.96103164233476,1.41565943201504,3.3766910743498,0,0,0,0,0,0,0,0,NA,NA,SR,2106177,False
2026-27,379,Ethan Potter,Utah Tech,3.26493439561336,0.110813391360693,3.37574778697405,0,0,0,0,0,0,0,0,NA,NA,SR,1949299,False
2026-27,380,Je'Shawn Stevenson,North Texas,2.16661973247178,1.19816602333705,3.36478575580883,0,0,0,0,0,0,0,0,NA,NA,JR,2301675,False
2026-27,381,Dai Dai Ames,Tennessee,2.44900891938916,0.913965048449112,3.36297396783827,0,0,0,0,0,0,0,0,NA,NA,SR,2115343,False
2026-27,382,Sam Lewis,Virginia,2.8527698014201,0.510117146583893,3.36288694800399,0,0,0,0,0,0,0,0,NA,NA,SR,2121784,False
2026-27,383,Kur Teng,Michigan State,2.0902667498404,1.27041738648435,3.36068413632475,0,0,0,0,0,0,0,0,NA,NA,JR,2313668,False
2026-27,384,Ishan Sharma,Saint Louis,3.59673086937153,-0.237912522157525,3.35881834721401,0,0,0,0,0,0,0,0,NA,NA,JR,2292851,False
2026-27,385,Jeremiah Jones,Lamar,1.31577849742459,2.03358304547944,3.34936154290402,0,0,0,0,0,0,0,0,NA,NA,SR,75438405,False
2026-27,386,Makaih Williams,Grand Canyon,2.2783394672811,1.06977130882488,3.34811077610598,0,0,0,0,0,0,0,0,NA,NA,SR,2143492,False
2026-27,387,Aidan Cammann,Stanford,1.88061989776529,1.43572831538136,3.31634821314665,0,0,0,0,0,0,0,0,NA,NA,JR,2092659,False
2026-27,388,Trey Parker,Seton Hall,0.783120857403486,2.52892695524473,3.31204781264822,0,0,0,0,0,0,0,0,NA,NA,JR,2291870,False
2026-27,389,Styles Phipps,Nevada,2.20160490458551,1.10523833008661,3.30684323467211,0,0,0,0,0,0,0,0,NA,NA,JR,2283671,False
2026-27,390,Braeden Shrewsberry,Notre Dame,3.08336184507867,0.218992352883299,3.30235419796197,0,0,0,0,0,0,0,0,NA,NA,SR,2092613,False
2026-27,391,Jasper Johnson,Oregon,2.66710843954173,0.634596263409391,3.30170470295113,0,0,0,0,0,0,0,0,NA,NA,SO,2506864,False
2026-27,392,Obinna Ekezie Jr.,Louisville,1.01014055446326,2.28888692877538,3.29902748323864,0,0,0,0,0,0,0,0,NA,NA,FR,910095,False
2026-27,393,Drew Scharnowski,Duke,1.97237079454699,1.32435660576665,3.29672740031365,0,0,0,0,0,0,0,0,NA,NA,JR,2113899,False
2026-27,394,Jamarion Batemon,Iowa State,3.05564857490652,0.23836483372329,3.29401340862981,0,0,0,0,0,0,0,0,NA,NA,SO,2535036,False
2026-27,395,Christian Bliss,Stanford,2.11922373933555,1.15475930136925,3.2739830407048,0,0,0,0,0,0,0,0,NA,NA,SR,2097929,False
2026-27,396,Pavle Nikolic,Murray State,2.03774868489662,1.22692312491795,3.26467180981457,0,0,0,0,0,0,0,0,NA,NA,FR,148122509,False
2026-27,397,Ace Glass lll,Vanderbilt,2.94615554388264,0.316626605886298,3.26278214976894,0,0,0,0,0,0,0,0,NA,NA,SO,2506887,False
2026-27,398,Rodney Rice,USC,3.07460130336642,0.185353184263054,3.25995448762948,0,0,0,0,0,0,0,0,NA,NA,SR,1890358,False
2026-27,399,Austin Swartz,Creighton,3.0688868435225,0.186817641696579,3.25570448521908,0,0,0,0,0,0,0,0,NA,NA,JR,2319602,False
2026-27,400,Reed Bailey,St. John's,2.3692899745234,0.882408826877077,3.25169880140048,0,0,0,0,0,0,0,0,NA,NA,SR,1925899,True
2026-27,401,Jahmere Tripp,Rhode Island,1.48044610204806,1.77105152303715,3.2514976250852,0,0,0,0,0,0,0,0,NA,NA,SR,2107313,False
2026-27,402,Maximo Adams,North Carolina,2.27337138050713,0.972270253308432,3.24564163381557,0,0,0,0,0,0,0,0,NA,NA,FR,192537252,False
2026-27,403,Luigi Suigo,Villanova,1.56010053383249,1.67143918211522,3.23153971594771,0,0,0,0,0,0,0,0,NA,NA,FR,229004903,False
2026-27,404,Berke Buyuktuncel,Vanderbilt,0.933020966782126,2.29129127064989,3.22431223743201,0,0,0,0,0,0,0,0,NA,NA,SR,2106221,False
2026-27,405,Rikus Schulte,Fordham,1.76149278691524,1.4580699293927,3.21956271630794,0,0,0,0,0,0,0,0,NA,NA,SR,2116919,False
2026-27,406,Lamar Washington,Boise State,1.50247094357973,1.71326400804362,3.21573495162335,0,0,0,0,0,0,0,0,NA,NA,SR,1924192,True
2026-27,407,Tyler Tejada,Cincinnati,2.51504488882516,0.692843372185229,3.20788826101039,0,0,0,0,0,0,0,0,NA,NA,SR,2118559,False
2026-27,408,Jahari Long,Wichita State,2.59932132569857,0.59590337162665,3.19522469732522,0,0,0,0,0,0,0,0,NA,NA,SR,1599913,False
2026-27,409,Jayden Ndjigue,Massachusetts,1.52823436484468,1.66506878318916,3.19330314803383,0,0,0,0,0,0,0,0,NA,NA,SR,2152574,False
2026-27,410,Luka Bogavac,Oklahoma State,2.54441059058698,0.632482417780977,3.17689300836796,0,0,0,0,0,0,0,0,NA,NA,SR,2506302,False
2026-27,411,Dillon Claussen,Liberty,2.27251170383044,0.899896247936179,3.17240795176662,0,0,0,0,0,0,0,0,NA,NA,JR,45321586,False
2026-27,412,Jake Wilkins,California,1.44908274720301,1.72324094193209,3.17232368913511,0,0,0,0,0,0,0,0,NA,NA,SO,2477836,False
2026-27,413,Vasean Allette,Long Island,1.43435910761948,1.73515901979749,3.16951812741697,0,0,0,0,0,0,0,0,NA,NA,SR,2134258,False
2026-27,414,Freddie Dilione V,Georgia,1.97196806408608,1.19542461734182,3.1673926814279,0,0,0,0,0,0,0,0,NA,NA,SR,2092649,False
2026-27,415,Derek Dixon,Arizona,3.0542911464013,0.111053973078392,3.16534511947969,0,0,0,0,0,0,0,0,NA,NA,SO,2506567,False
2026-27,416,T.O. Barrett,Vanderbilt,1.52557744652759,1.63380283525834,3.15938028178593,0,0,0,0,0,0,0,0,NA,NA,JR,2300862,False
2026-27,417,Owen Foxwell,Wisconsin,2.59489568576973,0.564193362140094,3.15908904790982,0,0,0,0,0,0,0,0,NA,NA,FR,236759272,False
2026-27,418,Luke Ertel,Purdue,1.7336067685077,1.42468395589009,3.15829072439779,0,0,0,0,0,0,0,0,NA,NA,FR,161889544,False
2026-27,419,Johnny Kinziger,Illinois State,2.51039003818713,0.645837075906292,3.15622711409342,0,0,0,0,0,0,0,0,NA,NA,SR,2097921,False
2026-27,420,Dwayne Aristode,Oregon,2.15193559865985,1.002315160924,3.15425075958385,0,0,0,0,0,0,0,0,NA,NA,SO,2478064,False
2026-27,421,De'Shayne Montgomery,Louisville,1.13172160953165,2.02227169771035,3.153993307242,0,0,0,0,0,0,0,0,NA,NA,SR,2118540,False
2026-27,422,Eduardo Klafke,Butler,1.78231480148378,1.36891289413733,3.15122769562111,0,0,0,0,0,0,0,0,NA,NA,JR,2287025,False
2026-27,423,Lee Dort,California,0.918122466202154,2.23109311923863,3.14921558544079,0,0,0,0,0,0,0,0,NA,NA,SR,1897592,False
2026-27,424,Aaron McBride,Loyola Marymount,1.52139162728694,1.62719251025678,3.14858413754373,0,0,0,0,0,0,0,0,NA,NA,SR,2099457,False
2026-27,425,Dominykas Pleta,Iowa State,2.15586658086287,0.990443306736854,3.14630988759972,0,0,0,0,0,0,0,0,NA,NA,SO,2535038,False
2026-27,426,Kenny Noland,Michigan,3.04966439212724,0.0961709633103993,3.14583535543764,0,0,0,0,0,0,0,0,NA,NA,SR,1954553,True
2026-27,427,Izan Almansa,Gonzaga,2.15631961390772,0.988436523368055,3.14475613727577,0,0,0,0,0,0,0,0,NA,NA,FR,10887455,False
2026-27,428,Quentin Jones,Saint Louis,1.40114450532243,1.73512477174547,3.1362692770679,0,0,0,0,0,0,0,0,NA,NA,SR,2120119,False
2026-27,429,Isaac Davis,Utah Valley,2.49077973462711,0.641904441132514,3.13268417575962,0,0,0,0,0,0,0,0,NA,NA,JR,2333228,False
2026-27,430,Kolby King,Auburn,2.31291941385783,0.818585905410871,3.13150531926871,0,0,0,0,0,0,0,0,NA,NA,SR,1908698,True
2026-27,431,Trevian Carson,Cincinnati,2.13847327594923,0.991451807369313,3.12992508331855,0,0,0,0,0,0,0,0,NA,NA,SR,2547286,False
2026-27,432,David Terrell Jr.,SMU,1.52095935101543,1.60339552882987,3.1243548798453,0,0,0,0,0,0,0,0,NA,NA,SR,2144227,False
2026-27,433,Jevon Porter,Loyola Marymount,1.70235192787786,1.41767547776348,3.12002740564135,0,0,0,0,0,0,0,0,NA,NA,SR,1917659,False
2026-27,434,Narcisse Ngoy,Auburn,0.111419988339966,3.00802738088215,3.11944736922211,0,0,0,0,0,0,0,0,NA,NA,FR,56548989,False
2026-27,435,Jason Crowe Jr.,Missouri,2.68873549233776,0.429181439585954,3.11791693192371,0,0,0,0,0,0,0,0,NA,NA,FR,58161451,False
2026-27,436,Jake Fiegen,Villanova,3.28767211827743,-0.172381880447126,3.1152902378303,0,0,0,0,0,0,0,0,NA,NA,SR,2125882,False
2026-27,437,Andrija Jelavic,Ohio State,1.18621947486104,1.92629007682175,3.11250955168278,0,0,0,0,0,0,0,0,NA,NA,SO,2506861,False
2026-27,438,AJ Storr,UNLV,2.03360359551811,1.07372727194958,3.10733086746769,0,0,0,0,0,0,0,0,NA,NA,SR,1908697,False
2026-27,439,Jake Davis,Illinois,2.9869463449701,0.112601952312929,3.09954829728303,0,0,0,0,0,0,0,0,NA,NA,SR,2161320,False
2026-27,440,Leon Bond III,Iowa State,1.67422625559328,1.41390908617818,3.08813534177146,0,0,0,0,0,0,0,0,NA,NA,SR,1895643,False
2026-27,441,Myles Rigsby,Tulsa,1.79469547172791,1.28002315137958,3.0747186231075,0,0,0,0,0,0,0,0,NA,NA,SR,2114144,False
2026-27,442,Pop Isaacs,Oklahoma,2.61025347282061,0.462356592442143,3.07261006526276,0,0,0,0,0,0,0,0,NA,NA,SR,1924195,False
2026-27,443,Terrance Arceneaux,George Washington,1.20544129872995,1.85442313140874,3.05986443013869,0,0,0,0,0,0,0,0,NA,NA,SR,1890527,False
2026-27,444,Jalen Reece,Texas A&M,2.24877207528545,0.798696792551453,3.0474688678369,0,0,0,0,0,0,0,0,NA,NA,SO,2486086,False
2026-27,445,Michael Belle,VCU,1.38101577140308,1.65794108792865,3.03895685933173,0,0,0,0,0,0,0,0,NA,NA,SR,2113970,False
2026-27,446,Fredrick King,Creighton,1.60630515113722,1.43225741813143,3.03856256926865,0,0,0,0,0,0,0,0,NA,NA,SR,1908634,True
2026-27,447,Anderson Diaz,Alabama,1.39410541793267,1.6438188624537,3.03792428038637,0,0,0,0,0,0,0,0,NA,NA,FR,153845300,False
2026-27,448,Oskar Giltay,Connecticut,0.169961224682912,2.85587322933187,3.02583445401478,0,0,0,0,0,0,0,0,NA,NA,SO,2484137,False
2026-27,449,Dink Pate,Providence,1.71153249472258,1.31390338546783,3.02543588019041,0,0,0,0,0,0,0,0,NA,NA,FR,67830771,True
2026-27,450,Conrad Luczynski,Central Michigan,1.57409512915213,1.44740152843694,3.02149665758907,0,0,0,0,0,0,0,0,NA,NA,SR,33141905,False
2026-27,451,Bangot Dak,Vanderbilt,0.700531031700908,2.3185790573847,3.01911008908561,0,0,0,0,0,0,0,0,NA,NA,SR,2139331,False
2026-27,452,Hank Alvey,Lehigh,1.80636970989161,1.21129898496753,3.01766869485914,0,0,0,0,0,0,0,0,NA,NA,JR,2313906,False
2026-27,453,Sencire Harris,Eastern Michigan,0.319363759002881,2.69722362081784,3.01658737982072,0,0,0,0,0,0,0,0,NA,NA,SR,1909620,False
2026-27,454,Justin Neely,Colorado,2.16394307733899,0.851264303536565,3.01520738087556,0,0,0,0,0,0,0,0,NA,NA,SR,1723517,False
2026-27,455,Sadiq White Jr.,Syracuse,0.840089847830532,2.1738026715193,3.01389251934983,0,0,0,0,0,0,0,0,NA,NA,SO,2531808,False
2026-27,456,Money Williams,Boston College,1.81308731417747,1.1951683892864,3.00825570346387,0,0,0,0,0,0,0,0,NA,NA,SR,2125498,False
2026-27,457,Miikka Muurinen,Arkansas,1.66096998647733,1.34574891881588,3.00671890529321,0,0,0,0,0,0,0,0,NA,NA,FR,265028010,False
2026-27,458,Taylor Bol Bowen,Oregon,0.660930492336951,2.34392143465158,3.00485192698853,0,0,0,0,0,0,0,0,NA,NA,SR,2120172,False
2026-27,459,Evan Otten,Arizona,0.0659278279276893,2.93880806547265,3.00473589340034,0,0,0,0,0,0,0,0,NA,NA,JR,2092803,False
2026-27,460,Jordan Marsh,Temple,2.07171806692848,0.932208199072974,3.00392626600145,0,0,0,0,0,0,0,0,NA,NA,SR,2127610,False
2026-27,461,Mackenzie Mgbako,Texas A&M,2.09616315728912,0.906729411679331,3.00289256896845,0,0,0,0,0,0,0,0,NA,NA,SR,2099639,False
2026-27,462,Dezdrick Lindsay,Kansas State,1.46776373781932,1.53386290516334,3.00162664298266,0,0,0,0,0,0,0,0,NA,NA,SR,2306694,False
2026-27,463,Gavin Griffiths,Temple,0.965287032391396,2.03590729639269,3.00119432878408,0,0,0,0,0,0,0,0,NA,NA,SR,2107279,False
2026-27,464,Cian Medley,East Carolina,1.91354135980427,1.08089886335813,2.9944402231624,0,0,0,0,0,0,0,0,NA,NA,SR,2134408,False
2026-27,465,Drayton Jones,Butler,1.33153258172607,1.66153182304211,2.99306440476819,0,0,0,0,0,0,0,0,NA,NA,SR,2153852,False
2026-27,466,Jordan Frison,Wichita State,2.96874555177911,0.0198102141549565,2.98855576593406,0,0,0,0,0,0,0,0,NA,NA,SR,2126360,False
2026-27,467,Keyshuan Tillery,Charlotte,1.58825945579171,1.39910967988893,2.98736913568064,0,0,0,0,0,0,0,0,NA,NA,SO,2492970,False
2026-27,468,Kory Mincy,South Carolina,2.4627197148443,0.520965854964408,2.98368556980871,0,0,0,0,0,0,0,0,NA,NA,SR,2150477,False
2026-27,469,Gavin Doty,Syracuse,3.00879458705869,-0.0274243566503584,2.98137023040834,0,0,0,0,0,0,0,0,NA,NA,JR,2311541,False
2026-27,470,Javan Simmons,Ohio,3.12344483700377,-0.147831564863833,2.97561327213994,0,0,0,0,0,0,0,0,NA,NA,SR,1891869,False
2026-27,471,Terrence Brown,North Carolina,1.78497448121777,1.1887428031851,2.97371728440287,0,0,0,0,0,0,0,0,NA,NA,SR,2092097,False
2026-27,472,Ryan Prather Jr.,Iowa State,3.43345095302611,-0.468335457090429,2.96511549593568,0,0,0,0,0,0,0,0,NA,NA,SR,1949209,False
2026-27,473,Asim Djulovic,Butler,2.1933672674905,0.770310746479254,2.96367801396975,0,0,0,0,0,0,0,0,NA,NA,FR,81544445,False
2026-27,474,Nasir Meyer,Wyoming,2.62112962031123,0.339035784251403,2.96016540456264,0,0,0,0,0,0,0,0,NA,NA,SO,2506840,False
2026-27,475,Fred Payne,Oregon,1.90993999444861,1.04789587144309,2.9578358658917,0,0,0,0,0,0,0,0,NA,NA,JR,2128760,False
2026-27,476,Samuel Dada,Western Carolina,1.92736087358856,1.01850830363267,2.94586917722123,0,0,0,0,0,0,0,0,NA,NA,SO,2473112,False
2026-27,477,Camden Heide,South Carolina,2.29653342707736,0.646278072163135,2.9428114992405,0,0,0,0,0,0,0,0,NA,NA,SR,1911497,False
2026-27,478,Robert Hinton,Harvard,2.39212309370676,0.541002345030048,2.93312543873681,0,0,0,0,0,0,0,0,NA,NA,JR,2292701,False
2026-27,479,Cale Jacobsen,Nebraska,0.859539619892741,2.06122750813949,2.92076712803223,0,0,0,0,0,0,0,0,NA,NA,SR,1898629,False
2026-27,480,LJ Wells,Louisville,1.41603160421121,1.50160369418988,2.91763529840109,0,0,0,0,0,0,0,0,NA,NA,SR,1926386,True
2026-27,481,Zach Clemence,Texas A&M,1.56860045600072,1.34851294067809,2.91711339667881,0,0,0,0,0,0,0,0,NA,NA,SR,1702381,False
2026-27,482,Jase Butler,Colorado State,2.54710314045458,0.369608851506065,2.91671199196064,0,0,0,0,0,0,0,0,NA,NA,JR,2319829,False
2026-27,483,Zyree Collins,Austin Peay,1.78454916489942,1.1271053530989,2.91165451799832,0,0,0,0,0,0,0,0,NA,NA,SO,2474113,False
2026-27,484,Semetri (TT) Carr,California,2.32479548553472,0.57637017315979,2.90116565869451,0,0,0,0,0,0,0,0,NA,NA,SO,2507001,False
2026-27,485,Ben Defty,Arizona State,1.71752572985371,1.18022380790606,2.89774953775977,0,0,0,0,0,0,0,0,NA,NA,JR,2304748,False
2026-27,486,Amari McCottry,Saint Louis,0.611787002411954,2.27885994358411,2.89064694599606,0,0,0,0,0,0,0,0,NA,NA,JR,2325457,False
2026-27,487,L.J. Cason,Miami (Fla.),2.10986240205648,0.780390126187817,2.8902525282443,0,0,0,0,0,0,0,0,NA,NA,JR,2293069,False
2026-27,488,Azavier Robinson,UCLA,1.05801326968666,1.83133429571976,2.88934756540642,0,0,0,0,0,0,0,0,NA,NA,SO,2472770,False
2026-27,489,Angelo Ciaravino,Northwestern,1.55436152596299,1.33156639117556,2.88592791713855,0,0,0,0,0,0,0,0,NA,NA,JR,2279824,False
2026-27,490,Colin Porter,Marquette,2.60949658395467,0.275428323653617,2.88492490760829,0,0,0,0,0,0,0,0,NA,NA,SR,1909863,True
2026-27,491,Isaac Garrett,High Point,1.73963820619307,1.13693151241673,2.8765697186098,0,0,0,0,0,0,0,0,NA,NA,SR,2474144,False
2026-27,492,Nils Machowski,Connecticut,2.30105353217831,0.572338496267173,2.87339202844548,0,0,0,0,0,0,0,0,NA,NA,SR,2106183,False
2026-27,493,Chauncey Wiggins,Gonzaga,2.28101975539279,0.577230715753453,2.85825047114624,0,0,0,0,0,0,0,0,NA,NA,SR,1925546,True
2026-27,494,Qayden Samuels,Alabama,1.58943883670726,1.26585701932916,2.85529585603641,0,0,0,0,0,0,0,0,NA,NA,FR,150392671,False
2026-27,495,Eian Elmer,Wisconsin,1.27729901257308,1.57124317601264,2.84854218858572,0,0,0,0,0,0,0,0,NA,NA,SR,2137339,False
2026-27,496,Ahmad Nowell,VCU,2.21646464712983,0.626611079490005,2.84307572661983,0,0,0,0,0,0,0,0,NA,NA,JR,2313593,False
2026-27,497,Jaylen Crocker-Johnson,Minnesota,1.39348500764987,1.44605805095778,2.83954305860765,0,0,0,0,0,0,0,0,NA,NA,SR,2146970,False
2026-27,498,Xzavion Mitchell,Iowa State,1.98274929825384,0.842513473388699,2.82526277164254,0,0,0,0,0,0,0,0,NA,NA,SO,2535040,False
2026-27,499,Trey Autry,Wisconsin,2.66866006189018,0.155630504509927,2.82429056640011,0,0,0,0,0,0,0,0,NA,NA,SR,2099644,False
2026-27,500,Jaland Lowe,Georgetown,1.80352577764441,1.0180313192004,2.82155709684481,0,0,0,0,0,0,0,0,NA,NA,SR,2093107,False
2026-27,501,Caleb Williams,Georgetown,2.18509973290849,0.632691269596027,2.81779100250452,0,0,0,0,0,0,0,0,NA,NA,JR,2313798,False
2026-27,502,Brandin Cummings,Memphis,3.17646555165098,-0.360140804562893,2.81632474708809,0,0,0,0,0,0,0,0,NA,NA,JR,2295729,False
2026-27,503,Ousmane N'Diaye,Kentucky,0.871743987428581,1.94454870783716,2.81629269526574,0,0,0,0,0,0,0,0,NA,NA,FR,196744254,False
2026-27,504,Kennard Davis Jr.,Missouri,1.87371393193378,0.935442848071895,2.80915678000568,0,0,0,0,0,0,0,0,NA,NA,SR,2113939,False
2026-27,505,KK Robinson,New Mexico State,1.9183755666301,0.888582569381171,2.80695813601127,0,0,0,0,0,0,0,0,NA,NA,SR,1596219,False
2026-27,506,MJ Williams,Longwood,1.86555396128973,0.941348408160346,2.80690236945007,0,0,0,0,0,0,0,0,NA,NA,SO,2550852,False
2026-27,507,Tyshawn Archie,Texas A&M,2.00114224333692,0.802567132342031,2.80370937567895,0,0,0,0,0,0,0,0,NA,NA,SR,2126509,False
2026-27,508,Eli Sancomb,Liberty,1.74377082628605,1.05042314799921,2.79419397428526,0,0,0,0,0,0,0,0,NA,NA,FR,50373097,False
2026-27,509,Luke Bamgboye,TCU,-0.0441921783489924,2.83399533771441,2.78980315936541,0,0,0,0,0,0,0,0,NA,NA,JR,2296822,False
2026-27,510,Jaylen Carey,Missouri,1.59216041999571,1.1968819498298,2.78904236982551,0,0,0,0,0,0,0,0,NA,NA,SR,2119886,False
2026-27,511,Josh Scovens,Davidson,2.36707993185197,0.420396260660164,2.78747619251213,0,0,0,0,0,0,0,0,NA,NA,SR,2143635,False
2026-27,512,Antwone Woolfolk,Miami (OH),0.487433212615232,2.30000061306538,2.78743382568061,0,0,0,0,0,0,0,0,NA,NA,SR,1890511,False
2026-27,513,Riley Allenspach,Cincinnati,2.73891490876078,0.0463704373246184,2.7852853460854,0,0,0,0,0,0,0,0,NA,NA,SR,2106230,False
2026-27,514,Tanner Cuff,Hawaii,1.19781639428303,1.58694406032277,2.78476045460579,0,0,0,0,0,0,0,0,NA,NA,SR,2143523,False
2026-27,515,Lucas Sekasi,Quinnipiac,1.7666598978135,1.01805498831265,2.78471488612615,0,0,0,0,0,0,0,0,NA,NA,JR,250095603,False
2026-27,516,Christian Hammond,NC State,2.53454262207442,0.249684145412934,2.78422676748735,0,0,0,0,0,0,0,0,NA,NA,JR,2110376,False
2026-27,517,RJ Johnson,Mississippi State,2.18064160280474,0.598784551317429,2.77942615412216,0,0,0,0,0,0,0,0,NA,NA,SR,2142719,False
2026-27,518,Isiah Harwell,Gonzaga,0.74697841883616,2.02853515338387,2.77551357222003,0,0,0,0,0,0,0,0,NA,NA,SO,2505098,False
2026-27,519,Chendall Weaver,Houston,1.91193271415384,0.863002003043326,2.77493471719717,0,0,0,0,0,0,0,0,NA,NA,SR,1908684,True
2026-27,520,Dallis Dillard,Temple,1.91979078273496,0.848157540943865,2.76794832367882,0,0,0,0,0,0,0,0,NA,NA,SR,149185319,False
2026-27,521,Brady Koehler,Notre Dame,0.603786289148093,2.16044490138188,2.76423119052997,0,0,0,0,0,0,0,0,NA,NA,SO,2483782,False
2026-27,522,Hudson Mayes,New Mexico,1.82256391861502,0.939599575136325,2.76216349375134,0,0,0,0,0,0,0,0,NA,NA,SO,2505186,False
2026-27,523,Evan Chatman,Baylor,1.47457053465707,1.2838335475545,2.75840408221157,0,0,0,0,0,0,0,0,NA,NA,SR,2491800,False
2026-27,524,Francis Folefac,Syracuse,1.31692779784509,1.44128198014851,2.75820977799359,0,0,0,0,0,0,0,0,NA,NA,SO,2506627,False
2026-27,525,Kayvaun Mulready,Georgetown,1.40701053798008,1.34828955955471,2.75530009753479,0,0,0,0,0,0,0,0,NA,NA,JR,2313816,False
2026-27,526,Andrew McKeever,Iowa,1.05902499482081,1.69414457508343,2.75316956990424,0,0,0,0,0,0,0,0,NA,NA,SR,2125382,False
2026-27,527,Narit Chotikavanic,Stephen F. Austin,2.74007462667139,0.0114001976508812,2.75147482432227,0,0,0,0,0,0,0,0,NA,NA,JR,2339605,False
2026-27,528,Keith McKnight,Quinnipiac,1.9815429741114,0.769672757415768,2.75121573152716,0,0,0,0,0,0,0,0,NA,NA,SO,2559867,False
2026-27,529,Luke Skaljac,Miami (OH),2.51947972556422,0.231634695927139,2.75111442149136,0,0,0,0,0,0,0,0,NA,NA,JR,2320431,False
2026-27,530,Emmanuel Innocenti,Arizona State,1.3018697859756,1.44539357315924,2.74726335913484,0,0,0,0,0,0,0,0,NA,NA,SR,2128752,False
2026-27,531,David Fuchs,Clemson,1.64672553729301,1.09287773539729,2.73960327269029,0,0,0,0,0,0,0,0,NA,NA,SR,2125980,False
2026-27,532,Jeremy Dent-Smith,Saint Mary's,2.38989179115202,0.342411493978673,2.73230328513069,0,0,0,0,0,0,0,0,NA,NA,SR,1937073,False
2026-27,533,George Kimble III,Auburn,1.60816616693533,1.11512736672764,2.72329353366298,0,0,0,0,0,0,0,0,NA,NA,SR,2155942,False
2026-27,534,MJ Thomas,UNLV,1.57321880222178,1.1487491219984,2.72196792422018,0,0,0,0,0,0,0,0,NA,NA,JR,2329985,False
2026-27,535,Carey Booth,Colorado State,1.8305827418802,0.891311869544567,2.72189461142477,0,0,0,0,0,0,0,0,NA,NA,SR,2092614,False
2026-27,536,Andrew Osasuyi,Georgia,0.300844135719665,2.41558230064048,2.71642643636014,0,0,0,0,0,0,0,0,NA,NA,SO,2541349,False
2026-27,537,Khadim Mboup,BYU,-0.0513163642948819,2.75819177735161,2.70687541305672,0,0,0,0,0,0,0,0,NA,NA,JR,2385968,False
2026-27,538,Jalen Haynes,Dayton,1.06248749081151,1.64307829953812,2.70556579034963,0,0,0,0,0,0,0,0,NA,NA,SR,1689901,False
2026-27,539,Latrell Allmond,Oklahoma State,0.560200297868362,2.13891097073126,2.69911126859962,0,0,0,0,0,0,0,0,NA,NA,FR,81610223,False
2026-27,540,Jovan Milicevic,Xavier,2.6529257670915,0.0435336142486351,2.69645938134014,0,0,0,0,0,0,0,0,NA,NA,JR,2316938,False
2026-27,541,Andy Stefonowicz,North Dakota State,2.71867140067038,-0.022455892789388,2.69621550788099,0,0,0,0,0,0,0,0,NA,NA,JR,2313628,False
2026-27,542,Dylan Williamson,Rhode Island,2.88601647161061,-0.196901527273921,2.68911494433669,0,0,0,0,0,0,0,0,NA,NA,SR,1909402,False
2026-27,543,Elmarko Jackson,Georgetown,0.983494364581284,1.70486250189545,2.68835686647674,0,0,0,0,0,0,0,0,NA,NA,SR,2119864,False
2026-27,544,Bukky Oboye,Auburn,0.895123031504327,1.793043140543,2.68816617204732,0,0,0,0,0,0,0,0,NA,NA,JR,2110377,False
2026-27,545,Aiden Tobiason,Syracuse,2.50573219644642,0.182247381880234,2.68797957832666,0,0,0,0,0,0,0,0,NA,NA,JR,2287297,False
2026-27,546,Alton Hamilton IV,Eastern Washington,2.39094324708973,0.287603724353348,2.67854697144307,0,0,0,0,0,0,0,0,NA,NA,SR,2550531,False
2026-27,547,Khani Rooths,Oklahoma,0.484752947013993,2.18491079608444,2.66966374309844,0,0,0,0,0,0,0,0,NA,NA,JR,2299058,False
2026-27,548,Julius Thedford,Memphis,1.5973322843876,1.06698852050461,2.66432080489221,0,0,0,0,0,0,0,0,NA,NA,JR,2335763,False
2026-27,549,Corey Hadnot II,Houston,1.79546114768689,0.865804912929388,2.66126606061628,0,0,0,0,0,0,0,0,NA,NA,SR,2143876,False
2026-27,550,Will Heimbrodt,Seattle,-0.525359902025768,3.17209695774733,2.64673705572157,0,0,0,0,0,0,0,0,NA,NA,JR,2113991,False
2026-27,551,Tunde Vahlberg Fasasi,New Mexico,1.67132699657039,0.973903005988513,2.6452300025589,0,0,0,0,0,0,0,0,NA,NA,SR,2117211,False
2026-27,552,Myles Colvin,Cincinnati,1.38805377928867,1.24981504274806,2.63786882203673,0,0,0,0,0,0,0,0,NA,NA,SR,2106197,False
2026-27,553,Simeon Wilcher,Seton Hall,1.11869316368526,1.51885552201154,2.63754868569679,0,0,0,0,0,0,0,0,NA,NA,SR,2112487,False
2026-27,554,JT Rock,Kansas State,0.78506459866684,1.85208259847499,2.63714719714183,0,0,0,0,0,0,0,0,NA,NA,JR,2099048,False
2026-27,555,Tanner Toolson,TCU,2.1271922941978,0.508000344900758,2.63519263909856,0,0,0,0,0,0,0,0,NA,NA,SR,1906893,False
2026-27,556,Petar Majstorovic,Pepperdine,1.5153735780832,1.11858684343207,2.63396042151527,0,0,0,0,0,0,0,0,NA,NA,JR,2324482,False
2026-27,557,Vaughn Weems,Nevada,1.97277831561099,0.659257668859464,2.63203598447046,0,0,0,0,0,0,0,0,NA,NA,SR,2545403,False
2026-27,558,Tylen Riley,Cincinnati,1.64748502647218,0.978463141930009,2.62594816840219,0,0,0,0,0,0,0,0,NA,NA,SR,2090936,False
2026-27,559,Jaion Pitt,Pacific,1.58272553208957,1.04220353190263,2.62492906399221,0,0,0,0,0,0,0,0,NA,NA,SO,2539103,False
2026-27,560,Amir Lindsey,Fordham,3.05686911249293,-0.439106868889867,2.61776224360306,0,0,0,0,0,0,0,0,NA,NA,JR,2284666,False
2026-27,561,Shaun Arnold,Tennessee Tech,0.637032928184088,1.96930362672158,2.60633655490567,0,0,0,0,0,0,0,0,NA,NA,SR,37987352,False
2026-27,562,Carter Bjerke,St. Thomas (MN),2.68044695388881,-0.0779365332017015,2.6025104206871,0,0,0,0,0,0,0,0,NA,NA,SR,1950221,False
2026-27,563,Efe Demirel,Grand Canyon,1.00555998325384,1.5956718067503,2.60123179000414,0,0,0,0,0,0,0,0,NA,NA,SO,2478447,False
2026-27,564,Rytis Petraitis,New Mexico,1.36959087434446,1.22851268723974,2.5981035615842,0,0,0,0,0,0,0,0,NA,NA,SR,1921647,False
2026-27,565,Darius Adams,NC State,1.37079557079451,1.21665776609238,2.58745333688689,0,0,0,0,0,0,0,0,NA,NA,SO,2532367,False
2026-27,566,Sayon Keita,North Carolina,1.40084227334987,1.1767649537442,2.57760722709407,0,0,0,0,0,0,0,0,NA,NA,FR,70732681,False
2026-27,567,Christian Jeffrey,Loyola Chicago,1.97849595663622,0.593596507832339,2.57209246446856,0,0,0,0,0,0,0,0,NA,NA,SO,2539390,False
2026-27,568,Anthony Felesi,Oklahoma State,1.13399004112957,1.43465269458171,2.56864273571129,0,0,0,0,0,0,0,0,NA,NA,FR,155897461,False
2026-27,569,Christian Reeves,Kansas,0.786765035619399,1.78098514629571,2.56775018191511,0,0,0,0,0,0,0,0,NA,NA,SR,1917803,False
2026-27,570,Brandon Benjamin,Boston College,1.82187358881542,0.745761581879694,2.56763517069511,0,0,0,0,0,0,0,0,NA,NA,SO,2471917,False
2026-27,571,Caleb Gaskins,Miami (Fla.),1.37666324831224,1.18401759108105,2.56068083939329,0,0,0,0,0,0,0,0,NA,NA,FR,15781173,False
2026-27,572,Victor Valdes,Georgia Tech,1.1704011354388,1.38097594322689,2.55137707866569,0,0,0,0,0,0,0,0,NA,NA,SR,2114182,False
2026-27,573,Tre Singleton,Iowa State,0.882752151397728,1.66523922529931,2.54799137669704,0,0,0,0,0,0,0,0,NA,NA,SO,2567231,False
2026-27,574,Liutauras Lelevicius,Clemson,2.77925950994563,-0.238709911107272,2.54054959883836,0,0,0,0,0,0,0,0,NA,NA,SR,2349342,False
2026-27,575,DaKari Spear,Texas Tech,2.17676805330674,0.363294525838866,2.5400625791456,0,0,0,0,0,0,0,0,NA,NA,FR,254462874,False
2026-27,576,Quinn Woidke,Kent State,2.63764218091559,-0.0980987039924176,2.53954347692317,0,0,0,0,0,0,0,0,NA,NA,SO,2550195,False
2026-27,577,Trent Noah,Kentucky,1.48261977556707,1.05592481648739,2.53854459205447,0,0,0,0,0,0,0,0,NA,NA,JR,2319783,False
2026-27,578,Mark Padjen,Murray State,1.95647671940022,0.567529628139159,2.52400634753937,0,0,0,0,0,0,0,0,NA,NA,FR,155941049,False
2026-27,579,Dillan Shaw,Arizona State,1.34087184813538,1.17421985677995,2.51509170491533,0,0,0,0,0,0,0,0,NA,NA,SO,2505024,False
2026-27,580,Trey Williams Jr,Missouri State,2.9344789450843,-0.430616933367064,2.50386201171724,0,0,0,0,0,0,0,0,NA,NA,SO,2535235,False
2026-27,581,Jovan Jester Jr.,UC Irvine,-0.177442262218865,2.67781092338105,2.50036866116219,0,0,0,0,0,0,0,0,NA,NA,SO,2282262,False
2026-27,582,Quinn Costello,Michigan,1.49583102657979,1.00275202909788,2.49858305567767,0,0,0,0,0,0,0,0,NA,NA,FR,241312445,False
2026-27,583,Treysen Eaglestaff,UC San Diego,1.61621093879153,0.881764795436622,2.49797573422815,0,0,0,0,0,0,0,0,NA,NA,SR,1925460,False
2026-27,584,Ben Henshall,Ole Miss,1.57955532079652,0.917940542045764,2.49749586284228,0,0,0,0,0,0,0,0,NA,NA,FR,172090778,False
2026-27,585,Damon Wilkinson,Nebraska,2.07442612464094,0.420273637391563,2.49469976203251,0,0,0,0,0,0,0,0,NA,NA,JR,2099294,False
2026-27,586,AJ Casey,Evansville,1.31821419613277,1.1750845584926,2.49329875462537,0,0,0,0,0,0,0,0,NA,NA,SR,1945154,False
2026-27,587,Tristan Reed,Mississippi State,0.0931919848545669,2.39591590506332,2.48910788991788,0,0,0,0,0,0,0,0,NA,NA,FR,153344538,False
2026-27,588,Darryl Simmons II,Villanova,2.55795089698972,-0.0771324771640513,2.48081841982567,0,0,0,0,0,0,0,0,NA,NA,SR,2126150,False
2026-27,589,Jadis Jones,USC,1.92405157774497,0.554960685342065,2.47901226308704,0,0,0,0,0,0,0,0,NA,NA,JR,2319958,False
2026-27,590,Jaden Schutt,Kansas State,2.4400463631822,0.0361096600735029,2.4761560232557,0,0,0,0,0,0,0,0,NA,NA,SR,1917801,False
2026-27,591,Avantae Parker,Queens,0.820620179164188,1.65039496170893,2.47101514087312,0,0,0,0,0,0,0,0,NA,NA,SR,2106234,False
2026-27,592,Tyler Spratt,Detroit,2.16424357340677,0.295574639097169,2.45981821250394,0,0,0,0,0,0,0,0,NA,NA,SO,2301672,False
2026-27,593,Braden East,Houston,0.984915898648936,1.46757407986077,2.45248997850971,0,0,0,0,0,0,0,0,NA,NA,JR,2331483,False
2026-27,594,Franck Kepnang,Kentucky,-0.214116382054209,2.66080595193725,2.44668956988304,0,0,0,0,0,0,0,0,NA,NA,SR,1622140,False
2026-27,595,Travis Perry,Dayton,1.47154663121147,0.973190378236241,2.44473700944771,0,0,0,0,0,0,0,0,NA,NA,JR,2319784,False
2026-27,596,Mister Dean,UCF,0.997109324376234,1.44747852771608,2.44458785209232,0,0,0,0,0,0,0,0,NA,NA,JR,2345224,False
2026-27,597,Abdramane Siby,Syracuse,1.32190425576348,1.11725120742068,2.43915546318416,0,0,0,0,0,0,0,0,NA,NA,FR,268029899,False
2026-27,598,Cooper Campbell,Liberty,2.98524379169483,-0.547947456719869,2.43729633497496,0,0,0,0,0,0,0,0,NA,NA,JR,2318962,False
2026-27,599,Christian Jones,Murray State,1.57169144866297,0.858774827388299,2.43046627605127,0,0,0,0,0,0,0,0,NA,NA,JR,2099647,False
2026-27,600,Jeremiah Jenkins,Brown,0.928842580254767,1.50005615084078,2.42889873109554,0,0,0,0,0,0,0,0,NA,NA,JR,2287288,False
2026-27,601,Sharron Young,Western Kentucky,1.97006846942557,0.458367095957558,2.42843556538313,0,0,0,0,0,0,0,0,NA,NA,JR,2266042,False
2026-27,602,Kareem Stagg,Georgia,1.01700569150643,1.39981234913337,2.4168180406398,0,0,0,0,0,0,0,0,NA,NA,SO,2477835,False
2026-27,603,Omer Mayer,Purdue,2.28342703362931,0.132348016305937,2.41577504993525,0,0,0,0,0,0,0,0,NA,NA,SO,2486713,False
2026-27,604,JT Pettigrew,Valparaiso,1.1556256410319,1.2596505041439,2.4152761451758,0,0,0,0,0,0,0,0,NA,NA,SO,2536614,False
2026-27,605,Isaac Traudt,Creighton,2.5315272515143,-0.118325765909229,2.41320148560508,0,0,0,0,0,0,0,0,NA,NA,SR,1895641,False
2026-27,606,JJ Starling,Buffalo,1.57768282869108,0.82601311309893,2.40369594179001,0,0,0,0,0,0,0,0,NA,NA,SR,1890469,False
2026-27,607,Brandon Fussell,Samford,1.99405848388691,0.405213472096155,2.39927195598307,0,0,0,0,0,0,0,0,NA,NA,SR,99713660,False
2026-27,608,Corey Stephenson,Ole Miss,1.5609608403028,0.835109878577509,2.39607071888031,0,0,0,0,0,0,0,0,NA,NA,SR,2113986,True
2026-27,609,Todd Brogna,Merrimack,1.63227206561855,0.75634719656287,2.38861926218142,0,0,0,0,0,0,0,0,NA,NA,SR,2140414,False
2026-27,610,Jaeden Mustaf,Indiana,1.68524914060622,0.702886101421306,2.38813524202752,0,0,0,0,0,0,0,0,NA,NA,JR,2304014,False
2026-27,611,Tajuan Simpkins,Mississippi State,1.33896756286157,1.04637570525,2.38534326811156,0,0,0,0,0,0,0,0,NA,NA,JR,2302557,False
2026-27,612,Jackson Hicke,Princeton,2.2573572206451,0.122087517304105,2.37944473794921,0,0,0,0,0,0,0,0,NA,NA,SR,2124861,False
2026-27,613,Alijah Arenas,USC,1.10297662875968,1.27448953328115,2.37746616204083,0,0,0,0,0,0,0,0,NA,NA,SO,2485210,False
2026-27,614,Danny Carbuccia,Massachusetts,2.08764884529871,0.283817652490406,2.37146649778912,0,0,0,0,0,0,0,0,NA,NA,SO,2472222,False
2026-27,615,Brady Shoulders,Mercer,1.35564445498884,1.01478490761137,2.37042936260021,0,0,0,0,0,0,0,0,NA,NA,JR,2313611,False
2026-27,616,Jaiden Glover-Toscano,Saint Joseph's,1.91210510179613,0.45423024999939,2.36633535179552,0,0,0,0,0,0,0,0,NA,NA,JR,2322672,False
2026-27,617,Anton Bonke,Michigan State,0.630621618019541,1.73435486948009,2.36497648749963,0,0,0,0,0,0,0,0,NA,NA,SR,2298431,False
2026-27,618,Mark Morano,Syracuse,1.27076964449146,1.094129550586,2.36489919507746,0,0,0,0,0,0,0,0,NA,NA,FR,126272891,False
2026-27,619,Dasonte Bowen,Penn State,1.81362036901845,0.546664331075911,2.36028470009436,0,0,0,0,0,0,0,0,NA,NA,SR,1896057,False
2026-27,620,Cooper Bowser,Arkansas,1.57199672737025,0.785806020938594,2.35780274830884,0,0,0,0,0,0,0,0,NA,NA,SR,2146838,False
2026-27,621,Corey Chest,McNeese State,-0.0318738169367536,2.38887841152321,2.35700459458645,0,0,0,0,0,0,0,0,NA,NA,JR,2098798,False
2026-27,622,Ty'Reek Coleman,Iowa,1.48942408123215,0.858877408846856,2.34830149007901,0,0,0,0,0,0,0,0,NA,NA,SO,2481868,False
2026-27,623,Alex Wilkins,Kentucky,1.62392859864316,0.722645668350992,2.34657426699415,0,0,0,0,0,0,0,0,NA,NA,SO,2495558,False
2026-27,624,Connor Igoe,Columbia,1.75291961036049,0.592750258497397,2.34566986885789,0,0,0,0,0,0,0,0,NA,NA,SO,2492587,False
2026-27,625,Tahj Staveskie,Akron,2.38472636702537,-0.0411137456461475,2.34361262137923,0,0,0,0,0,0,0,0,NA,NA,SR,1697774,False
2026-27,626,Langston Reynolds,Northern Colorado,1.613888726617,0.728874776978454,2.34276350359545,0,0,0,0,0,0,0,0,NA,NA,SR,1913192,False
2026-27,627,Dayton Forsythe,Oklahoma,2.30785494808249,0.0299690737332445,2.33782402181573,0,0,0,0,0,0,0,0,NA,NA,JR,2280425,False
2026-27,628,Bryce Lindsay,Indiana,2.73289452484158,-0.395665576542109,2.33722894829947,0,0,0,0,0,0,0,0,NA,NA,JR,2122481,False
2026-27,629,Jordan Ross,California,1.61707947293092,0.719901991620494,2.33698146455142,0,0,0,0,0,0,0,0,NA,NA,SR,2125384,False
2026-27,630,Cedric Taylor III,Howard,1.39283679937865,0.939559036043871,2.33239583542252,0,0,0,0,0,0,0,0,NA,NA,SR,2160905,False
2026-27,631,Tae Simmons,San Diego State,1.46488914436161,0.866577250435115,2.33146639479672,0,0,0,0,0,0,0,0,NA,NA,SO,2487207,False
2026-27,632,Babacar Faye,Utah,1.34469947114545,0.981954773684749,2.3266542448302,0,0,0,0,0,0,0,0,NA,NA,SR,1733231,False
2026-27,633,Nick Janowski,Davidson,2.77471615937851,-0.449229616557717,2.32548654282079,0,0,0,0,0,0,0,0,NA,NA,SO,2291439,False
2026-27,634,Brayden Fagbemi,UC Davis,1.71780517124173,0.607125964384424,2.32493113562615,0,0,0,0,0,0,0,0,NA,NA,SR,2153918,False
2026-27,635,Tyler Rolison,Southeastern Louisiana,1.64778131024488,0.676193199134522,2.3239745093794,0,0,0,0,0,0,0,0,NA,NA,SR,2096210,False
2026-27,636,Davion Thompson,Arkansas,2.23945692491664,0.0836969319516166,2.32315385686825,0,0,0,0,0,0,0,0,NA,NA,FR,19814052,False
2026-27,637,Kohl Rosario,Kansas,1.70895625443485,0.610945909553787,2.31990216398864,0,0,0,0,0,0,0,0,NA,NA,SO,2483810,False
2026-27,638,Tey Barbour,Harvard,2.61117163341748,-0.292015046917876,2.3191565864996,0,0,0,0,0,0,0,0,NA,NA,JR,2292721,False
2026-27,639,Adrian Myers,James Madison,1.42461520528964,0.885384256059542,2.30999946134918,0,0,0,0,0,0,0,0,NA,NA,JR,2125124,False
2026-27,640,Pape N'Diaye,Kansas State,0.253281788235788,2.05470852940999,2.30799031764578,0,0,0,0,0,0,0,0,NA,NA,JR,2345782,False
2026-27,641,Kellen Pickett,Wright State,1.02290955345963,1.27777819618508,2.30068774964471,0,0,0,0,0,0,0,0,NA,NA,SO,2472215,False
2026-27,642,Declan Wucherpfennig,Fairfield,2.47319044931187,-0.174726386398098,2.29846406291378,0,0,0,0,0,0,0,0,NA,NA,SO,2501054,False
2026-27,643,Darren Buchanan Jr.,Rutgers,1.55500880828271,0.743253348702693,2.29826215698541,0,0,0,0,0,0,0,0,NA,NA,SR,1890360,False
2026-27,644,Will Hornseth,Utah State,1.75565551687646,0.537170493447787,2.29282601032425,0,0,0,0,0,0,0,0,NA,NA,JR,2279660,False
2026-27,645,Koree Cotton,DePaul,0.629109556002841,1.66217291012747,2.29128246613031,0,0,0,0,0,0,0,0,NA,NA,SR,2112507,False
2026-27,646,Jordan Ellerbee,Butler,1.98209131731753,0.308848562444958,2.29093987976249,0,0,0,0,0,0,0,0,NA,NA,SO,2535041,False
2026-27,647,Tate Sage,Iowa,2.42856915370937,-0.138012260148107,2.29055689356127,0,0,0,0,0,0,0,0,NA,NA,SO,2505015,False
2026-27,648,Marvin McGhee IV,UC Santa Barbara,1.7071657309942,0.578020452104053,2.28518618309825,0,0,0,0,0,0,0,0,NA,NA,SR,2303088,False
2026-27,649,Andrej Shoshkikj,South Florida,1.50585372155951,0.776345506514521,2.28219922807403,0,0,0,0,0,0,0,0,NA,NA,SO,2477828,False
2026-27,650,Jaylin Stewart,SMU,1.49353159143203,0.788102617200994,2.28163420863303,0,0,0,0,0,0,0,0,NA,NA,SR,2106198,False
2026-27,651,Stephon Payne III,New Mexico State,0.237237392905442,2.04065967586309,2.27789706876853,0,0,0,0,0,0,0,0,NA,NA,SR,1925164,False
2026-27,652,Lucas Morillo,Illinois,1.04979222193189,1.22571506182905,2.27550728376094,0,0,0,0,0,0,0,0,NA,NA,FR,72760416,False
2026-27,653,RJ Keene,NC State,1.05546160209088,1.21926194073891,2.27472354282979,0,0,0,0,0,0,0,0,NA,NA,SR,1705249,False
2026-27,654,TJ Williams,Wichita State,1.64795294284257,0.618141790968498,2.26609473381107,0,0,0,0,0,0,0,0,NA,NA,SO,2281211,False
2026-27,655,Tyler Lundblade,Tennessee,3.41345155251543,-1.15723993888001,2.25621161363542,0,0,0,0,0,0,0,0,NA,NA,SR,1705470,False
2026-27,656,Brigham Rogers,Murray State,1.14019263588881,1.11349492539296,2.25368756128177,0,0,0,0,0,0,0,0,NA,NA,SR,2113901,False
2026-27,657,Austin Maurer,Stanford,0.552102897641118,1.70143684912777,2.25353974676888,0,0,0,0,0,0,0,0,NA,NA,JR,2283672,False
2026-27,658,Evan Ramsey,Wofford,1.05553785465054,1.19262414946116,2.2481620041117,0,0,0,0,0,0,0,0,NA,NA,JR,230777803,False
2026-27,659,Jayden Hastings,Cincinnati,-0.371072687052826,2.6183697026428,2.24729701558998,0,0,0,0,0,0,0,0,NA,NA,JR,2128761,False
2026-27,660,Kahmare Holmes,DePaul,1.61755461912873,0.623712865693073,2.2412674848218,0,0,0,0,0,0,0,0,NA,NA,JR,2285477,False
2026-27,661,Kalen Garry,South Dakota State,2.09384315092047,0.14652440092784,2.24036755184831,0,0,0,0,0,0,0,0,NA,NA,SR,1897865,False
2026-27,662,Gus Yalden,Vermont,2.5090319089198,-0.27142795285903,2.23760395606077,0,0,0,0,0,0,0,0,NA,NA,JR,2093088,False
2026-27,663,Kolton Mitchell,Ohio,1.93744323024387,0.300127506842384,2.23757073708625,0,0,0,0,0,0,0,0,NA,NA,JR,2092791,False
2026-27,664,Shon Abaev,Florida State,1.01663467670382,1.20657239116278,2.2232070678666,0,0,0,0,0,0,0,0,NA,NA,SO,2492962,False
2026-27,665,Cayden Vasko,UCF,1.3346380958112,0.885373242315337,2.22001133812653,0,0,0,0,0,0,0,0,NA,NA,SR,2110219,False
2026-27,666,Jared Turner,Old Dominion,2.00903969773392,0.210297171517619,2.21933686925154,0,0,0,0,0,0,0,0,NA,NA,SR,1889834,False
2026-27,667,Bo Ogden,Texas,1.55227381023391,0.661449721934541,2.21372353216845,0,0,0,0,0,0,0,0,NA,NA,FR,125900197,False
2026-27,668,Rob Diaz,North Dakota State,1.32739955285423,0.886296714759128,2.21369626761336,0,0,0,0,0,0,0,0,NA,NA,SR,2172905,False
2026-27,669,Žak Smrekar,Boston College,1.24923381269034,0.963568125879231,2.21280193856957,0,0,0,0,0,0,0,0,NA,NA,FR,127605173,False
2026-27,670,Frankquon Sherman,High Point,0.944248462476065,1.26144867003733,2.20569713251339,0,0,0,0,0,0,0,0,NA,NA,SR,2142730,False
2026-27,671,Ikenna Alozie,Houston,0.890079888833655,1.31550466272477,2.20558455155843,0,0,0,0,0,0,0,0,NA,NA,FR,166182377,False
2026-27,672,Marcis Ponder,Florida State,0.225436916788525,1.9771184900174,2.20255540680592,0,0,0,0,0,0,0,0,NA,NA,FR,222397714,False
2026-27,673,Kyler D'Augustino,Ohio,2.73342931586992,-0.533819394838689,2.19960992103123,0,0,0,0,0,0,0,0,NA,NA,SR,2173111,False
2026-27,674,"Jamie Kaiser, Jr.",Richmond,1.42235244768613,0.776286181753254,2.19863862943939,0,0,0,0,0,0,0,0,NA,NA,JR,2110182,False
2026-27,675,Terrance Ford Jr.,UNLV,1.88761039183078,0.310436242139701,2.19804663397048,0,0,0,0,0,0,0,0,NA,NA,SR,1910988,False
2026-27,676,AJ Levine,Penn,0.495599030484285,1.70097175559429,2.19657078607858,0,0,0,0,0,0,0,0,NA,NA,JR,2313806,False
2026-27,677,Arterio Morris,Tennessee State,0.690380832609453,1.49369234578715,2.1840731783966,0,0,0,0,0,0,0,0,NA,NA,SR,1918655,False
2026-27,678,Evan Ipsaro,Miami (OH),2.97362736435202,-0.796419866477385,2.17720749787464,0,0,0,0,0,0,0,0,NA,NA,SR,2137340,False
2026-27,679,Trevor Frank,Portland State,1.46856826651908,0.706065194108349,2.17463346062743,0,0,0,0,0,0,0,0,NA,NA,SR,61002261,False
2026-27,680,Chris Komin,Northern Arizona,1.66367450904187,0.499586137957777,2.16326064699965,0,0,0,0,0,0,0,0,NA,NA,SO,2545377,False
2026-27,681,Cooper Schwieger,Florida State,1.32974919809531,0.831983861032825,2.16173305912814,0,0,0,0,0,0,0,0,NA,NA,SR,2117918,False
2026-27,682,Tyrell Ward,VCU,1.40651453666902,0.754883787989381,2.1613983246584,0,0,0,0,0,0,0,0,NA,NA,SR,1912215,False
2026-27,683,Tyler Behrend,Grand Canyon,1.24034339010566,0.919495284869042,2.1598386749747,0,0,0,0,0,0,0,0,NA,NA,SR,2349987,False
2026-27,684,Andrew Meadow,Oregon,2.46107884787447,-0.304275808786225,2.15680303908824,0,0,0,0,0,0,0,0,NA,NA,SR,2090932,False
2026-27,685,Peter Bandelj,Nevada,2.35595777020646,-0.200435908024969,2.15552186218149,0,0,0,0,0,0,0,0,NA,NA,JR,2318756,False
2026-27,686,Jordan Pyke,Arkansas State,2.14021212430349,0.0142035611611995,2.15441568546469,0,0,0,0,0,0,0,0,NA,NA,SR,2138760,False
2026-27,687,Carson Johnson,Denver,3.53032968340814,-1.37643855943455,2.15389112397359,0,0,0,0,0,0,0,0,NA,NA,JR,2298133,False
2026-27,688,Ethan Taylor,Michigan State,0.165273174621579,1.98282187124472,2.14809504586629,0,0,0,0,0,0,0,0,NA,NA,FR,212198272,False
2026-27,689,Jasiah Jervis,Michigan State,1.75920227628344,0.382068302322061,2.14127057860551,0,0,0,0,0,0,0,0,NA,NA,FR,44249106,False
2026-27,690,Cooper Noard,Samford,3.17786190151395,-1.04551724863195,2.132344652882,0,0,0,0,0,0,0,0,NA,NA,SR,1936759,False
2026-27,691,Casmir Chavis,North Texas,0.820703440687766,1.31050166109673,2.13120510178449,0,0,0,0,0,0,0,0,NA,NA,SO,2302256,False
2026-27,692,Eric Mahaffey,Cincinnati,1.62667335868623,0.503932243702915,2.13060560238914,0,0,0,0,0,0,0,0,NA,NA,JR,2266043,False
2026-27,693,Lovro Urbiha,George Washington,2.30172829382154,-0.172038565306236,2.12968972851531,0,0,0,0,0,0,0,0,NA,NA,FR,10330104,False
2026-27,694,Bryson Lucas,Florida Gulf Coast,0.631703158024168,1.49739738122979,2.12910053925396,0,0,0,0,0,0,0,0,NA,NA,SR,111378873,False
2026-27,695,Dovydas Butka,Boise State,1.29767466354523,0.829716059547562,2.12739072309279,0,0,0,0,0,0,0,0,NA,NA,JR,2292699,False
2026-27,696,Egor Amosov,Connecticut,1.1218631605534,1.00514010171441,2.12700326226781,0,0,0,0,0,0,0,0,NA,NA,FR,196250156,False
2026-27,697,Liam Campbell,High Point,2.30423053220489,-0.178982979568764,2.12524755263613,0,0,0,0,0,0,0,0,NA,NA,JR,2268747,False
2026-27,698,Rob Lee Jr.,Western Michigan,2.74918955843059,-0.625937072943878,2.12325248548672,0,0,0,0,0,0,0,0,NA,NA,SR,2138719,False
2026-27,699,Gavin Hightower,Providence,0.978456115723219,1.14341874118587,2.12187485690909,0,0,0,0,0,0,0,0,NA,NA,SO,2560107,False
2026-27,700,Justin Menard,Colorado State,2.19101561582521,-0.0704506344756693,2.12056498134954,0,0,0,0,0,0,0,0,NA,NA,JR,2297036,False
2026-27,701,Isaac Ellis,Louisville,1.52950038262584,0.585356649807704,2.11485703243354,0,0,0,0,0,0,0,0,NA,NA,FR,196522247,False
2026-27,702,Maban Jabriel,Maryland,1.47357431149368,0.640776445117527,2.11435075661121,0,0,0,0,0,0,0,0,NA,NA,JR,2314228,False
2026-27,703,Omari Witherspoon,George Washington,0.719036877925666,1.39453739952092,2.11357427744659,0,0,0,0,0,0,0,0,NA,NA,SO,2538944,False
2026-27,704,Treyson Anderson,Butler,1.22552809811316,0.883540957851672,2.10906905596483,0,0,0,0,0,0,0,0,NA,NA,JR,2313631,False
2026-27,705,Trey Pearson,High Point,0.678596931314422,1.42715682405231,2.10575375536673,0,0,0,0,0,0,0,0,NA,NA,FR,190947077,False
2026-27,706,Gustav Knudsen,San Francisco,0.688721334435791,1.41094433129813,2.09966566573392,0,0,0,0,0,0,0,0,NA,NA,FR,205168806,False
2026-27,707,Angelo Brizzi,North Carolina,0.940550315330874,1.15698629294103,2.09753660827191,0,0,0,0,0,0,0,0,NA,NA,SR,1706626,False
2026-27,708,Ethan Copeland,Virginia Tech,1.85924671058249,0.237454827408192,2.09670153799069,0,0,0,0,0,0,0,0,NA,NA,SR,2536198,False
2026-27,709,Jack Stanton,Princeton,1.82230010820764,0.273625672407858,2.0959257806155,0,0,0,0,0,0,0,0,NA,NA,JR,2306442,False
2026-27,710,Danilo Jovanovich,Milwaukee,2.2448544040387,-0.151733864610606,2.09312053942809,0,0,0,0,0,0,0,0,NA,NA,SR,1945157,False
2026-27,711,Josh Pascarelli,Colorado State,2.6775025580875,-0.590413705573314,2.08708885251419,0,0,0,0,0,0,0,0,NA,NA,SR,2119119,False
2026-27,712,Kanaan Carlyle,Florida Atlantic,1.07338893339013,1.01360328641988,2.08699221981001,0,0,0,0,0,0,0,0,NA,NA,SR,2092657,False
2026-27,713,Deuce Jones II,UAB,1.42754582434024,0.659313210125808,2.08685903446605,0,0,0,0,0,0,0,0,NA,NA,JR,2321194,False
2026-27,714,Filip Brankovic,High Point,2.15247949180548,-0.0657362124362138,2.08674327936927,0,0,0,0,0,0,0,0,NA,NA,SR,2534672,False
2026-27,715,Ndewedo Newbury,San Francisco,1.11730598721395,0.968318656110975,2.08562464332492,0,0,0,0,0,0,0,0,NA,NA,SR,1738075,False
2026-27,716,Kenneth Chime,West Georgia,-0.00766284347576905,2.08552044654296,2.07785760306719,0,0,0,0,0,0,0,0,NA,NA,JR,2352279,False
2026-27,717,Seydou Traore,West Virginia,0.517088756103401,1.55800481604308,2.07509357214648,0,0,0,0,0,0,0,0,NA,NA,SR,2147079,False
2026-27,718,Samson Aletan,Providence,0.84437542439097,1.22768490024709,2.07206032463806,0,0,0,0,0,0,0,0,NA,NA,SR,2143595,False
2026-27,719,Trevor Mullin,Yale,2.34251253022206,-0.27442689994889,2.06808563027317,0,0,0,0,0,0,0,0,NA,NA,SR,2143587,False
2026-27,720,Nasir Mann,Queens,2.41538608356528,-0.347710007276821,2.06767607628846,0,0,0,0,0,0,0,0,NA,NA,SR,2126406,False
2026-27,721,Jalin Holland,Colorado,0.304506187053803,1.76051570764084,2.06502189469465,0,0,0,0,0,0,0,0,NA,NA,SO,2540159,False
2026-27,722,Braeden Speed,Florida Atlantic,2.4664217726119,-0.403685556733723,2.06273621587818,0,0,0,0,0,0,0,0,NA,NA,JR,2281623,False
2026-27,723,Omaha Biliew,Grand Canyon,1.13927734876384,0.914140003559826,2.05341735232366,0,0,0,0,0,0,0,0,NA,NA,SR,2099049,False
2026-27,724,Joel Foxwell,Arizona State,1.41714180177861,0.631026930845647,2.04816873262426,0,0,0,0,0,0,0,0,NA,NA,SO,2539446,False
2026-27,725,Davion Hill,San Diego,1.44789706993317,0.591631557596484,2.03952862752966,0,0,0,0,0,0,0,0,NA,NA,JR,2506666,False
2026-27,726,Nojus Indrusaitis,California,1.33770729563889,0.700213147678992,2.03792044331788,0,0,0,0,0,0,0,0,NA,NA,JR,2264328,False
2026-27,727,Xander Pintelon,Wake Forest,0.423840024845307,1.61220431452482,2.03604433937013,0,0,0,0,0,0,0,0,NA,NA,SR,2550737,False
2026-27,728,Devin Williams,Seton Hall,0.302684026153964,1.73231916207321,2.03500318822717,0,0,0,0,0,0,0,0,NA,NA,JR,2106224,False
2026-27,729,Jake Wahlin,BYU,0.798892751572165,1.23448097666987,2.03337372824203,0,0,0,0,0,0,0,0,NA,NA,SR,2102043,False
2026-27,730,Brent Bland,Miami (Fla.),1.36343061843165,0.662686163307317,2.02611678173897,0,0,0,0,0,0,0,0,NA,NA,SR,1700527,False
2026-27,731,Kameron Taylor,Florida State,1.68432427339923,0.340672299423089,2.02499657282232,0,0,0,0,0,0,0,0,NA,NA,JR,2337868,False
2026-27,732,Jack Karasinski,Northwestern,3.00711987209334,-0.985616995571261,2.02150287652207,0,0,0,0,0,0,0,0,NA,NA,SR,1890306,False
2026-27,733,Zac Foster,Clemson,0.684500176136406,1.33200625193758,2.01650642807398,0,0,0,0,0,0,0,0,NA,NA,SO,2475393,False
2026-27,734,Jalen Shelley,Texas A&M,0.635245238981163,1.37782357813764,2.0130688171188,0,0,0,0,0,0,0,0,NA,NA,JR,2328171,False
2026-27,735,Jalen Jackson,Butler,1.30786567122507,0.697394535107577,2.00526020633265,0,0,0,0,0,0,0,0,NA,NA,SR,1933804,False
2026-27,736,Rahmir Barno,UC San Diego,0.897728901764609,1.10716820565448,2.00489710741909,0,0,0,0,0,0,0,0,NA,NA,SR,2126241,False
2026-27,737,Tahlan Pettway,UNC Wilmington,2.18826068281887,-0.184551484059227,2.00370919875964,0,0,0,0,0,0,0,0,NA,NA,SO,2532787,False
2026-27,738,Ugnius Jarusevicius,Arizona,1.03191459660824,0.963534630968499,1.99544922757674,0,0,0,0,0,0,0,0,NA,NA,SR,1890678,False
2026-27,739,Lazerek Houston,Washington State,1.69632905014513,0.295246827872914,1.99157587801805,0,0,0,0,0,0,0,0,NA,NA,SO,70822590,False
2026-27,740,Zsombor Maronka,St. John's,0.810567342230703,1.1776286967389,1.98819603896961,0,0,0,0,0,0,0,0,NA,NA,FR,129012629,False
2026-27,741,Ryan Curry,Army,2.38038486264235,-0.395200233649056,1.9851846289933,0,0,0,0,0,0,0,0,NA,NA,SR,2143633,False
2026-27,742,Chris Howell,New Mexico,0.821970275825546,1.16118207292455,1.9831523487501,0,0,0,0,0,0,0,0,NA,NA,SR,1715892,False
2026-27,743,DeShawn Gory,Oregon State,1.33077518999575,0.650619198323743,1.98139438831949,0,0,0,0,0,0,0,0,NA,NA,SO,2543794,False
2026-27,744,Elias Rapieque,Loyola Chicago,0.945811109688009,1.03051944180167,1.97633055148968,0,0,0,0,0,0,0,0,NA,NA,SR,2510655,False
2026-27,745,Ernest Shelton,Boston College,2.28844942016867,-0.318196402899019,1.97025301726965,0,0,0,0,0,0,0,0,NA,NA,SR,2138384,False
2026-27,746,Jakub Necas,South Carolina,0.651102919859772,1.31817652647985,1.96927944633962,0,0,0,0,0,0,0,0,NA,NA,SR,2112624,False
2026-27,747,Javon Bardwell,Providence,1.36105496161815,0.607798148058035,1.96885310967619,0,0,0,0,0,0,0,0,NA,NA,FR,206515212,False
2026-27,748,Brent Moss,Tulsa,0.84950375322639,1.11180205206089,1.96130580528728,0,0,0,0,0,0,0,0,NA,NA,SR,2548800,False
2026-27,749,Yohance Connor,Ole Miss,1.71410782408775,0.245041830595649,1.9591496546834,0,0,0,0,0,0,0,0,NA,NA,FR,52335140,False
2026-27,750,Magoon Gwath,DePaul,-0.365455936302279,2.32127508695043,1.95581915064815,0,0,0,0,0,0,0,0,NA,NA,JR,2092598,False
2026-27,751,Kalu Anya,Virginia,0.22372048432935,1.72957257209239,1.95329305642174,0,0,0,0,0,0,0,0,NA,NA,SR,1926072,False
2026-27,752,Taj DeGourville,Nebraska,0.559145189814698,1.3929754369579,1.9521206267726,0,0,0,0,0,0,0,0,NA,NA,JR,2285497,False
2026-27,753,Will McClendon,Pepperdine,1.80223767504112,0.147467456243021,1.94970513128414,0,0,0,0,0,0,0,0,NA,NA,SR,1704745,False
2026-27,754,KJ Cochran,Santa Clara,2.38266968206285,-0.435838582379644,1.94683109968321,0,0,0,0,0,0,0,0,NA,NA,SO,2536838,False
2026-27,755,Cam'Ron Fletcher,High Point,1.20136209639209,0.739974177469015,1.9413362738611,0,0,0,0,0,0,0,0,NA,NA,SR,1602304,False
2026-27,756,Chris Washington Jr.,Tennessee,1.0362559210906,0.903112834690039,1.93936875578064,0,0,0,0,0,0,0,0,NA,NA,FR,135467126,False
2026-27,757,Jaden Winston,Pacific,1.96132539965932,-0.0232273577331294,1.93809804192619,0,0,0,0,0,0,0,0,NA,NA,SR,2351158,False
2026-27,758,Conrad Martinez,High Point,2.13302859667519,-0.197810948243245,1.93521764843195,0,0,0,0,0,0,0,0,NA,NA,SR,2098983,False
2026-27,759,Jalil Bethea,Pittsburgh,1.92421996266709,0.00889226574640549,1.93311222841349,0,0,0,0,0,0,0,0,NA,NA,JR,2319562,False
2026-27,760,Brody Kozlowski,BYU,1.51550960406482,0.408129004061725,1.92363860812655,0,0,0,0,0,0,0,0,NA,NA,SO,2293408,False
2026-27,761,Jeremiah Johnson,Tulsa,2.30766671993729,-0.387085237376052,1.92058148256124,0,0,0,0,0,0,0,0,NA,NA,JR,2302975,False
2026-27,762,Jerrell Colbert,McNeese State,-0.0928786565136116,2.01342535827138,1.92054670175777,0,0,0,0,0,0,0,0,NA,NA,SR,1717515,False
2026-27,763,Dionte Neal,UNC Greensboro,1.84580967539663,0.0747323731597262,1.92054204855636,0,0,0,0,0,0,0,0,NA,NA,FR,170105392,False
2026-27,764,Miles Heide,Virginia Tech,0.529171580596978,1.39072665927465,1.91989823987162,0,0,0,0,0,0,0,0,NA,NA,SR,2092588,False
2026-27,765,Aleksas Bieliauskas,South Carolina,0.485919951982988,1.43248463994107,1.91840459192405,0,0,0,0,0,0,0,0,NA,NA,SO,2491503,False
2026-27,766,Cameron Holmes,Arizona,1.04726291732761,0.866827671607756,1.91409058893537,0,0,0,0,0,0,0,0,NA,NA,FR,199043130,False
2026-27,767,Rashad King,Northeastern,1.060123009043,0.852879590931736,1.91300259997474,0,0,0,0,0,0,0,0,NA,NA,SR,1889832,False
2026-27,768,Kuol Atak,Virginia Tech,2.26156598129167,-0.350011699661058,1.91155428163061,0,0,0,0,0,0,0,0,NA,NA,SO,2280419,False
2026-27,769,Joson Sanon,West Virginia,1.51685965205356,0.389819914068622,1.90667956612218,0,0,0,0,0,0,0,0,NA,NA,JR,2322695,False
2026-27,770,Maki Johnson,East Tennessee State,1.61477395309293,0.291026586011394,1.90580053910432,0,0,0,0,0,0,0,0,NA,NA,SR,2126368,False
2026-27,771,Luca Vincini,San Diego State,0.771333311827811,1.13162482310941,1.90295813493722,0,0,0,0,0,0,0,0,NA,NA,FR,75809285,False
2026-27,772,Josiah Moseley,Texas Tech,0.964314712273398,0.937266409860225,1.90158112213362,0,0,0,0,0,0,0,0,NA,NA,JR,2302497,False
2026-27,773,Quel'Ron House,Texas State,1.31935773593042,0.581121246749343,1.90047898267976,0,0,0,0,0,0,0,0,NA,NA,JR,2303546,False
2026-27,774,Preston Fowler,James Madison,1.75231375887002,0.14750087663565,1.89981463550567,0,0,0,0,0,0,0,0,NA,NA,SO,2549994,False
2026-27,775,Jalen Reed,Michigan,0.650308289049409,1.24663478244159,1.896943071491,0,0,0,0,0,0,0,0,NA,NA,SR,1912220,False
2026-27,776,Jerry Easter II,Oregon,0.778092182326528,1.11559804499015,1.89369022731667,0,0,0,0,0,0,0,0,NA,NA,SO,2485211,False
2026-27,777,Eric Freeny,UCLA,1.28989277881047,0.603518322135526,1.89341110094599,0,0,0,0,0,0,0,0,NA,NA,SO,2321464,False
2026-27,778,Arturas Butajevas,Florida,0.989045889337801,0.899165643741357,1.88821153307916,0,0,0,0,0,0,0,0,NA,NA,FR,141948041,False
2026-27,779,Drew Steffe,Buffalo,1.54944518182283,0.333596087756587,1.88304126957942,0,0,0,0,0,0,0,0,NA,NA,JR,2342586,False
2026-27,780,Joe Philon III,UCLA,0.379247614395075,1.49666548645323,1.8759131008483,0,0,0,0,0,0,0,0,NA,NA,FR,16056692,False
2026-27,781,Shane Blakeney,South Carolina,1.00383233639862,0.871245955388586,1.8750782917872,0,0,0,0,0,0,0,0,NA,NA,SR,1910949,False
2026-27,782,Troy Henderson,Tennessee,1.83314543765918,0.0395069934266717,1.87265243108586,0,0,0,0,0,0,0,0,NA,NA,SO,2505207,False
2026-27,783,Andrea Holden,Wright State,0.00529895358891714,1.86418127119175,1.86948022478066,0,0,0,0,0,0,0,0,NA,NA,JR,2320400,False
2026-27,784,Ethan Mgbako,Vanderbilt,1.10200354556595,0.766687191630522,1.86869073719647,0,0,0,0,0,0,0,0,NA,NA,FR,230965129,False
2026-27,785,Stevie Elam,Miami (OH),1.60745494993694,0.258273110795701,1.86572806073264,0,0,0,0,0,0,0,0,NA,NA,SO,2480414,False
2026-27,786,Kaden Cooper,East Carolina,0.0746434315850786,1.78787178052709,1.86251521211217,0,0,0,0,0,0,0,0,NA,NA,SR,2126317,False
2026-27,787,Yoav Berman,Duquesne,1.37762824556427,0.4837329323893,1.86136117795357,0,0,0,0,0,0,0,0,NA,NA,JR,2314230,False
2026-27,788,Fabian Flores,DePaul,0.487900228974975,1.36977341155676,1.85767364053173,0,0,0,0,0,0,0,0,NA,NA,SO,2543744,False
2026-27,789,Jordan McCullum,East Tennessee State,0.307192379875987,1.55003553840122,1.8572279182772,0,0,0,0,0,0,0,0,NA,NA,JR,2350513,False
2026-27,790,CJ Luster,UNC Wilmington,2.13867960234945,-0.28183999381564,1.85683960853381,0,0,0,0,0,0,0,0,NA,NA,SR,2283125,False
2026-27,791,Austin Parks,Toledo,1.14077085350442,0.715573005382881,1.8563438588873,0,0,0,0,0,0,0,0,NA,NA,SR,2113938,False
2026-27,792,Junior County,Connecticut,1.2797492007868,0.573156151081421,1.85290535186822,0,0,0,0,0,0,0,0,NA,NA,FR,76883038,False
2026-27,793,Chris Johnson,Oregon State,1.82786012254703,0.023874313547733,1.85173443609476,0,0,0,0,0,0,0,0,NA,NA,SR,2092653,False
2026-27,794,Jackson McAndrew,Creighton,1.12845077795099,0.722019661854824,1.85047043980581,0,0,0,0,0,0,0,0,NA,NA,JR,2315485,False
2026-27,795,Elisèe Assui,Florida State,0.937856947526413,0.910837564527317,1.84869451205373,0,0,0,0,0,0,0,0,NA,NA,FR,184479062,False
2026-27,796,Adonis Ratliff,USC,0.883127264495759,0.962940765990957,1.84606803048672,0,0,0,0,0,0,0,0,NA,NA,FR,124418471,False
2026-27,797,Joseph Grahovac,Saint Bonaventure,0.466552134546893,1.37846831780446,1.84502045235135,0,0,0,0,0,0,0,0,NA,NA,JR,2541331,False
2026-27,798,Ian Platteeuw,Davidson,0.871438807458698,0.969457812397055,1.84089661985575,0,0,0,0,0,0,0,0,NA,NA,SO,2505302,False
2026-27,799,Rashawn Inglemon,Campbell,2.08195806353476,-0.242733298821373,1.83922476471338,0,0,0,0,0,0,0,0,NA,NA,SO,184140204,False
2026-27,800,All Wright,Loyola Marymount,2.26841540821694,-0.431152241943291,1.83726316627365,0,0,0,0,0,0,0,0,NA,NA,JR,2324122,False
2026-27,801,Lewis Walker,UCF,2.35251095341677,-0.515460964124646,1.83704998929212,0,0,0,0,0,0,0,0,NA,NA,SO,2326233,False
2026-27,802,Derrian Ford,Temple,3.02566438763041,-1.19255768320278,1.83310670442763,0,0,0,0,0,0,0,0,NA,NA,SR,1895224,False
2026-27,803,Blake Barkley,Grand Canyon,1.53005624417717,0.301198506754301,1.83125475093147,0,0,0,0,0,0,0,0,NA,NA,JR,2144293,False
2026-27,804,RJ Smith,UC Santa Barbara,1.20814277825917,0.622809854402452,1.83095263266163,0,0,0,0,0,0,0,0,NA,NA,SR,1933860,False
2026-27,805,Tayshawn Comer,Washington,1.15203756970389,0.669691631405155,1.82172920110904,0,0,0,0,0,0,0,0,NA,NA,SR,1930391,True
2026-27,806,Jurian Dixon,Virginia,1.68745979972685,0.132210520535241,1.81967032026209,0,0,0,0,0,0,0,0,NA,NA,JR,2111158,False
2026-27,807,Jabez Jenkins,Belmont,0.654612062706612,1.16340060265771,1.81801266536432,0,0,0,0,0,0,0,0,NA,NA,SO,2311328,False
2026-27,808,Cole Certa,Clemson,2.32278080523874,-0.508675157919401,1.81410564731934,0,0,0,0,0,0,0,0,NA,NA,JR,2283121,False
2026-27,809,Mantas Juzenas,Saint Mary's,1.34922637377889,0.461577991042039,1.81080436482093,0,0,0,0,0,0,0,0,NA,NA,SO,2505017,False
2026-27,810,Jacobe Coleman,Sam Houston State,2.41407274248498,-0.603508957089467,1.81056378539551,0,0,0,0,0,0,0,0,NA,NA,SO,2550267,False
2026-27,811,Carlos Medlock Jr.,Michigan State,1.2276872188494,0.580974414015573,1.80866163286497,0,0,0,0,0,0,0,0,NA,NA,FR,31946106,False
2026-27,812,Gabe Nesmith,Vanderbilt,1.05346514069716,0.754415441159487,1.80788058185665,0,0,0,0,0,0,0,0,NA,NA,FR,221184541,False
2026-27,813,Osmar Garcia-Araujo,Liberty,1.45908196854504,0.346740716334171,1.80582268487921,0,0,0,0,0,0,0,0,NA,NA,SR,20587278,False
2026-27,814,Garrett Johnson,South Florida,1.99975960399658,-0.197989523929208,1.80177008006737,0,0,0,0,0,0,0,0,NA,NA,SR,1698630,False
2026-27,815,Jaylen Washington,Western Michigan,1.70474643682785,0.0958053497107966,1.80055178653865,0,0,0,0,0,0,0,0,NA,NA,JR,2314365,False
2026-27,816,Tasman Goodrick,Syracuse,0.803016656076613,0.996177961147518,1.79919461722413,0,0,0,0,0,0,0,0,NA,NA,SR,2090930,False
2026-27,817,Justin McBride,Kentucky,1.42329329813476,0.374088983362545,1.79738228149731,0,0,0,0,0,0,0,0,NA,NA,JR,2105469,False
2026-27,818,Tyler Thompson,Montana,1.32812707025033,0.468096214338582,1.79622328458891,0,0,0,0,0,0,0,0,NA,NA,JR,2331405,False
2026-27,819,Devin Vanterpool,Providence,0.238456373935628,1.55242767170993,1.79088404564556,0,0,0,0,0,0,0,0,NA,NA,JR,2128714,False
2026-27,820,Luka Skorić,San Diego State,0.972557619876325,0.816376748934445,1.78893436881077,0,0,0,0,0,0,0,0,NA,NA,FR,106481113,False
2026-27,821,Tylik Weeks,Memphis,0.910311159960724,0.866168226087987,1.77647938604871,0,0,0,0,0,0,0,0,NA,NA,SR,2496768,False
2026-27,822,Divine Ugochukwu,LSU,1.42512763969685,0.349733176078374,1.77486081577522,0,0,0,0,0,0,0,0,NA,NA,JR,2319605,False
2026-27,823,King Grace,Mississippi State,1.27815972136896,0.49604425041294,1.7742039717819,0,0,0,0,0,0,0,0,NA,NA,SO,2506904,False
2026-27,824,Mookie Cook,San Jose State,0.983469313923974,0.785555841114312,1.76902515503829,0,0,0,0,0,0,0,0,NA,NA,SR,2112558,False
2026-27,825,Jonathan Powell,Pittsburgh,1.33338790473031,0.43348106683674,1.76686897156705,0,0,0,0,0,0,0,0,NA,NA,JR,2305894,False
2026-27,826,Josiah LeGree,UTSA,1.24880009305894,0.513929869714674,1.76272996277362,0,0,0,0,0,0,0,0,NA,NA,JR,2327045,False
2026-27,827,Owen Larson,Drake,1.90213390137688,-0.140724033060437,1.76140986831644,0,0,0,0,0,0,0,0,NA,NA,JR,2307458,False
2026-27,828,Lucas Scroggins,Illinois-Chicago,1.00876364600855,0.750433551927987,1.75919719793654,0,0,0,0,0,0,0,0,NA,NA,JR,2117917,False
2026-27,829,"Dennis Parker, Jr.",Kansas,0.529713593748016,1.22874058260168,1.75845417634969,0,0,0,0,0,0,0,0,NA,NA,SR,2092553,False
2026-27,830,Roddie Anderson III,Seton Hall,0.488321665228307,1.26840469591033,1.75672636113864,0,0,0,0,0,0,0,0,NA,NA,SR,1924051,False
2026-27,831,Armelo Boone,Western Kentucky,0.386413106959579,1.36700852981288,1.75342163677246,0,0,0,0,0,0,0,0,NA,NA,SO,2504113,False
2026-27,832,TJ Johnson,VMI,1.90353964970537,-0.150229575830859,1.75331007387451,0,0,0,0,0,0,0,0,NA,NA,SR,1925592,False
2026-27,833,Jacob Bannarbie,Providence,0.569085607120397,1.18213000987791,1.75121561699831,0,0,0,0,0,0,0,0,NA,NA,JR,2126212,False
2026-27,834,Braedan Lue,Tennessee,0.290291553931766,1.45535233464751,1.74564388857928,0,0,0,0,0,0,0,0,NA,NA,JR,2334144,False
2026-27,835,Leo Beath,UC San Diego,0.967270443842056,0.774153670414345,1.7414241142564,0,0,0,0,0,0,0,0,NA,NA,SR,1942020,False
2026-27,836,Thomas Batties II,Harvard,0.899466382177674,0.838983470244058,1.73844985242173,0,0,0,0,0,0,0,0,NA,NA,SR,2111762,False
2026-27,837,LJ Smith,Ohio State,1.65624378777102,0.0807042770555397,1.73694806482656,0,0,0,0,0,0,0,0,NA,NA,FR,228036472,False
2026-27,838,Noah Feddersen,Colorado,1.13758356077828,0.589737561139931,1.72732112191821,0,0,0,0,0,0,0,0,NA,NA,SR,1932417,False
2026-27,839,Connor Turnbull,Utah State,-0.29799502962729,2.02367052093904,1.72567549131175,0,0,0,0,0,0,0,0,NA,NA,SR,1895635,False
2026-27,840,Kyan Evans,Minnesota,1.33904527630122,0.38508545342365,1.72413072972487,0,0,0,0,0,0,0,0,NA,NA,SR,2122486,False
2026-27,841,Mike Loughnane,Northeastern,1.99229392117971,-0.268851663681024,1.72344225749869,0,0,0,0,0,0,0,0,NA,NA,SR,2116903,False
2026-27,842,Bennett Basich,Northern Illinois,1.36621638845404,0.345287929086256,1.71150431754029,0,0,0,0,0,0,0,0,NA,NA,SO,208171418,False
2026-27,843,Eddie Ricks III,Loyola Chicago,0.928309250822761,0.778230517432299,1.70653976825506,0,0,0,0,0,0,0,0,NA,NA,SR,2132546,False
2026-27,844,DeAndre Craig,Fort Wayne,1.72025038030159,-0.014733563527295,1.70551681677429,0,0,0,0,0,0,0,0,NA,NA,SR,2111027,False
2026-27,845,Steele Venters,Washington,1.43572018073246,0.265791141894996,1.70151132262746,0,0,0,0,0,0,0,0,NA,NA,SR,1334130,False
2026-27,846,Asa Thomas,Illinois-Chicago,1.76093589933037,-0.0596309581417679,1.7013049411886,0,0,0,0,0,0,0,0,NA,NA,JR,2118358,False
2026-27,847,Vangelis Zougris,Saint Mary's,0.588038571784399,1.11025999709969,1.69829856888409,0,0,0,0,0,0,0,0,NA,NA,SR,2483443,False
2026-27,848,Christian Williams,Cal State Fullerton,1.06433915669845,0.632390677420914,1.69672983411937,0,0,0,0,0,0,0,0,NA,NA,SO,2483460,False
2026-27,849,Christian Harmon,Virginia,1.78867060042265,-0.0923848459082232,1.69628575451443,0,0,0,0,0,0,0,0,NA,NA,SR,2539281,False
2026-27,850,Thierry Darlan,Santa Clara,0.595091307132926,1.09744470068365,1.69253600781657,0,0,0,0,0,0,0,0,NA,NA,SR,2536840,False
2026-27,851,Elzie Harrington,San Diego State,1.19462690000799,0.494448969259347,1.68907586926734,0,0,0,0,0,0,0,0,NA,NA,SO,2487208,False
2026-27,852,Ismaila Diagne,San Francisco,0.0938053169647553,1.59083415834051,1.68463947530527,0,0,0,0,0,0,0,0,NA,NA,JR,2281216,False
2026-27,853,Dayan Nessah,Loyola Chicago,0.996202940272766,0.687608402722261,1.68381134299503,0,0,0,0,0,0,0,0,NA,NA,JR,2299979,False
2026-27,854,Amarion Dickerson,Grand Canyon,0.750455860279675,0.92941211073268,1.67986797101235,0,0,0,0,0,0,0,0,NA,NA,SR,2292659,False
2026-27,855,Andrew Alekseyenko,Colgate,1.59202354977087,0.087627267041802,1.67965081681267,0,0,0,0,0,0,0,0,NA,NA,SO,2474939,False
2026-27,856,Richard Goods,South Florida,0.65051264991737,1.02817367428857,1.67868632420594,0,0,0,0,0,0,0,0,NA,NA,JR,2273129,False
2026-27,857,Rickey Bradley,VMI,1.6180342786496,0.0592614630074824,1.67729574165708,0,0,0,0,0,0,0,0,NA,NA,SR,1909445,False
2026-27,858,A'lahn Sumler,Pittsburgh,1.89134632675106,-0.215395296199983,1.67595103055108,0,0,0,0,0,0,0,0,NA,NA,SR,1926381,False
2026-27,859,Jackson Fields,Georgia Tech,1.00849455039054,0.660669906140048,1.66916445653058,0,0,0,0,0,0,0,0,NA,NA,SR,1908319,False
2026-27,860,Salim London,UAB,1.39940734453634,0.267257954738186,1.66666529927452,0,0,0,0,0,0,0,0,NA,NA,SO,2491802,False
2026-27,861,Myles Walker,Nevada,1.24795293994203,0.417921980736685,1.66587492067872,0,0,0,0,0,0,0,0,NA,NA,SO,2545404,False
2026-27,862,Babatunde Durodola,Ball State,1.12319425454237,0.541644933440323,1.66483918798269,0,0,0,0,0,0,0,0,NA,NA,JR,2305465,False
2026-27,863,Boden Kapke,Nebraska,0.882327778389076,0.781166506626689,1.66349428501576,0,0,0,0,0,0,0,0,NA,NA,SR,2092580,False
2026-27,864,Isaiah Sealy,Arkansas,0.7926683830607,0.870094019686663,1.66276240274736,0,0,0,0,0,0,0,0,NA,NA,SO,2533620,False
2026-27,865,Joshua Ingram,Lehigh,1.09362268323663,0.567972873679748,1.66159555691637,0,0,0,0,0,0,0,0,NA,NA,SR,2099013,False
2026-27,866,Tyler Hendricks,Oklahoma,1.41770102656049,0.241675193584507,1.659376220145,0,0,0,0,0,0,0,0,NA,NA,SR,1935170,False
2026-27,867,Dasear Haskins,Ole Miss,0.935344595091595,0.721097814108839,1.65644240920043,0,0,0,0,0,0,0,0,NA,NA,SR,2134484,False
2026-27,868,Robert Vaihola,San Jose State,0.640891746096165,1.0146515357642,1.65554328186036,0,0,0,0,0,0,0,0,NA,NA,SR,1703222,False
2026-27,869,Armani Mighty,Pittsburgh,0.593403099832428,1.06180346382725,1.65520656365968,0,0,0,0,0,0,0,0,NA,NA,SR,1908246,False
2026-27,870,Kaden Magwood,Murray State,1.73697730287458,-0.0836220211453016,1.65335528172928,0,0,0,0,0,0,0,0,NA,NA,SO,2547350,False
2026-27,871,Trevor Manhertz,Indiana,1.06996439142697,0.582106460435789,1.65207085186276,0,0,0,0,0,0,0,0,NA,NA,FR,143523197,False
2026-27,872,Alex Constanza,Pepperdine,0.840004897892124,0.810387132227468,1.65039203011959,0,0,0,0,0,0,0,0,NA,NA,FR,101739872,False
2026-27,873,CJ Shaw,UC Santa Barbara,2.47223586616656,-0.826001220647118,1.64623464551944,0,0,0,0,0,0,0,0,NA,NA,SO,2480418,False
2026-27,874,Braden Hausen,High Point,1.7437078311521,-0.0982515095956936,1.6454563215564,0,0,0,0,0,0,0,0,NA,NA,JR,2321245,False
2026-27,875,Isaiah Johnson-Arigu,Northern Iowa,1.12286286089002,0.521417873006561,1.64428073389658,0,0,0,0,0,0,0,0,NA,NA,JR,2319566,False
2026-27,876,Mason Klabo,Illinois State,1.80607842246861,-0.162327085457605,1.64375133701101,0,0,0,0,0,0,0,0,NA,NA,SO,2481869,False
2026-27,877,Reece Robinson,North Texas,0.425223114072286,1.21767971305111,1.6429028271234,0,0,0,0,0,0,0,0,NA,NA,JR,2301678,False
2026-27,878,Jamari McDowell,Wake Forest,1.13888785310765,0.503613321219249,1.6425011743269,0,0,0,0,0,0,0,0,NA,NA,SR,2119860,False
2026-27,879,Eli Shetlar,Drake,1.64514658747355,-0.00371160941742719,1.64143497805613,0,0,0,0,0,0,0,0,NA,NA,SR,2133593,False
2026-27,880,Pearson Carmichael,Boise State,1.49975069617291,0.14059603019969,1.6403467263726,0,0,0,0,0,0,0,0,NA,NA,JR,2305532,False
2026-27,881,Elijah Duval,UAB,0.537675764082232,1.10262717653236,1.64030294061459,0,0,0,0,0,0,0,0,NA,NA,SO,2540191,False
2026-27,882,Triston Wilson,Presbyterian,1.48753707845601,0.15205091716141,1.63958799561742,0,0,0,0,0,0,0,0,NA,NA,JR,2349850,False
2026-27,883,Mason Williams,Kentucky,1.35064313255208,0.28819707658114,1.63884020913322,0,0,0,0,0,0,0,0,NA,NA,FR,224739508,False
2026-27,884,Jeremiah Anderson,Merrimack,1.32113807762954,0.310982460081446,1.63212053771099,0,0,0,0,0,0,0,0,NA,NA,SO,111374271,False
2026-27,885,Brandon Rechsteiner,Kansas State,1.88500945271442,-0.25295985377053,1.63204959894389,0,0,0,0,0,0,0,0,NA,NA,SR,2099468,False
2026-27,886,Dylan James,George Washington,0.000757075456392061,1.63056347113071,1.63132054658711,0,0,0,0,0,0,0,0,NA,NA,SR,2098963,False
2026-27,887,Wini Braga,Washington,0.820794799353864,0.809831657633911,1.63062645698778,0,0,0,0,0,0,0,0,NA,NA,FR,15082615,False
2026-27,888,Gavin Gores,Wyoming,1.25226809803575,0.376222393031046,1.62849049106679,0,0,0,0,0,0,0,0,NA,NA,SO,2506835,False
2026-27,889,Caleb Embeya,Towson,0.308683808432376,1.31724160394256,1.62592541237494,0,0,0,0,0,0,0,0,NA,NA,JR,2311316,False
2026-27,890,Dhani Miller,Kent State,0.986383554709508,0.637118011937941,1.62350156664745,0,0,0,0,0,0,0,0,NA,NA,FR,232805540,False
2026-27,891,Adlan Elamin,Cincinnati,0.576045998904967,1.04598789756416,1.62203389646913,0,0,0,0,0,0,0,0,NA,NA,SO,2531883,False
2026-27,892,Darius Ratliff,USC,0.570793409459248,1.05120954592303,1.62200295538228,0,0,0,0,0,0,0,0,NA,NA,FR,232123380,False
2026-27,893,Nikas Stuknys,Tennessee-Martin,1.63286584391115,-0.0115398451597105,1.62132599875144,0,0,0,0,0,0,0,0,NA,NA,FR,149875859,False
2026-27,894,Cade Phillips,Texas A&M,0.482911971490311,1.13710874859427,1.62002072008458,0,0,0,0,0,0,0,0,NA,NA,SR,2092652,False
2026-27,895,Kaleb Banks,Tulsa,1.18598254861927,0.431052722000062,1.61703527061934,0,0,0,0,0,0,0,0,NA,NA,SR,1916395,False
2026-27,896,Kobi Williams,Tulsa,2.23179732234515,-0.615969337181894,1.61582798516326,0,0,0,0,0,0,0,0,NA,NA,SR,2143980,False
2026-27,897,Isaiah Watts,UTSA,0.36064757055593,1.25399127115345,1.61463884170938,0,0,0,0,0,0,0,0,NA,NA,SR,2093279,False
2026-27,898,Wilson Jacques,DePaul,0.0216706376251796,1.59033383171834,1.61200446934352,0,0,0,0,0,0,0,0,NA,NA,SO,2543791,False
2026-27,899,Ty Pence,Akron,1.17312097575411,0.438128082178999,1.61124905793311,0,0,0,0,0,0,0,0,NA,NA,SR,2097919,False
2026-27,900,Kaden Gumbs,Texas State,0.871739620328257,0.737444033346091,1.60918365367435,0,0,0,0,0,0,0,0,NA,NA,SR,2098961,False
2026-27,901,Andrija Bukumirović,Boston College,1.32510312188542,0.282680049980048,1.60778317186547,0,0,0,0,0,0,0,0,NA,NA,SR,2311785,False
2026-27,902,Matas Deniusas,Rhode Island,0.958657412055352,0.646725511873096,1.60538292392845,0,0,0,0,0,0,0,0,NA,NA,SO,2505178,False
2026-27,903,Avery Thomas II,Kennesaw State,0.461058173960268,1.14211044440168,1.60316861836195,0,0,0,0,0,0,0,0,NA,NA,JR,2532390,False
2026-27,904,Jaylen Smith,Missouri-Kansas City,1.41921168719967,0.182847230751048,1.60205891795072,0,0,0,0,0,0,0,0,NA,NA,SR,2107334,False
2026-27,905,Gabe Dynes,Louisville,-1.32056141395218,2.91955963385393,1.59899821990175,0,0,0,0,0,0,0,0,NA,NA,SR,2117042,False
2026-27,906,Mouhamed Sylla,West Virginia,-0.260105824959837,1.85683897251919,1.59673314755935,0,0,0,0,0,0,0,0,NA,NA,SO,2474283,False
2026-27,907,Austin Williford,Saint Joseph's,0.674947501948323,0.920166416969776,1.5951139189181,0,0,0,0,0,0,0,0,NA,NA,SO,2486700,False
2026-27,908,Domen Petrovic,Florida,1.14168330374457,0.451150653810908,1.59283395755548,0,0,0,0,0,0,0,0,NA,NA,FR,41261988,False
2026-27,909,Andrew Cook,Eastern Washington,1.83159459972508,-0.246256689729215,1.58533790999586,0,0,0,0,0,0,0,0,NA,NA,SR,2284775,False
2026-27,910,Mathieu Grujicic,Radford,0.750855170347505,0.833896011057123,1.58475118140463,0,0,0,0,0,0,0,0,NA,NA,SO,2487484,False
2026-27,911,Ja'Corey Robinson,Radford,0.519799214266845,1.06295558890126,1.5827548031681,0,0,0,0,0,0,0,0,NA,NA,SO,2474115,False
2026-27,912,Davion Adkins,Kansas,0.0803186603204128,1.50239815854067,1.58271681886109,0,0,0,0,0,0,0,0,NA,NA,FR,43252168,False
2026-27,913,Ivan Njegovan,Ohio State,0.136801628844809,1.44234065497568,1.57914228382049,0,0,0,0,0,0,0,0,NA,NA,JR,2291218,False
2026-27,914,Ethan Roberts,Notre Dame,1.87154038330058,-0.296315363766733,1.57522501953385,0,0,0,0,0,0,0,0,NA,NA,SR,1933824,False
2026-27,915,Jaiun Simon,Dayton,0.551804433826795,1.02269361498714,1.57449804881393,0,0,0,0,0,0,0,0,NA,NA,SR,2119734,False
2026-27,916,Tyler Boston,Seattle,1.71095132899932,-0.138475841672981,1.57247548732634,0,0,0,0,0,0,0,0,NA,NA,JR,2299337,False
2026-27,917,Phat Phat Brooks,Central Michigan,1.12029980899557,0.449592513082173,1.56989232207775,0,0,0,0,0,0,0,0,NA,NA,JR,2293071,False
2026-27,918,Jacob Daniels,Wofford,1.73298611333825,-0.165114085455069,1.56787202788318,0,0,0,0,0,0,0,0,NA,NA,SO,195572767,False
2026-27,919,Jonathan Sanderson,Notre Dame,0.767120996876298,0.799848982420282,1.56696997929658,0,0,0,0,0,0,0,0,NA,NA,FR,26955408,False
2026-27,920,Michael Gray Jr.,Wichita State,1.57881624398102,-0.0139724264356979,1.56484381754533,0,0,0,0,0,0,0,0,NA,NA,SR,1695270,False
2026-27,921,Matt Hodge,Villanova,1.65775148121272,-0.0951507125816282,1.56260076863109,0,0,0,0,0,0,0,0,NA,NA,JR,2302525,False
2026-27,922,Kenyon Aguino,Montana,1.29458333843106,0.267583738275027,1.56216707670608,0,0,0,0,0,0,0,0,NA,NA,SO,2538894,False
2026-27,923,Lee Aaliya,Ohio State,0.401568727897589,1.15739036243821,1.5589590903358,0,0,0,0,0,0,0,0,NA,NA,FR,49716799,False
2026-27,924,Joshua Lewis,South Florida,0.973572072638336,0.583677307166534,1.55724937980487,0,0,0,0,0,0,0,0,NA,NA,SO,2484764,False
2026-27,925,Taison Chatman,Utah,1.37040106059068,0.177499767647487,1.54790082823816,0,0,0,0,0,0,0,0,NA,NA,SR,2113934,False
2026-27,926,Gunārs Grīnvalds,UCLA,0.779225609234137,0.766678731338342,1.54590434057248,0,0,0,0,0,0,0,0,NA,NA,FR,195524784,False
2026-27,927,Griffen Goodbary,Drake,1.53085031537905,0.0145435628513799,1.54539387823043,0,0,0,0,0,0,0,0,NA,NA,SO,2480436,False
2026-27,928,Jamal Sumlin,Kent State,0.909322711424532,0.626714434475589,1.53603714590012,0,0,0,0,0,0,0,0,NA,NA,SR,1916938,False
2026-27,929,Parker Friedrichsen,Washington,1.49524277128565,0.0343997899629362,1.52964256124859,0,0,0,0,0,0,0,0,NA,NA,SR,2125516,False
2026-27,930,Darius Bivins,Saint Mary's,0.34776519511125,1.17711507735483,1.52488027246608,0,0,0,0,0,0,0,0,NA,NA,FR,145653451,False
2026-27,931,Andrija Vukovic,George Washington,1.28244339263443,0.242295175450721,1.52473856808515,0,0,0,0,0,0,0,0,NA,NA,JR,2308327,False
2026-27,932,Nikolaos Chitikoudis,Xavier,0.279875597707482,1.24443552000561,1.52431111771309,0,0,0,0,0,0,0,0,NA,NA,SR,2126124,False
2026-27,933,Niko Bundalo,UT Arlington,0.416233536700958,1.10544383189886,1.52167736859982,0,0,0,0,0,0,0,0,NA,NA,SO,2489403,False
2026-27,934,Jeremiah Davis,Montana State,0.831354701821964,0.69009316181264,1.5214478636346,0,0,0,0,0,0,0,0,NA,NA,SR,2302205,False
2026-27,935,Musa Sagnia,Virginia Tech,-0.206754657999136,1.72705366483145,1.52029900683232,0,0,0,0,0,0,0,0,NA,NA,SO,2504084,False
2026-27,936,Joe Sterling,Texas,2.01762109622037,-0.505790778577344,1.51183031764303,0,0,0,0,0,0,0,0,NA,NA,FR,63551518,False
2026-27,937,Aziz Olajuwon,Stanford,0.705051980414474,0.806002951292788,1.51105493170726,0,0,0,0,0,0,0,0,NA,NA,FR,22690839,False
2026-27,938,Jacob Patrick,SMU,1.07276492317645,0.437971548469978,1.51073647164643,0,0,0,0,0,0,0,0,NA,NA,SR,2474918,False
2026-27,939,Robert Jurkovic,NC State,1.11412898740904,0.395507485399777,1.50963647280882,0,0,0,0,0,0,0,0,NA,NA,FR,111849707,False
2026-27,940,Babacar Sane,St. John's,0.742327363963536,0.766752759656278,1.50908012361981,0,0,0,0,0,0,0,0,NA,NA,FR,112682735,True
2026-27,941,Tyler Betsey,BYU,1.95468848425345,-0.447450741020058,1.50723774323339,0,0,0,0,0,0,0,0,NA,NA,JR,2321261,False
2026-27,942,Santiago Trouet,Ole Miss,-0.00978348538613579,1.51629939467966,1.50651590929352,0,0,0,0,0,0,0,0,NA,NA,JR,2153994,False
2026-27,943,Kameron Tinsley,IU Indy,1.44398112977184,0.0615851211495491,1.50556625092139,0,0,0,0,0,0,0,0,NA,NA,JR,2360659,False
2026-27,944,Davis Molnar,Furman,0.677809729865053,0.827563918359191,1.50537364822424,0,0,0,0,0,0,0,0,NA,NA,SR,1908360,False
2026-27,945,TJ Nadeau,Tulane,1.77380283428553,-0.272228658396867,1.50157417588866,0,0,0,0,0,0,0,0,NA,NA,JR,2319572,False
2026-27,946,DJ Stickman,Fresno State,-0.218967708849021,1.7195700697187,1.50060236086968,0,0,0,0,0,0,0,0,NA,NA,SO,2543787,False
2026-27,947,Miles Franklin,Columbia,0.433207451261238,1.06702800742296,1.5002354586842,0,0,0,0,0,0,0,0,NA,NA,SO,2492589,False
2026-27,948,Christian Thompson,Missouri State,-0.174677846553726,1.67286703643992,1.4981891898862,0,0,0,0,0,0,0,0,NA,NA,SO,153036983,False
2026-27,949,Lino Mark,Rutgers,0.299121421007845,1.198620591705,1.49774201271285,0,0,0,0,0,0,0,0,NA,NA,SO,2474211,False
2026-27,950,Kael Combs,Iowa,0.935720272282108,0.561615125640312,1.49733539792242,0,0,0,0,0,0,0,0,NA,NA,SR,2118750,False
2026-27,951,Hudson Greer,Creighton,0.997297196378872,0.495954324665067,1.49325152104394,0,0,0,0,0,0,0,0,NA,NA,SO,2540170,False
2026-27,952,Precious Idiaru,IU Indy,0.987840491738482,0.501359794989613,1.48920028672809,0,0,0,0,0,0,0,0,NA,NA,SO,164341052,False
2026-27,953,Jaden Jackson,Georgia State,1.25385142466896,0.233268927468037,1.487120352137,0,0,0,0,0,0,0,0,NA,NA,JR,2307448,False
2026-27,954,Chol Machot,Georgetown,-0.764312185971133,2.25067008038172,1.48635789441058,0,0,0,0,0,0,0,0,NA,NA,JR,2509286,False
2026-27,955,JaVar Daniel,Tarleton State,0.0279976333881789,1.45673908350049,1.48473671688867,0,0,0,0,0,0,0,0,NA,NA,SR,2199187,False
2026-27,956,Ant Brown Jr.,Vanderbilt,1.19174922196441,0.290072096977083,1.48182131894149,0,0,0,0,0,0,0,0,NA,NA,FR,214019171,False
2026-27,957,Josiah Sanders,Colorado,1.96319072214061,-0.481542088795134,1.48164863334548,0,0,0,0,0,0,0,0,NA,NA,SO,2540158,False
2026-27,958,Mekhi Conner,Incarnate Word,1.38133054714742,0.0998013642701753,1.48113191141759,0,0,0,0,0,0,0,0,NA,NA,JR,2342511,False
2026-27,959,Jan Vide,Virginia,0.794697093389598,0.683112197497094,1.47780929088669,0,0,0,0,0,0,0,0,NA,NA,SR,2106228,False
2026-27,960,Ben Oosterbaan,San Francisco,1.08602202993071,0.39002810564704,1.47605013557775,0,0,0,0,0,0,0,0,NA,NA,JR,2106781,False
2026-27,961,Parker Jones,Colgate,1.117655339626,0.355955814372328,1.47361115399833,0,0,0,0,0,0,0,0,NA,NA,SR,2122312,False
2026-27,962,Tai Turnage,Quinnipiac,1.84095118383856,-0.372846986781738,1.46810419705683,0,0,0,0,0,0,0,0,NA,NA,SO,2559864,False
2026-27,963,Luke Northweather,Missouri,1.28754821046833,0.178998500692425,1.46654671116075,0,0,0,0,0,0,0,0,NA,NA,SR,1897591,False
2026-27,964,Boyuan Zhang,Louisville,1.12380478234237,0.341154905614666,1.46495968795704,0,0,0,0,0,0,0,0,NA,NA,FR,32882219,False
2026-27,965,Darren Harris,Indiana,1.7742641057476,-0.316091301982717,1.45817280376488,0,0,0,0,0,0,0,0,NA,NA,JR,2319987,False
2026-27,966,Rashaan Mbemba,Colorado State,0.944096495755818,0.512923442130663,1.45701993788648,0,0,0,0,0,0,0,0,NA,NA,SR,2122487,False
2026-27,967,Raúl Villar,Elon,1.33231610549573,0.123168018982933,1.45548412447866,0,0,0,0,0,0,0,0,NA,NA,SO,2541054,False
2026-27,968,Michael Eley,Prairie View,1.75575491867021,-0.306175224167263,1.44957969450295,0,0,0,0,0,0,0,0,NA,NA,SR,1921725,False
2026-27,969,Andrija Grbovic,Oklahoma State,0.724520379958449,0.723508086037049,1.4480284659955,0,0,0,0,0,0,0,0,NA,NA,SR,2548108,False
2026-27,970,KJ Younger,Texas State,1.47620028366457,-0.0329230185646995,1.44327726509987,0,0,0,0,0,0,0,0,NA,NA,SO,2540609,False
2026-27,971,Micah Tucker,Grand Canyon,1.34355273473791,0.0983418360294772,1.44189457076738,0,0,0,0,0,0,0,0,NA,NA,SO,2511343,False
2026-27,972,Koren Johnson,Portland State,0.740496887756246,0.700890937106137,1.44138782486238,0,0,0,0,0,0,0,0,NA,NA,SR,1945370,False
2026-27,973,Ryan Kalambay,Saint Bonaventure,-0.141564393870758,1.57722109174635,1.43565669787559,0,0,0,0,0,0,0,0,NA,NA,JR,2319571,False
2026-27,974,Hayden Wood,Jacksonville,1.75102572896667,-0.316113174846195,1.43491255412047,0,0,0,0,0,0,0,0,NA,NA,SO,2474833,False
2026-27,975,Hamad Mousa,Cal Poly,1.59547185110597,-0.161506142183827,1.43396570892214,0,0,0,0,0,0,0,0,NA,NA,JR,2305451,False
2026-27,976,Taj Manning,Iowa State,0.268185855929082,1.1651697504714,1.43335560640048,0,0,0,0,0,0,0,0,NA,NA,SR,1910323,False
2026-27,977,Noah Pagotto,Northern Kentucky,1.00354267404219,0.428905066087425,1.43244774012961,0,0,0,0,0,0,0,0,NA,NA,SR,2132386,False
2026-27,978,Collin Mulholland,Utah State,1.42432021599913,0.00724081498766173,1.43156103098679,0,0,0,0,0,0,0,0,NA,NA,JR,2113895,False
2026-27,979,Emmett Marquardt,Eastern Washington,1.33400720028709,0.0878045218900726,1.42181172217717,0,0,0,0,0,0,0,0,NA,NA,SR,2136420,False
2026-27,980,Tate McCubbin,Northern Iowa,0.954915553451311,0.464806218543883,1.41972177199519,0,0,0,0,0,0,0,0,NA,NA,JR,2334129,False
2026-27,981,Isaiah Coleman,UTSA,0.215427381772453,1.19851020208355,1.413937583856,0,0,0,0,0,0,0,0,NA,NA,SR,2101704,False
2026-27,982,Greyson Uelmen,Northern Iowa,1.40049316471002,0.00816091418555743,1.40865407889557,0,0,0,0,0,0,0,0,NA,NA,SO,2286436,False
2026-27,983,Braxton Stacker,UNC Greensboro,0.850317303965827,0.558142672639464,1.40845997660529,0,0,0,0,0,0,0,0,NA,NA,SR,2143409,False
2026-27,984,Victory Onuetu,Wisconsin,-0.512817171994464,1.91976069138027,1.4069435193858,0,0,0,0,0,0,0,0,NA,NA,SO,2485508,False
2026-27,985,Jon Carroll,Drake,0.896255908553396,0.508106166771075,1.40436207532447,0,0,0,0,0,0,0,0,NA,NA,SR,2550003,False
2026-27,986,Guillaume Grotzinger,Loyola Chicago,1.34317327672643,0.0564236156084882,1.39959689233491,0,0,0,0,0,0,0,0,NA,NA,FR,114402191,False
2026-27,987,Mateen Rafiq,Cornell,2.30061203262701,-0.910485528054982,1.39012650457203,0,0,0,0,0,0,0,0,NA,NA,JR,2287707,False
2026-27,988,DeShawn Harris-Smith,Delaware,0.707211890749703,0.681242320334135,1.38845421108384,0,0,0,0,0,0,0,0,NA,NA,SR,2110161,False
2026-27,989,Jason Schofield,Loyola Chicago,0.838744047051461,0.546213755387971,1.38495780243943,0,0,0,0,0,0,0,0,NA,NA,JR,2119117,False
2026-27,990,Jahvin Carter,Middle Tennessee,1.83362458224494,-0.453559101742728,1.38006548050221,0,0,0,0,0,0,0,0,NA,NA,JR,2303024,False
2026-27,991,Marcus Johnson,South Carolina,1.11598468351108,0.263543515494022,1.3795281990051,0,0,0,0,0,0,0,0,NA,NA,FR,113466509,False
2026-27,992,Jaroslavs Pihtovs,San Francisco,0.39728430173061,0.979687001071581,1.37697130280219,0,0,0,0,0,0,0,0,NA,NA,FR,155794013,False
2026-27,993,Ring Nyeri,Wake Forest,0.580152657446917,0.796426055073576,1.37657871252049,0,0,0,0,0,0,0,0,NA,NA,JR,2277269,False
2026-27,994,Kenyon Goodin,Bellarmine,2.52506637108094,-1.14918500267781,1.37588136840313,0,0,0,0,0,0,0,0,NA,NA,SR,2140005,False
2026-27,995,Cam Gillus,Howard,1.42485344037711,-0.0532023936445901,1.37165104673252,0,0,0,0,0,0,0,0,NA,NA,SR,2099012,False
2026-27,996,Youssouf Traore,UTEP,0.797337411761173,0.570312308762427,1.3676497205236,0,0,0,0,0,0,0,0,NA,NA,FR,132653097,False
2026-27,997,Jeremy Lorenz,St. Thomas (MN),0.543400179705371,0.822757735288847,1.36615791499422,0,0,0,0,0,0,0,0,NA,NA,SR,2098108,False
2026-27,998,Jaylon Johnson,UNC Asheville,1.61340465909793,-0.249666407178299,1.36373825191963,0,0,0,0,0,0,0,0,NA,NA,SR,1946932,False
2026-27,999,Tajh Ariza,Oregon,0.132196140156656,1.23023157473432,1.36242771489098,0,0,0,0,0,0,0,0,NA,NA,FR,180528795,False
2026-27,1000,Nate Pickens,BYU,1.3624153070158,-0.00209124030902615,1.36032406670678,0,0,0,0,0,0,0,0,NA,NA,SR,1945359,False
2026-27,1001,Tyler Harris,UNLV,0.309679973622046,1.04708826472411,1.35676823834615,0,0,0,0,0,0,0,0,NA,NA,SR,2095945,False
2026-27,1002,Ryan Williams,Northeastern,2.35993060591492,-1.00616065216909,1.35376995374583,0,0,0,0,0,0,0,0,NA,NA,JR,2277238,False
2026-27,1003,Ronald Jessamy,Texas State,-0.0484050054543867,1.4001190646245,1.35171405917012,0,0,0,0,0,0,0,0,NA,NA,SR,2118548,False
2026-27,1004,Jaylen Peterson,Presbyterian,0.302910019923152,1.04699563773923,1.34990565766238,0,0,0,0,0,0,0,0,NA,NA,SR,1930111,False
2026-27,1005,Jefferson De La Cruz Monegro,Cal State Fullerton,1.39865137752707,-0.0524830614711986,1.34616831605587,0,0,0,0,0,0,0,0,NA,NA,SR,1903772,False
2026-27,1006,Ryan Blount,Tulane,1.74647891649134,-0.401590798343612,1.34488811814773,0,0,0,0,0,0,0,0,NA,NA,JR,250699150,False
2026-27,1007,Luke Moore,Central Arkansas,1.02396610867431,0.319354981624322,1.34332109029863,0,0,0,0,0,0,0,0,NA,NA,SO,2559457,False
2026-27,1008,Quante Berry,Lamar,0.24310138062127,1.09634788858058,1.33944926920185,0,0,0,0,0,0,0,0,NA,NA,SR,1890530,False
2026-27,1009,Devin Hutcherson,Kansas State,0.739408871346951,0.597154651393179,1.33656352274013,0,0,0,0,0,0,0,0,NA,NA,FR,110216224,False
2026-27,1010,Meechie White,Indiana State,0.754742746048813,0.581610494103352,1.33635324015216,0,0,0,0,0,0,0,0,NA,NA,SR,2493093,False
2026-27,1011,Chase Foster,Pittsburgh,-0.0570256796129976,1.3920756188813,1.3350499392683,0,0,0,0,0,0,0,0,NA,NA,FR,236115626,False
2026-27,1012,Corneilous Williams,Memphis,0.719349475112233,0.608523469171587,1.32787294428382,0,0,0,0,0,0,0,0,NA,NA,SR,1912221,False
2026-27,1013,Jordyn Buchanan,East Carolina,1.34937090634541,-0.0300792619671157,1.3192916443783,0,0,0,0,0,0,0,0,NA,NA,JR,256909270,False
2026-27,1014,Ivan Juric,Penn State,0.85377826626685,0.464058641624018,1.31783690789087,0,0,0,0,0,0,0,0,NA,NA,SO,2506621,False
2026-27,1015,Xavion Staton,Oregon State,-0.106483427847491,1.42158159782388,1.31509816997639,0,0,0,0,0,0,0,0,NA,NA,SO,2478375,False
2026-27,1016,Jaden Daughtry,Stony Brook,0.864604502699526,0.448254197123082,1.31285869982261,0,0,0,0,0,0,0,0,NA,NA,SR,2133595,False
2026-27,1017,Ilay Dolinski,Seton Hall,-0.162097686821895,1.47420682064547,1.31210913382358,0,0,0,0,0,0,0,0,NA,NA,FR,174964010,False
2026-27,1018,Marcus Wilson,Sacramento State,1.0500400822818,0.249811320455568,1.29985140273737,0,0,0,0,0,0,0,0,NA,NA,SO,2282764,False
2026-27,1019,D'Aundre Samuels,Houston Christian,0.631386864769789,0.667385969695599,1.29877283446539,0,0,0,0,0,0,0,0,NA,NA,SR,2138682,False
2026-27,1020,Niccolo Moretti,Lamar,1.2949320059374,0.00339715008389739,1.2983291560213,0,0,0,0,0,0,0,0,NA,NA,SR,1990479,False
2026-27,1021,Jae'Coby Osborne,New Mexico State,1.05064180635788,0.247442091929588,1.29808389828747,0,0,0,0,0,0,0,0,NA,NA,JR,2325492,False
2026-27,1022,Timotej Malovec,Kansas State,0.736459518066837,0.559422647158805,1.29588216522564,0,0,0,0,0,0,0,0,NA,NA,SO,2507187,False
2026-27,1023,Caleb Ourigou,Arkansas,-1.03100390564376,2.32607366223256,1.2950697565888,0,0,0,0,0,0,0,0,NA,NA,FR,35477530,False
2026-27,1024,Greg Jones,American,1.57579299407308,-0.281226523254264,1.29456647081881,0,0,0,0,0,0,0,0,NA,NA,SR,2112592,False
2026-27,1025,Kaleb Glenn,Michigan State,0.931530939640965,0.361574685192494,1.29310562483346,0,0,0,0,0,0,0,0,NA,NA,JR,2115900,False
2026-27,1026,Larry Hughes II,Sacramento State,1.10267733202897,0.190135978229821,1.29281331025879,0,0,0,0,0,0,0,0,NA,NA,SR,1927157,True
2026-27,1027,Jerone Morton,Kentucky,1.67316982960332,-0.383596204624824,1.2895736249785,0,0,0,0,0,0,0,0,NA,NA,SR,2132537,False
2026-27,1028,Trent Sisley,Indiana,0.906380234239359,0.381418153300354,1.28779838753971,0,0,0,0,0,0,0,0,NA,NA,SO,2506634,False
2026-27,1029,DJ Daniel,Gardner-Webb,1.09964031394103,0.186126882362105,1.28576719630314,0,0,0,0,0,0,0,0,NA,NA,SO,145883046,False
2026-27,1030,Ethan Harris,Iowa,0.022750370743528,1.26251644337624,1.28526681411977,0,0,0,0,0,0,0,0,NA,NA,FR,205148251,False
2026-27,1031,Imanuel Zorgvol,Hofstra,-0.702216653035473,1.98678119989673,1.28456454686125,0,0,0,0,0,0,0,0,NA,NA,SR,1727644,False
2026-27,1032,Tate Laczkowski,Army,0.356018699819424,0.924079919575119,1.28009861939454,0,0,0,0,0,0,0,0,NA,NA,SR,2143643,False
2026-27,1033,Macari Moore,Pittsburgh,0.546063374469897,0.732024204648559,1.27808757911846,0,0,0,0,0,0,0,0,NA,NA,SO,2538960,False
2026-27,1034,Mohammad Habhab,Eastern Michigan,0.159867138006232,1.11675662899051,1.27662376699675,0,0,0,0,0,0,0,0,NA,NA,SO,2311739,False
2026-27,1035,Colin Smith,Northwestern,1.5759608459739,-0.302689876013813,1.27327096996009,0,0,0,0,0,0,0,0,NA,NA,SR,1897598,False
2026-27,1036,Spencer Ahrens,Boise State,0.648644971295293,0.622620429124384,1.27126540041968,0,0,0,0,0,0,0,0,NA,NA,SO,2550057,False
2026-27,1037,Chance Trujillo,Hawaii,1.53040898794931,-0.261263174704136,1.26914581324518,0,0,0,0,0,0,0,0,NA,NA,JR,1720452,False
2026-27,1038,N'famara Dabo,Brown,-0.0466842436156416,1.31531484690081,1.26863060328517,0,0,0,0,0,0,0,0,NA,NA,SR,2110966,False
2026-27,1039,Xavier Amos,Loyola Chicago,0.471079464489833,0.797317073725123,1.26839653821496,0,0,0,0,0,0,0,0,NA,NA,SR,1945179,False
2026-27,1040,Andrew Alia,Drake,1.57942606842365,-0.312581531191151,1.2668445372325,0,0,0,0,0,0,0,0,NA,NA,SR,1925553,False
2026-27,1041,Dennis Evans,Oregon State,-0.258605718304139,1.52434653176155,1.26574081345741,0,0,0,0,0,0,0,0,NA,NA,SR,2115901,False
2026-27,1042,Rihards Vavers,Memphis,1.99491134634643,-0.735295592856526,1.25961575348991,0,0,0,0,0,0,0,0,NA,NA,SR,2153485,False
2026-27,1043,Cole McCormick,Central Arkansas,1.31628651022946,-0.0588882025378222,1.25739830769163,0,0,0,0,0,0,0,0,NA,NA,JR,2292841,False
2026-27,1044,Grant Stubblefield,Omaha,0.24262553359106,1.0124226371454,1.25504817073646,0,0,0,0,0,0,0,0,NA,NA,SR,2110355,False
2026-27,1045,Jacob Beccles,Cornell,1.74824384584515,-0.493779795084447,1.2544640507607,0,0,0,0,0,0,0,0,NA,NA,SR,2125880,False
2026-27,1046,Ahmad Henderson II,Illinois-Chicago,1.27919352519488,-0.0272157412403294,1.25197778395455,0,0,0,0,0,0,0,0,NA,NA,SR,2143455,False
2026-27,1047,Kruz McClure,DePaul,0.40324141481111,0.846219213991246,1.24946062880236,0,0,0,0,0,0,0,0,NA,NA,SO,2543750,False
2026-27,1048,CJ Ingram II,Florida,0.657015608739951,0.590271120751214,1.24728672949117,0,0,0,0,0,0,0,0,NA,NA,SO,2483433,False
2026-27,1049,Jaxson Bell,Furman,0.755486679945312,0.488250261044802,1.24373694099011,0,0,0,0,0,0,0,0,NA,NA,JR,2347038,False
2026-27,1050,Collin Kuhl,Stetson,0.810942836893141,0.431331680421692,1.24227451731483,0,0,0,0,0,0,0,0,NA,NA,SR,2106232,False
2026-27,1051,Bryson Cokley,Elon,1.93989547697522,-0.697780581612364,1.24211489536286,0,0,0,0,0,0,0,0,NA,NA,JR,2321347,False
2026-27,1052,Julen Iturbe,American,0.907719748131929,0.332991167674363,1.24071091580629,0,0,0,0,0,0,0,0,NA,NA,JR,2321215,False
2026-27,1053,Luke Almodovar,Memphis,1.19126531961814,0.0446779157558111,1.23594323537395,0,0,0,0,0,0,0,0,NA,NA,SR,2569019,False
2026-27,1054,Jalen Haynes,Southern Illinois,0.776119685378947,0.456198194659898,1.23231788003885,0,0,0,0,0,0,0,0,NA,NA,SO,2563448,False
2026-27,1055,Bradyn Hubbard,Arkansas-Little Rock,0.411042636767618,0.820305204757273,1.23134784152489,0,0,0,0,0,0,0,0,NA,NA,SR,2313792,False
2026-27,1056,Mike Williams III,Tulsa,0.00704345759522937,1.22026777203754,1.22731122963277,0,0,0,0,0,0,0,0,NA,NA,SR,2098797,False
2026-27,1057,Cameron Fens,North Carolina,0.434084250492223,0.79171832704306,1.22580257753528,0,0,0,0,0,0,0,0,NA,NA,SR,1933809,True
2026-27,1058,Isaiah Malone,UCF,0.164578455168852,1.06017975627896,1.22475821144781,0,0,0,0,0,0,0,0,NA,NA,SR,2532375,False
2026-27,1059,JaJuan Nicholls,Southern Utah,1.45168532142319,-0.227071246515819,1.22461407490737,0,0,0,0,0,0,0,0,NA,NA,SR,2292735,False
2026-27,1060,LJ Hackman,Western Kentucky,0.656184125268132,0.56133168163353,1.21751580690166,0,0,0,0,0,0,0,0,NA,NA,SR,2504108,False
2026-27,1061,Jonah Hinton,Rhode Island,1.21084860419525,0.006285877141278,1.21713448133653,0,0,0,0,0,0,0,0,NA,NA,SR,1891712,False
2026-27,1062,Jermaine O'Neal Jr.,SMU,0.852219198825643,0.361635715601435,1.21385491442708,0,0,0,0,0,0,0,0,NA,NA,SO,2503225,False
2026-27,1063,Jayce Nathaniel,Illinois-Chicago,0.893167967761918,0.316332395466608,1.20950036322853,0,0,0,0,0,0,0,0,NA,NA,SO,2319952,False
2026-27,1064,Tom Beattie,UC San Diego,0.983650280057872,0.224629535662938,1.20827981572081,0,0,0,0,0,0,0,0,NA,NA,SR,2114815,False
2026-27,1065,Rashund Washington Jr,Illinois-Chicago,1.18954060447509,0.01536438777737,1.20490499225246,0,0,0,0,0,0,0,0,NA,NA,SO,2531853,False
2026-27,1066,Jason Jakstys,Illinois,0.37054523119562,0.833394880510379,1.203940111706,0,0,0,0,0,0,0,0,NA,NA,SO,2321445,False
2026-27,1067,Youri Fritz,Pepperdine,0.251385498969452,0.94985028343358,1.20123578240303,0,0,0,0,0,0,0,0,NA,NA,SR,1911411,False
2026-27,1068,Sammy Jackson,VCU,0.668213317630885,0.531414655974238,1.19962797360512,0,0,0,0,0,0,0,0,NA,NA,FR,111885989,False
2026-27,1069,Alex Dickeson,Colorado,0.527496971214153,0.671961156682439,1.19945812789659,0,0,0,0,0,0,0,0,NA,NA,FR,170211120,False
2026-27,1070,Brant Byers,Penn State,1.52941521878167,-0.330709330285679,1.19870588849599,0,0,0,0,0,0,0,0,NA,NA,JR,2320433,False
2026-27,1071,Damari Wheeler-Thomas,Boise State,1.56006178488252,-0.362158598174789,1.19790318670773,0,0,0,0,0,0,0,0,NA,NA,SR,1932407,False
2026-27,1072,Adam Olsen,Auburn,1.14853276147641,0.0489030754824074,1.19743583695882,0,0,0,0,0,0,0,0,NA,NA,SR,2494549,False
2026-27,1073,Dominick Stewart,Richmond,0.819272941594363,0.374463446710835,1.1937363883052,0,0,0,0,0,0,0,0,NA,NA,JR,2303032,False
2026-27,1074,Jacoi Hutchinson,Troy,0.950545083684032,0.240846885233891,1.19139196891792,0,0,0,0,0,0,0,0,NA,NA,SR,2099646,False
2026-27,1075,Roberts Blums,Penn State,1.62511862577736,-0.437339970950487,1.18777865482688,0,0,0,0,0,0,0,0,NA,NA,JR,2306471,False
2026-27,1076,Jacob Theodosiou,Duke,0.481568788039465,0.705732244778536,1.187301032818,0,0,0,0,0,0,0,0,NA,NA,SR,2118751,False
2026-27,1077,Chance Gladden,San Diego State,1.57179308194239,-0.386005092214116,1.18578798972828,0,0,0,0,0,0,0,0,NA,NA,SO,2482546,False
2026-27,1078,Collin Ross,VCU,0.0870433564328373,1.09574007138462,1.18278342781745,0,0,0,0,0,0,0,0,NA,NA,FR,137989520,False
2026-27,1079,Courtland Muldrew,Georgia Tech,1.19175140817922,-0.0102976326367839,1.18145377554243,0,0,0,0,0,0,0,0,NA,NA,SO,2532534,False
2026-27,1080,Andrew Nagy,North Dakota State,0.528139891318673,0.651660418305809,1.17980030962448,0,0,0,0,0,0,0,0,NA,NA,SO,64092844,False
2026-27,1081,Marcus Hall,Green Bay,1.93160235195676,-0.757604036739228,1.17399831521753,0,0,0,0,0,0,0,0,NA,NA,SR,2093339,False
2026-27,1082,Jordan Brathwaite,Yale,1.35914633980775,-0.185676844721932,1.17346949508582,0,0,0,0,0,0,0,0,NA,NA,JR,2345899,False
2026-27,1083,Gus Etchison,IU Indy,1.91511909684862,-0.74235639341331,1.17276270343531,0,0,0,0,0,0,0,0,NA,NA,SR,1695200,False
2026-27,1084,Aaron Clark,Arkansas-Little Rock,0.978218610755707,0.192692163800325,1.17091077455603,0,0,0,0,0,0,0,0,NA,NA,SR,2125515,False
2026-27,1085,Javion Guy-King,Ball State,0.489330959601479,0.68133875183455,1.17066971143603,0,0,0,0,0,0,0,0,NA,NA,SR,2153817,False
2026-27,1086,Adante’ Holiman,Old Dominion,1.90808335628897,-0.737427585927183,1.17065577036179,0,0,0,0,0,0,0,0,NA,NA,SR,1931595,False
2026-27,1087,Ryan Sabol,Providence,2.28125753042749,-1.11253503909972,1.16872249132777,0,0,0,0,0,0,0,0,NA,NA,SR,2134479,False
2026-27,1088,Antoine Lorick III,Buffalo,0.311808669770174,0.856760314125436,1.16856898389561,0,0,0,0,0,0,0,0,NA,NA,SR,2335901,False
2026-27,1089,Kedrick Curtis,Sacred Heart,0.912251464748005,0.253245422310311,1.16549688705832,0,0,0,0,0,0,0,0,NA,NA,SR,149536844,False
2026-27,1090,Tristan Beckford,Bowling Green,0.535210153269947,0.629585801380157,1.1647959546501,0,0,0,0,0,0,0,0,NA,NA,SO,2560072,False
2026-27,1091,Ashton Walker,Monmouth,0.728092702699743,0.436428732575226,1.16452143527497,0,0,0,0,0,0,0,0,NA,NA,SO,2505876,False
2026-27,1092,Luke Wilson,Syracuse,-0.0837874663640217,1.24743950870425,1.16365204234023,0,0,0,0,0,0,0,0,NA,NA,JR,2127609,False
2026-27,1093,Andy Johnson,Illinois-Chicago,1.06167578233321,0.101783622160094,1.16345940449331,0,0,0,0,0,0,0,0,NA,NA,SO,2531850,False
2026-27,1094,Dusty Stromer,San Diego,0.723396005493166,0.43549589039793,1.1588918958911,0,0,0,0,0,0,0,0,NA,NA,SR,2105893,False
2026-27,1095,Amadou Seini,West Virginia,-0.135654913495907,1.29355064459331,1.1578957310974,0,0,0,0,0,0,0,0,NA,NA,FR,162975963,False
2026-27,1096,KC Ugwuakazi,Robert Morris,-0.416488414365139,1.57158972949875,1.15510131513361,0,0,0,0,0,0,0,0,NA,NA,SR,2152581,False
2026-27,1097,Lazar Stojkovic,St. John's,0.517754040767163,0.632513278451157,1.15026731921832,0,0,0,0,0,0,0,0,NA,NA,FR,207986624,False
2026-27,1098,Prince-Alexander Moody,Indiana,0.727236092139452,0.419644861232684,1.14688095337214,0,0,0,0,0,0,0,0,NA,NA,FR,54014966,False
2026-27,1099,Jaden Steppe,Montana State,0.0502370777665038,1.09015505348797,1.14039213125447,0,0,0,0,0,0,0,0,NA,NA,JR,2321365,False
2026-27,1100,Jacob Walker,Oklahoma State,1.28514021953581,-0.146639454749278,1.13850076478653,0,0,0,0,0,0,0,0,NA,NA,SO,2550315,False
2026-27,1101,Jerquarius Stanback,Boise State,-0.323861011435445,1.46150010279786,1.13763909136241,0,0,0,0,0,0,0,0,NA,NA,JR,2342861,False
2026-27,1102,Jevon Hill,San Diego,1.29376906253367,-0.157943930109641,1.13582513242403,0,0,0,0,0,0,0,0,NA,NA,SO,123923159,False
2026-27,1103,Dylan Grant,Charlotte,0.689537190248651,0.445432580376451,1.1349697706251,0,0,0,0,0,0,0,0,NA,NA,JR,2292684,False
2026-27,1104,Josh Harris,Florida Atlantic,0.982242274263704,0.150732130264779,1.13297440452848,0,0,0,0,0,0,0,0,NA,NA,JR,2282746,False
2026-27,1105,Kalek House,Xavier,0.87906746322135,0.253840822561352,1.1329082857827,0,0,0,0,0,0,0,0,NA,NA,FR,133113224,False
2026-27,1106,Devon Malcolm,UC Riverside,0.0823503080164364,1.04908670150296,1.1314370095194,0,0,0,0,0,0,0,0,NA,NA,SR,2282117,False
2026-27,1107,Caleb Sanders,Tennessee Tech,0.712759080031611,0.413177153426204,1.12593623345781,0,0,0,0,0,0,0,0,NA,NA,SO,2560106,False
2026-27,1108,Torey Alston,VCU,0.0772111782020286,1.04759428344927,1.1248054616513,0,0,0,0,0,0,0,0,NA,NA,JR,2110420,False
2026-27,1109,Kerem Konan,Duquesne,0.344870065507436,0.775945716452396,1.12081578195983,0,0,0,0,0,0,0,0,NA,NA,JR,2540178,False
2026-27,1110,Blake Harper,VCU,1.12708994199566,-0.0082588848487099,1.11883105714695,0,0,0,0,0,0,0,0,NA,NA,JR,2270228,False
2026-27,1111,Joey Chammaa,San Jose State,1.9373986422288,-0.82017027844314,1.11722836378566,0,0,0,0,0,0,0,0,NA,NA,JR,2153999,False
2026-27,1112,Maper Maker,Arkansas,-0.23154222806453,1.34620644985753,1.114664221793,0,0,0,0,0,0,0,0,NA,NA,FR,103317192,False
2026-27,1113,Bryce Dortch,Notre Dame,0.157891829082849,0.955114760441337,1.11300658952419,0,0,0,0,0,0,0,0,NA,NA,JR,2292682,False
2026-27,1114,Leon Horner,Jacksonville State,0.470291400841588,0.641299511798435,1.11159091264002,0,0,0,0,0,0,0,0,NA,NA,JR,2305705,False
2026-27,1115,Daquan Davis,Long Island,0.789348711318148,0.321013176632257,1.11036188795041,0,0,0,0,0,0,0,0,NA,NA,JR,2305482,False
2026-27,1116,Marvin Musiime-Kamali,Akron,0.773672481672286,0.335715638125368,1.10938811979765,0,0,0,0,0,0,0,0,NA,NA,SR,2094970,False
2026-27,1117,Josh Holloway,Memphis,0.61058017075303,0.494605454705119,1.10518562545815,0,0,0,0,0,0,0,0,NA,NA,SR,2106226,False
2026-27,1118,Jeff Nwankwo,Youngstown State,0.19654403298824,0.908573631680445,1.10511766466869,0,0,0,0,0,0,0,0,NA,NA,SR,2280418,False
2026-27,1119,Caleb Shaw,Grand Canyon,0.913813759209518,0.190653582057877,1.10446734126739,0,0,0,0,0,0,0,0,NA,NA,SR,1913195,False
2026-27,1120,Aiden Derkack,Dayton,0.451395954146559,0.652672159143666,1.10406811329022,0,0,0,0,0,0,0,0,NA,NA,FR,25950183,False
2026-27,1121,Jeremy Elyzee,UAB,0.518015153946613,0.586033500446709,1.10404865439332,0,0,0,0,0,0,0,0,NA,NA,JR,2313655,False
2026-27,1122,Darrion Sutton,Southeast Missouri State,0.135643155122526,0.96783175348455,1.10347490860708,0,0,0,0,0,0,0,0,NA,NA,JR,2304016,False
2026-27,1123,Zion Sensley,Loyola Marymount,1.04695265729162,0.0542251961776461,1.10117785346927,0,0,0,0,0,0,0,0,NA,NA,JR,2305476,False
2026-27,1124,Veniamin Abosi,UC Davis,0.34762323762582,0.751810527332397,1.09943376495822,0,0,0,0,0,0,0,0,NA,NA,JR,2322773,False
2026-27,1125,Ethan Duncan,California Baptist,2.20368013998621,-1.10469809672345,1.09898204326276,0,0,0,0,0,0,0,0,NA,NA,SR,1701843,False
2026-27,1126,Amondo Miller Jr.,Colorado State,0.809793748632727,0.289180907391315,1.09897465602404,0,0,0,0,0,0,0,0,NA,NA,SR,116457396,False
2026-27,1127,Isaac Taveras,Southern Mississippi,-0.828029611367451,1.92365221392931,1.09562260256186,0,0,0,0,0,0,0,0,NA,NA,SR,2160639,False
2026-27,1128,Trey Simpson,Kennesaw State,0.428470550064397,0.666222283785522,1.09469283384992,0,0,0,0,0,0,0,0,NA,NA,SO,2540415,False
2026-27,1129,Caedin Hamilton,Marquette,-0.403493566250127,1.49640702185312,1.09291345560299,0,0,0,0,0,0,0,0,NA,NA,JR,2128695,False
2026-27,1130,Luke Winkel,North Dakota,1.52206076581587,-0.43205460093604,1.09000616487983,0,0,0,0,0,0,0,0,NA,NA,JR,69915415,False
2026-27,1131,Sekou Konneh,San Diego,-0.32617616469909,1.41600542064163,1.08982925594254,0,0,0,0,0,0,0,0,NA,NA,SO,2283165,False
2026-27,1132,Damarius Owens,Marquette,0.61537143777605,0.474341373386456,1.08971281116251,0,0,0,0,0,0,0,0,NA,NA,JR,2302586,False
2026-27,1133,Adam Oumiddoch,Villanova,0.679841855396099,0.406434663201409,1.08627651859751,0,0,0,0,0,0,0,0,NA,NA,FR,129092815,False
2026-27,1134,Deywilk Tavarez,Hofstra,0.94454872225227,0.141293173970223,1.08584189622249,0,0,0,0,0,0,0,0,NA,NA,SR,2144427,False
2026-27,1135,Nasir Whitlock,Georgia Tech,1.68475002957797,-0.600772338262793,1.08397769131518,0,0,0,0,0,0,0,0,NA,NA,SR,2099015,False
2026-27,1136,Harrison Carrington,UC Irvine,0.990964188203952,0.0911029418977313,1.08206713010168,0,0,0,0,0,0,0,0,NA,NA,SR,1933865,False
2026-27,1137,Dawson Baker,BYU,1.34886603132572,-0.269583984939958,1.07928204638576,0,0,0,0,0,0,0,0,NA,NA,SR,1591588,False
2026-27,1138,Hunter Adam,Portland,1.23623773898908,-0.157024713842428,1.07921302514665,0,0,0,0,0,0,0,0,NA,NA,SR,2116918,False
2026-27,1139,LA Pratt,Northwestern,0.981660743099041,0.0968232574442489,1.07848400054329,0,0,0,0,0,0,0,0,NA,NA,SR,1946384,False
2026-27,1140,Alphonzo Billups III,Longwood,0.817625909681224,0.258751710773618,1.07637762045484,0,0,0,0,0,0,0,0,NA,NA,SR,1920041,False
2026-27,1141,Justin Ray,Wake Forest,1.47261992487049,-0.396399626715426,1.07622029815506,0,0,0,0,0,0,0,0,NA,NA,JR,2314232,False
2026-27,1142,Montana Wheeler,Kansas State,1.66131044193792,-0.585211091736663,1.07609935020126,0,0,0,0,0,0,0,0,NA,NA,SO,2474408,False
2026-27,1143,Lateef Patrick Jr,Fordham,1.01292322839801,0.0630166782745226,1.07593990667253,0,0,0,0,0,0,0,0,NA,NA,SR,2549892,False
2026-27,1144,Amir Jenkins,West Virginia,0.423102715129796,0.651397925725957,1.07450064085575,0,0,0,0,0,0,0,0,NA,NA,SO,2505103,False
2026-27,1145,Martay Barnes,Florida State,0.522822902411873,0.546601874609734,1.06942477702161,0,0,0,0,0,0,0,0,NA,NA,FR,74659046,False
2026-27,1146,Will Felton,North Carolina A&T,1.24291957708877,-0.174543051875062,1.06837652521371,0,0,0,0,0,0,0,0,NA,NA,SR,1716965,False
2026-27,1147,Uriyah Rojas,Wyoming,1.42766572075369,-0.36434801730419,1.0633177034495,0,0,0,0,0,0,0,0,NA,NA,SR,1937071,False
2026-27,1148,Jaquan Womack,Towson,-0.268424852079104,1.33021091798908,1.06178606590998,0,0,0,0,0,0,0,0,NA,NA,SO,2550059,False
2026-27,1149,Andrew Hilman,San Francisco,0.26700482533342,0.793340997443847,1.06034582277727,0,0,0,0,0,0,0,0,NA,NA,FR,171091538,False
2026-27,1150,Colin Rice,Nebraska,0.64189728769807,0.414220536976637,1.05611782467471,0,0,0,0,0,0,0,0,NA,NA,FR,154182763,False
2026-27,1151,Buddy Hammer Jr.,Akron,0.419825631553988,0.635725603404434,1.05555123495842,0,0,0,0,0,0,0,0,NA,NA,SR,2561230,False
2026-27,1152,Trent Perry,Kansas,0.455755468135342,0.599075369393351,1.05483083752869,0,0,0,0,0,0,0,0,NA,NA,FR,15190845,False
2026-27,1153,AJ Swinton,Florida State,0.0377442061695362,1.01498410630133,1.05272831247087,0,0,0,0,0,0,0,0,NA,NA,JR,2305488,False
2026-27,1154,Adam Harakow,Western Michigan,1.0442776728528,0.00823922001764758,1.05251689287045,0,0,0,0,0,0,0,0,NA,NA,SR,2098197,False
2026-27,1155,Malachi Palmer,Minnesota,0.745439784758715,0.305446366027571,1.05088615078629,0,0,0,0,0,0,0,0,NA,NA,JR,2313626,False
2026-27,1156,Jack Janicki,Wisconsin,0.10784609504777,0.940781463764995,1.04862755881277,0,0,0,0,0,0,0,0,NA,NA,JR,2093086,False
2026-27,1157,Josiah Moore,Tulane,0.292647389674299,0.754288078496302,1.0469354681706,0,0,0,0,0,0,0,0,NA,NA,JR,2277263,False
2026-27,1158,Jamarion Davis-Fleming,Alabama,-0.276957766913092,1.32248800443108,1.04553023751799,0,0,0,0,0,0,0,0,NA,NA,SO,2506897,False
2026-27,1159,Mikey Williams,Sacramento State,0.917736077062661,0.127047309241585,1.04478338630425,0,0,0,0,0,0,0,0,NA,NA,JR,2294592,False
2026-27,1160,Brady Dunlap,Georgia,1.79074086793516,-0.746385512141433,1.04435535579373,0,0,0,0,0,0,0,0,NA,NA,SR,2112492,False
2026-27,1161,Roger Fabrega Urpina,Fresno State,0.877556962719459,0.16605771652394,1.0436146792434,0,0,0,0,0,0,0,0,NA,NA,FR,69982005,False
2026-27,1162,Filip Malesevic,Arizona State,0.576857966939431,0.465594532615635,1.04245249955507,0,0,0,0,0,0,0,0,NA,NA,FR,246372501,False
2026-27,1163,Dillon Tingler,Drexel,0.0533625540919056,0.987657577273946,1.04102013136585,0,0,0,0,0,0,0,0,NA,NA,JR,2283305,False
2026-27,1164,Aidan Burke,UC San Diego,1.4810612696947,-0.44309499406977,1.03796627562493,0,0,0,0,0,0,0,0,NA,NA,SR,2136060,False
2026-27,1165,Luca Foster,Gonzaga,1.00471103910996,0.0321392410946764,1.03685028020464,0,0,0,0,0,0,0,0,NA,NA,FR,205026931,False
2026-27,1166,Alex Chaikin,UC San Diego,1.93289262280427,-0.898347097024467,1.0345455257798,0,0,0,0,0,0,0,0,NA,NA,JR,2313887,False
2026-27,1167,Abdi Bashir Jr.,LSU,2.37034570777702,-1.33778464884518,1.03256105893184,0,0,0,0,0,0,0,0,NA,NA,SR,2143422,False
2026-27,1168,Mitchell Holmes,North Texas,0.412548052238089,0.619934421515893,1.03248247375398,0,0,0,0,0,0,0,0,NA,NA,SO,2315125,False
2026-27,1169,Stephen Williams,South Alabama,0.437293369496002,0.594742030921864,1.03203540041787,0,0,0,0,0,0,0,0,NA,NA,JR,2494592,False
2026-27,1170,Cam Carroll,Rice,0.565665706835951,0.465891508492666,1.03155721532862,0,0,0,0,0,0,0,0,NA,NA,SO,2540366,False
2026-27,1171,Eric Dibami,UC Santa Barbara,-0.55040221961508,1.57740051332947,1.02699829371439,0,0,0,0,0,0,0,0,NA,NA,SO,2541652,False
2026-27,1172,Christian Fermin,Tennessee,-0.0103071488549323,1.03693063606084,1.02662348720591,0,0,0,0,0,0,0,0,NA,NA,SR,1920045,False
2026-27,1173,Kai Rogers,Oklahoma,0.0163916213637225,1.00943052367261,1.02582214503633,0,0,0,0,0,0,0,0,NA,NA,SO,2559450,False
2026-27,1174,Chandler Jackson,Milwaukee,1.08199625725738,-0.057938005969803,1.02405825128757,0,0,0,0,0,0,0,0,NA,NA,SR,1911366,False
2026-27,1175,Rodney Brown Jr.,Seton Hall,1.41447218045063,-0.391007474160573,1.02346470629006,0,0,0,0,0,0,0,0,NA,NA,SR,2099869,False
2026-27,1176,Chansey Willis Jr.,Kent State,0.330933516691179,0.691079011815991,1.02201252850717,0,0,0,0,0,0,0,0,NA,NA,SR,1949300,False
2026-27,1177,Bilal Abdur-Rahman,Alabama A&M,1.31056697733257,-0.291897405557697,1.01866957177488,0,0,0,0,0,0,0,0,NA,NA,SR,2143519,False
2026-27,1178,Kaiden Bailey,Georgia Tech,1.48998090544898,-0.472227339512264,1.01775356593671,0,0,0,0,0,0,0,0,NA,NA,FR,19288889,False
2026-27,1179,Flash Burton,UMBC,0.815250844678724,0.202452716397183,1.01770356107591,0,0,0,0,0,0,0,0,NA,NA,JR,2293243,False
2026-27,1180,Ace Valentine,Robert Morris,1.86436367950721,-0.84803095120304,1.01633272830417,0,0,0,0,0,0,0,0,NA,NA,SR,2126088,False
2026-27,1181,Jayden Williams,Jackson State,0.152058729689517,0.86401842811011,1.01607715779963,0,0,0,0,0,0,0,0,NA,NA,JR,2284624,False
2026-27,1182,Chase Thompson,Clemson,0.582066264523392,0.432655966982982,1.01472223150637,0,0,0,0,0,0,0,0,NA,NA,SO,2475394,False
2026-27,1183,Rolyns Aligbe,Xavier,-0.245961871439251,1.25876962639003,1.01280775495078,0,0,0,0,0,0,0,0,NA,NA,JR,2342581,False
2026-27,1184,Mynor Strong,Toledo,0.702913790957742,0.302204338252416,1.00511812921016,0,0,0,0,0,0,0,0,NA,NA,JR,2488777,False
2026-27,1185,Sebastian Mack,UNLV,0.394959199541237,0.609468766409384,1.00442796595062,0,0,0,0,0,0,0,0,NA,NA,SR,2106222,False
2026-27,1186,Curtis Givens III,Ohio State,1.08623374536491,-0.0830533442055625,1.00318040115935,0,0,0,0,0,0,0,0,NA,NA,JR,2281242,False
2026-27,1187,Evan Haywood,Pepperdine,1.35449731258898,-0.351932156332087,1.00256515625689,0,0,0,0,0,0,0,0,NA,NA,JR,2302156,False
2026-27,1188,Diego Trejo-Delgado,Idaho,0.459403240725639,0.539285969870868,0.998689210596507,0,0,0,0,0,0,0,0,NA,NA,JR,164212208,False
2026-27,1189,Cam Lowe,Wofford,1.04854094347605,-0.0509935358040073,0.99754740767204,0,0,0,0,0,0,0,0,NA,NA,JR,149488278,False
2026-27,1190,Jack Payne,Long Beach State,0.771187493018895,0.225298302864481,0.996485795883376,0,0,0,0,0,0,0,0,NA,NA,SR,1921971,False
2026-27,1191,Jahari Williamson,Pepperdine,2.04019867341777,-1.04450337010136,0.99569530331641,0,0,0,0,0,0,0,0,NA,NA,SR,2117914,False
2026-27,1192,Cole Franklin,North Texas,-0.147510654528852,1.14205772004914,0.994547065520283,0,0,0,0,0,0,0,0,NA,NA,SR,2349105,False
2026-27,1193,Kade Sebastian,American,0.7332676128209,0.261157423569332,0.994425036390231,0,0,0,0,0,0,0,0,NA,NA,SO,2478271,False
2026-27,1194,Max Green,College of Charleston,0.912174521276279,0.0814272833771349,0.993601804653414,0,0,0,0,0,0,0,0,NA,NA,JR,2299338,False
2026-27,1195,Jesse McCulloch,Michigan State,0.0532887256567743,0.939321779197293,0.992610504854068,0,0,0,0,0,0,0,0,NA,NA,JR,2313673,False
2026-27,1196,Grant Polk,South Carolina,1.86633752122336,-0.874537732678698,0.991799788544661,0,0,0,0,0,0,0,0,NA,NA,SO,2480422,False
2026-27,1197,Ross Candelino,Fresno State,1.43730158957804,-0.448424578986986,0.98887701059105,0,0,0,0,0,0,0,0,NA,NA,SR,1930478,False
2026-27,1198,Drew Anderson,Stanford,0.870388807079483,0.115521448984273,0.985910256063756,0,0,0,0,0,0,0,0,NA,NA,FR,130684029,False
2026-27,1199,Diego Garavaglia,Rutgers,0.326197500334426,0.650831551445609,0.977029051780035,0,0,0,0,0,0,0,0,NA,NA,FR,196808514,False
2026-27,1200,Josiah Parker,Georgetown,0.389573014342231,0.582544135716137,0.972117150058368,0,0,0,0,0,0,0,0,NA,NA,SO,2550731,False
2026-27,1201,Jeremiah Cherry,San Diego State,-0.317851732738714,1.28788672478234,0.970034992043631,0,0,0,0,0,0,0,0,NA,NA,SR,2345801,False
2026-27,1202,Maxim Klitschko,East Carolina,0.30869690098821,0.661148027856258,0.969844928844467,0,0,0,0,0,0,0,0,NA,NA,FR,50403996,False
2026-27,1203,AJ Brown,Florida,1.31276302042894,-0.343075027250311,0.969687993178624,0,0,0,0,0,0,0,0,NA,NA,SR,1916866,False
2026-27,1204,Jamai Felt,Arkansas-Little Rock,-0.548385226708042,1.5147639260962,0.966378699388154,0,0,0,0,0,0,0,0,NA,NA,JR,1890448,False
2026-27,1205,Jalen Griffith,Eastern Washington,1.54525470313625,-0.581274852742112,0.963979850394136,0,0,0,0,0,0,0,0,NA,NA,SR,2143488,False
2026-27,1206,Trent Mosquera,Tennessee Tech,0.704283432605353,0.256067494912695,0.960350927518048,0,0,0,0,0,0,0,0,NA,NA,SR,1946960,False
2026-27,1207,Quin Gorman,Stony Brook,0.289768242436049,0.668471723806275,0.958239966242324,0,0,0,0,0,0,0,0,NA,NA,JR,2283131,False
2026-27,1208,RaSheed Jones,Rutgers,1.14769173272527,-0.190574293049589,0.957117439675684,0,0,0,0,0,0,0,0,NA,NA,SR,1946868,False
2026-27,1209,Marcus Allen,Miami (Fla.),0.686544651431346,0.270387233211113,0.956931884642459,0,0,0,0,0,0,0,0,NA,NA,JR,2300861,False
2026-27,1210,Anthony Nimani,Cornell,1.96981669224649,-1.01324851483846,0.956568177408022,0,0,0,0,0,0,0,0,NA,NA,JR,2287708,False
2026-27,1211,Kam Craft,Georgia Tech,1.74383899121194,-0.787649967403202,0.956189023808742,0,0,0,0,0,0,0,0,NA,NA,SR,1945237,False
2026-27,1212,Matthew Shelton,Liberty,0.498976319627997,0.454952062983764,0.953928382611761,0,0,0,0,0,0,0,0,NA,NA,JR,175351855,False
2026-27,1213,Enel St. Bernard,Sam Houston State,-0.131334495063359,1.08119527615156,0.9498607810882,0,0,0,0,0,0,0,0,NA,NA,SR,2503126,False
2026-27,1214,Dorian Finister,Charlotte,0.612141430052398,0.336708476717779,0.948849906770177,0,0,0,0,0,0,0,0,NA,NA,SR,1910325,False
2026-27,1215,Kelvin Odih,Fordham,0.32220209099836,0.622839683710781,0.94504177470914,0,0,0,0,0,0,0,0,NA,NA,SO,2538723,False
2026-27,1216,Todd Jones Jr.,Louisiana-Lafayette,-0.517272462837373,1.45995056286523,0.942678100027861,0,0,0,0,0,0,0,0,NA,NA,JR,2324519,False
2026-27,1217,Jamie Vinson,Texas A&M,-0.0762502932576782,1.01428057843437,0.938030285176688,0,0,0,0,0,0,0,0,NA,NA,JR,2305492,False
2026-27,1218,Jordan Tillery,VCU,0.515228676974491,0.41534732083844,0.930575997812931,0,0,0,0,0,0,0,0,NA,NA,SO,2493033,False
2026-27,1219,Jaye Nash,Connecticut,0.560750693476567,0.365694158397914,0.926444851874481,0,0,0,0,0,0,0,0,NA,NA,JR,2349985,False
2026-27,1220,Malachi Brown,Western Carolina,0.984636152797116,-0.059483357644117,0.925152795152999,0,0,0,0,0,0,0,0,NA,NA,SR,2101705,False
2026-27,1221,Marqui Worthy,San Diego,0.568692229025222,0.35353740395313,0.922229632978352,0,0,0,0,0,0,0,0,NA,NA,SR,2152573,False
2026-27,1222,Trevon Carter-Givens,Creighton,-0.42395781352744,1.34608899417808,0.922131180650641,0,0,0,0,0,0,0,0,NA,NA,FR,90507044,False
2026-27,1223,Carl Cherenfant,McNeese State,-0.185708427730025,1.1040428192346,0.918334391504575,0,0,0,0,0,0,0,0,NA,NA,SR,2096193,False
2026-27,1224,Kai Simpson,Northwestern State,1.50559754649089,-0.594793710193851,0.910803836297036,0,0,0,0,0,0,0,0,NA,NA,JR,248629394,False
2026-27,1225,Jordan Clayton,Massachusetts,0.617918240474788,0.289562110303754,0.907480350778542,0,0,0,0,0,0,0,0,NA,NA,SR,2144295,False
2026-27,1226,Mathis Courbon,Murray State,1.22095858499527,-0.313567041630222,0.907391543365048,0,0,0,0,0,0,0,0,NA,NA,SO,2481894,False
2026-27,1227,Isaiah Elohim,Virginia Tech,1.03708927801023,-0.129710722465302,0.90737855554493,0,0,0,0,0,0,0,0,NA,NA,JR,2328170,False
2026-27,1228,Makhai Valentine,George Mason,1.24816966694458,-0.345050655469042,0.903119011475543,0,0,0,0,0,0,0,0,NA,NA,JR,2313690,False
2026-27,1229,Terry Coner Jr.,California Baptist,1.19154902738136,-0.289594052892629,0.901954974488734,0,0,0,0,0,0,0,0,NA,NA,SR,72537945,False
2026-27,1230,Mihailo Petrovic,Seton Hall,1.24173690627768,-0.34043701958976,0.901299886687916,0,0,0,0,0,0,0,0,NA,NA,JR,2548110,False
2026-27,1231,Cayden Ward,Cal Poly,1.14928232029333,-0.248210527613783,0.901071792679545,0,0,0,0,0,0,0,0,NA,NA,JR,2318757,False
2026-27,1232,Ryan Agarwal,Loyola Chicago,0.368399561437682,0.532020529477582,0.900420090915264,0,0,0,0,0,0,0,0,NA,NA,SR,1903956,False
2026-27,1233,Shareef Jackson,Lafayette,0.0625638317877012,0.83659769031567,0.899161522103372,0,0,0,0,0,0,0,0,NA,NA,SO,2536828,False
2026-27,1234,Armoni Zeigler,Boston College,0.200117346409454,0.69884943968241,0.898966786091864,0,0,0,0,0,0,0,0,NA,NA,SR,2137102,False
2026-27,1235,Yabi Aklog,Oregon State,-0.126907605882622,1.02522281876088,0.898315212878258,0,0,0,0,0,0,0,0,NA,NA,FR,45138570,False
2026-27,1236,Josiah Harris,Louisiana-Lafayette,1.05770118092923,-0.159644072281811,0.898057108647421,0,0,0,0,0,0,0,0,NA,NA,SR,1912261,False
2026-27,1237,Drey Carter,North Alabama,1.56240939411238,-0.665384941548837,0.897024452563544,0,0,0,0,0,0,0,0,NA,NA,SO,45082428,False
2026-27,1238,K.J. Windham,James Madison,1.01076006382221,-0.116438725310409,0.8943213385118,0,0,0,0,0,0,0,0,NA,NA,JR,2279823,False
2026-27,1239,Max Frazier,Hampton,0.0285215647322857,0.863992927744,0.892514492476286,0,0,0,0,0,0,0,0,NA,NA,SR,2110189,False
2026-27,1240,Aaron Hunkin-Claytor,USC,0.512446612167086,0.377661181003927,0.890107793171014,0,0,0,0,0,0,0,0,NA,NA,JR,2306124,False
2026-27,1241,Augustinas Kiudulas,Western Michigan,0.714096614775273,0.175460588621074,0.889557203396347,0,0,0,0,0,0,0,0,NA,NA,SR,2133592,False
2026-27,1242,Ege Demir,Duquesne,-0.764821326915263,1.65409261362128,0.889271286706018,0,0,0,0,0,0,0,0,NA,NA,SR,2543874,False
2026-27,1243,AJ Dancler,South Florida,1.07179938066896,-0.183373063966084,0.88842631670288,0,0,0,0,0,0,0,0,NA,NA,SR,2110381,False
2026-27,1244,Dez White,Temple,1.1932893028745,-0.308468136425628,0.884821166448873,0,0,0,0,0,0,0,0,NA,NA,SR,2125105,False
2026-27,1245,Qadir Martin,Fairfield,0.512250403116143,0.37048019132066,0.882730594436803,0,0,0,0,0,0,0,0,NA,NA,JR,2287899,False
2026-27,1246,Mayar Wol,Seton Hall,0.726152502794919,0.156141058215273,0.882293561010191,0,0,0,0,0,0,0,0,NA,NA,JR,2106723,False
2026-27,1247,Jaden Ghoreishi,Colorado State,0.236429694207748,0.644363019244081,0.880792713451829,0,0,0,0,0,0,0,0,NA,NA,FR,107185131,False
2026-27,1248,Elijah Strong,Saint Louis,0.809324761967863,0.0686197635024999,0.877944525470363,0,0,0,0,0,0,0,0,NA,NA,SR,2128762,False
2026-27,1249,Seth Amunrud,Montana State,1.15876599208971,-0.28173021449418,0.877035777595526,0,0,0,0,0,0,0,0,NA,NA,SR,2568043,False
2026-27,1250,Timo George,Portland,0.541109446974602,0.334655723170076,0.875765170144678,0,0,0,0,0,0,0,0,NA,NA,SO,2539449,False
2026-27,1251,Carson Schwieger,Tulane,1.29232772825399,-0.419252607902083,0.873075120351907,0,0,0,0,0,0,0,0,NA,NA,JR,2125325,False
2026-27,1252,Ben Eisendrath,Harvard,-0.202871534122199,1.07468620036166,0.871814666239464,0,0,0,0,0,0,0,0,NA,NA,JR,2292702,False
2026-27,1253,Tucker Anderson,Central Arkansas,1.37235659097243,-0.502088589139164,0.870268001833266,0,0,0,0,0,0,0,0,NA,NA,SR,2153822,False
2026-27,1254,Sam Walters,Troy,1.25411759854458,-0.385184563607204,0.868933034937372,0,0,0,0,0,0,0,0,NA,NA,SR,2099742,False
2026-27,1255,Timofei Rudovskii,Pittsburgh,0.132121267138584,0.736708282234114,0.868829549372697,0,0,0,0,0,0,0,0,NA,NA,SO,2481545,False
2026-27,1256,Sebastian Wilkins,Duke,-0.00674367140860137,0.871419570304702,0.864675898896101,0,0,0,0,0,0,0,0,NA,NA,SO,2561476,False
2026-27,1257,Dean Rueckert,BYU,0.443227626383239,0.417028983863294,0.860256610246533,0,0,0,0,0,0,0,0,NA,NA,FR,132678283,False
2026-27,1258,Isaac Carr,Wake Forest,1.27115305642298,-0.414066284732417,0.857086771690566,0,0,0,0,0,0,0,0,NA,NA,SO,2505043,False
2026-27,1259,Will Davies,Vermont,1.61587572438659,-0.761040898995286,0.854834825391308,0,0,0,0,0,0,0,0,NA,NA,JR,195939248,False
2026-27,1260,Raleigh Burgess,Purdue,0.136133444576993,0.71718115378887,0.853314598365862,0,0,0,0,0,0,0,0,NA,NA,JR,2334061,False
2026-27,1261,Tye Dorset,Merrimack,0.680154823177274,0.172818214577511,0.852973037754785,0,0,0,0,0,0,0,0,NA,NA,JR,2289539,False
2026-27,1262,Dalton Scantlebury,Penn,-0.352253326546147,1.20224357082826,0.849990244282115,0,0,0,0,0,0,0,0,NA,NA,SO,2532443,False
2026-27,1263,Joshua Hughes,USC,0.0226900075117039,0.825922427191656,0.84861243470336,0,0,0,0,0,0,0,0,NA,NA,SR,2143529,False
2026-27,1264,Ashton Hardaway,Coastal Carolina,0.21764613139143,0.630068065046125,0.847714196437555,0,0,0,0,0,0,0,0,NA,NA,SR,2096192,False
2026-27,1265,Bryce Eaton,Saint Peter's,1.26832927121866,-0.4255450845887,0.842784186629957,0,0,0,0,0,0,0,0,NA,NA,JR,2110194,False
2026-27,1266,Arman Madi,Sacramento State,0.743024902305434,0.0989103122871583,0.841935214592592,0,0,0,0,0,0,0,0,NA,NA,JR,2125339,False
2026-27,1267,Sam Donald,Bellarmine,1.07642376139056,-0.235568764676242,0.840854996714315,0,0,0,0,0,0,0,0,NA,NA,SO,2552852,False
2026-27,1268,Leroy Kelly IV,Tarleton State,0.0716709694498651,0.764289744929943,0.835960714379808,0,0,0,0,0,0,0,0,NA,NA,SO,2540336,False
2026-27,1269,Tameron Ferguson,Arkansas State,1.30061495958335,-0.469708865211388,0.830906094371961,0,0,0,0,0,0,0,0,NA,NA,JR,19341897,False
2026-27,1270,Stefanos Spartalis,Monmouth,0.412593412151335,0.417749850114951,0.830343262266286,0,0,0,0,0,0,0,0,NA,NA,SO,2567136,False
2026-27,1271,Randall Pettus II,Elon,0.18518944674664,0.643549706852158,0.828739153598798,0,0,0,0,0,0,0,0,NA,NA,SR,2093202,False
2026-27,1272,Sergej Macura,UCLA,0.302916830386234,0.525628056526576,0.828544886912809,0,0,0,0,0,0,0,0,NA,NA,JR,2506917,False
2026-27,1273,Eemeli Yalaho,NC State,0.981698261715745,-0.158619763113853,0.823078498601892,0,0,0,0,0,0,0,0,NA,NA,SR,2125066,False
2026-27,1274,Donald Hand Jr.,Loyola Chicago,0.575681513816193,0.247350136318219,0.823031650134412,0,0,0,0,0,0,0,0,NA,NA,SR,1908254,False
2026-27,1275,Micah Octave,Florida A&M,-0.0150958639877187,0.837167720603702,0.822071856615984,0,0,0,0,0,0,0,0,NA,NA,SR,2134399,False
2026-27,1276,Andrej Kostic,Kansas State,1.50771104017829,-0.6875072830192,0.82020375715909,0,0,0,0,0,0,0,0,NA,NA,SO,2510653,False
2026-27,1277,Kevin Patton Jr.,Bethune-Cookman,0.0396707620915066,0.779430501625871,0.819101263717377,0,0,0,0,0,0,0,0,NA,NA,SR,2153993,False
2026-27,1278,Kaspar Sepp,Cornell,1.00695977058985,-0.188336917884775,0.818622852705071,0,0,0,0,0,0,0,0,NA,NA,SR,2117919,False
2026-27,1279,Jacoby Hill,Kennesaw State,1.28116381380966,-0.464119949637652,0.817043864172004,0,0,0,0,0,0,0,0,NA,NA,SO,2533452,False
2026-27,1280,Jacob Lanier,Nebraska,0.424723683087814,0.391456480530309,0.816180163618124,0,0,0,0,0,0,0,0,NA,NA,FR,172989280,False
2026-27,1281,Herly Brutus,Butler,0.11572498418419,0.69994199595033,0.81566698013452,0,0,0,0,0,0,0,0,NA,NA,FR,260586874,False
2026-27,1282,Kyran Tilley,Louisiana Tech,0.77562838579146,0.0377107310750055,0.813339116866466,0,0,0,0,0,0,0,0,NA,NA,JR,10380061,False
2026-27,1283,Justyn Fernandez,UAB,0.640224949335634,0.173011047292984,0.813235996628618,0,0,0,0,0,0,0,0,NA,NA,SR,1793555,False
2026-27,1284,Marcus Kell,Furman,0.948537489267309,-0.137214270768452,0.811323218498857,0,0,0,0,0,0,0,0,NA,NA,SR,1946856,False
2026-27,1285,JR Jacobs,Fairleigh Dickinson,1.42942226675736,-0.618793402025071,0.81062886473229,0,0,0,0,0,0,0,0,NA,NA,SO,204252851,False
2026-27,1286,Josh Baldwin,William & Mary,0.955193253559253,-0.146622901783345,0.808570351775908,0,0,0,0,0,0,0,0,NA,NA,SR,1936756,False
2026-27,1287,Isaiah Sy,San Diego State,0.888072325839413,-0.0803368133182275,0.807735512521185,0,0,0,0,0,0,0,0,NA,NA,SR,2315186,False
2026-27,1288,Del Jones,Seton Hall,0.828337775435155,-0.0225659761614002,0.805771799273755,0,0,0,0,0,0,0,0,NA,NA,JR,2305268,False
2026-27,1289,Jadin Collins-Roberts,Marist,0.468503072234897,0.336767778386877,0.805270850621774,0,0,0,0,0,0,0,0,NA,NA,SR,2119112,False
2026-27,1290,Jordan Butler,Furman,0.164475477599293,0.637973470147598,0.802448947746891,0,0,0,0,0,0,0,0,NA,NA,SR,2113363,False
2026-27,1291,Garrett Sundra,James Madison,0.313903204064653,0.487796841612331,0.801700045676984,0,0,0,0,0,0,0,0,NA,NA,JR,2283123,False
2026-27,1292,Jamyron Keller,Louisiana-Lafayette,0.62622761869817,0.174078510888238,0.800306129586407,0,0,0,0,0,0,0,0,NA,NA,SR,2105468,False
2026-27,1293,Davion Hannah,South Carolina,0.0651877665550804,0.734912707622544,0.800100474177625,0,0,0,0,0,0,0,0,NA,NA,SO,2550730,False
2026-27,1294,Gabe Cupps,Illinois-Chicago,0.443785968126129,0.356061081892119,0.799847050018249,0,0,0,0,0,0,0,0,NA,NA,JR,2099636,False
2026-27,1295,Tycen McDaniels,UT Arlington,-0.165956220313903,0.965685505352371,0.799729285038467,0,0,0,0,0,0,0,0,NA,NA,SR,2345734,False
2026-27,1296,"Darin Smith, Jr.",Rutgers,1.46264033090378,-0.664164059603655,0.798476271300129,0,0,0,0,0,0,0,0,NA,NA,JR,2107891,False
2026-27,1297,Dennis Johnson III,Portland State,1.21242036658732,-0.416168233464887,0.796252133122431,0,0,0,0,0,0,0,0,NA,NA,SO,153797477,False
2026-27,1298,William Kermoury,UNC Wilmington,1.41636907833439,-0.621021195561189,0.795347882773197,0,0,0,0,0,0,0,0,NA,NA,SR,2112342,False
2026-27,1299,Luke Hunger,Boston College,1.08708929395536,-0.291923853864843,0.79516544009052,0,0,0,0,0,0,0,0,NA,NA,SR,1924060,False
2026-27,1300,Maikcol Perez,Baylor,-0.00865973056293878,0.80318413237329,0.794524401810352,0,0,0,0,0,0,0,0,NA,NA,SO,2481337,False
2026-27,1301,Kendyl Sanders,Mississippi State,0.132803149624879,0.660138080734195,0.792941230359074,0,0,0,0,0,0,0,0,NA,NA,SO,2474919,False
2026-27,1302,Malick Diallo,Loyola Chicago,-0.830036890833431,1.62106251794326,0.79102562710983,0,0,0,0,0,0,0,0,NA,NA,JR,2305308,False
2026-27,1303,Tyler Jackson,Hampton,0.662626399191056,0.127776268831595,0.790402668022651,0,0,0,0,0,0,0,0,NA,NA,SO,2550837,False
2026-27,1304,Nyle Ralph-Beyer,VCU,2.04854736526372,-1.25947628058793,0.789071084675791,0,0,0,0,0,0,0,0,NA,NA,JR,2342508,False
2026-27,1305,Ralph Scott,Tennessee,0.16955751363999,0.615837667044108,0.785395180684098,0,0,0,0,0,0,0,0,NA,NA,FR,182521233,False
2026-27,1306,Erik Makke,Stephen F. Austin,1.50127428327986,-0.716357935122704,0.784916348157152,0,0,0,0,0,0,0,0,NA,NA,FR,162859693,False
2026-27,1307,Vuk Boskovic,Bethune-Cookman,0.630710010528279,0.153558188482717,0.784268199010996,0,0,0,0,0,0,0,0,NA,NA,SR,2533742,False
2026-27,1308,Billy White III,SMU,-0.00334224598907246,0.787170549826025,0.783828303836952,0,0,0,0,0,0,0,0,NA,NA,SO,2503226,False
2026-27,1309,Peyton Miller,George Mason,0.198141506746771,0.582953267308854,0.781094774055625,0,0,0,0,0,0,0,0,NA,NA,FR,151906103,False
2026-27,1310,Symon Ghai,Northwestern,-0.527436721278285,1.30690075430234,0.779464033024055,0,0,0,0,0,0,0,0,NA,NA,FR,207932582,False
2026-27,1311,Jason Drake,Temple,1.12222466405217,-0.343018774497259,0.779205889554909,0,0,0,0,0,0,0,0,NA,NA,SR,1913079,False
2026-27,1312,Miguel Allen,Charlotte,0.143025022790969,0.634892703335298,0.777917726126267,0,0,0,0,0,0,0,0,NA,NA,FR,202198180,False
2026-27,1313,Cord Stansberry,Missouri,1.08249133225905,-0.307309175494207,0.775182156764839,0,0,0,0,0,0,0,0,NA,NA,SR,1917660,False
2026-27,1314,Carter Hopoi,Valparaiso,-0.426892786242271,1.20059139810233,0.773698611860062,0,0,0,0,0,0,0,0,NA,NA,SO,2536616,False
2026-27,1315,Mambourou Mara,Houston Christian,-0.59342922930174,1.36268006804119,0.769250838739451,0,0,0,0,0,0,0,0,NA,NA,SR,2100316,False
2026-27,1316,Jonah Butler,Stony Brook,0.460673385719932,0.308448795482154,0.769122181202087,0,0,0,0,0,0,0,0,NA,NA,SO,2477825,False
2026-27,1317,Quincy Wadley,Oklahoma,0.398892643013462,0.367358295122495,0.766250938135957,0,0,0,0,0,0,0,0,NA,NA,FR,31959646,False
2026-27,1318,Caleb Blackwell,Tarleton State,0.446312555921327,0.317998805448507,0.764311361369834,0,0,0,0,0,0,0,0,NA,NA,SR,1948178,False
2026-27,1319,Tylis Jordan,Georgia Tech,-0.0894208058665578,0.851690881207787,0.76227007534123,0,0,0,0,0,0,0,0,NA,NA,SO,2489404,False
2026-27,1320,Andrew Crawford,Northern Colorado,0.315077649975221,0.44653080755957,0.761608457534791,0,0,0,0,0,0,0,0,NA,NA,SO,2317074,False
2026-27,1321,Luke McEldon,Northwestern,0.154579250471037,0.60530747889244,0.759886729363477,0,0,0,0,0,0,0,0,NA,NA,SR,2110378,False
2026-27,1322,Curtis Williams Jr.,High Point,0.685571723727004,0.0742113679035792,0.759783091630583,0,0,0,0,0,0,0,0,NA,NA,SR,2115895,False
2026-27,1323,Jordan Clark,Montana,1.63421661397223,-0.875054514751635,0.759162099220598,0,0,0,0,0,0,0,0,NA,NA,SR,48061084,False
2026-27,1324,Julien Gomez,Western Michigan,1.20575260435239,-0.44856423479764,0.757188369554748,0,0,0,0,0,0,0,0,NA,NA,SO,2534677,False
2026-27,1325,Ofri Naveh,Middle Tennessee,-0.291247519205,1.04715248907357,0.755904969868567,0,0,0,0,0,0,0,0,NA,NA,JR,2110915,False
2026-27,1326,Paulo Semedo,Arkansas,-0.414031619708388,1.16915648555527,0.755124865846885,0,0,0,0,0,0,0,0,NA,NA,SO,2533527,False
2026-27,1327,Lathan Sommerville,Washington,0.18320314533315,0.571890095915446,0.755093241248595,0,0,0,0,0,0,0,0,NA,NA,JR,2292695,False
2026-27,1328,Gilad Levy,LSU,-0.00940949733342922,0.760617400903283,0.751207903569854,0,0,0,0,0,0,0,0,NA,NA,FR,243122173,True
2026-27,1329,Brett Decker Jr.,Baylor,1.86923990722857,-1.12172511817078,0.747514789057788,0,0,0,0,0,0,0,0,NA,NA,JR,2301113,False
2026-27,1330,Zayden High,South Florida,-0.335402195011777,1.07895697842621,0.743554783414438,0,0,0,0,0,0,0,0,NA,NA,JR,2106185,False
2026-27,1331,Etienne Strothers,Hampton,0.15165207969972,0.589494624166686,0.741146703866405,0,0,0,0,0,0,0,0,NA,NA,SR,2127611,False
2026-27,1332,Cade Norris,Samford,1.20749663666573,-0.467482131914577,0.740014504751149,0,0,0,0,0,0,0,0,NA,NA,JR,2281150,False
2026-27,1333,Leon Sifferlin,Tulsa,0.668492165480014,0.0662638673948799,0.734756032874894,0,0,0,0,0,0,0,0,NA,NA,SO,2540545,False
2026-27,1334,Gavin Sykes,TCU,2.2197605567866,-1.48679491367272,0.732965643113884,0,0,0,0,0,0,0,0,NA,NA,SO,2505240,False
2026-27,1335,Chris Lockett,Jacksonville State,0.84974259681417,-0.120112973234978,0.729629623579192,0,0,0,0,0,0,0,0,NA,NA,JR,2090934,False
2026-27,1336,Jaylen Jones,Bethune-Cookman,0.489591581804498,0.238569630995982,0.728161212800481,0,0,0,0,0,0,0,0,NA,NA,SR,2127715,False
2026-27,1337,Kiwane Garris Jr,Robert Morris,1.16798651991525,-0.440080879582407,0.727905640332844,0,0,0,0,0,0,0,0,NA,NA,SO,2483450,False
2026-27,1338,Austin Hunt,Harvard,0.7191324187665,0.00693160434538147,0.726064023111882,0,0,0,0,0,0,0,0,NA,NA,JR,2292720,False
2026-27,1339,KJ Greene,Tulane,0.575462478054906,0.148527485670407,0.723989963725313,0,0,0,0,0,0,0,0,NA,NA,JR,2289115,False
2026-27,1340,Godslove Nwabude,Kent State,-0.90997780283491,1.63390448638936,0.723926683554451,0,0,0,0,0,0,0,0,NA,NA,JR,2283306,False
2026-27,1341,Seth Hubbard,Hampton,1.16463113159935,-0.440936538430068,0.723694593169281,0,0,0,0,0,0,0,0,NA,NA,SR,1903777,False
2026-27,1342,Jordan Rogers,Denver,0.36381151473292,0.357734028893386,0.721545543626306,0,0,0,0,0,0,0,0,NA,NA,JR,2337454,False
2026-27,1343,Isaiah Manning,Western Carolina,0.751870693117134,-0.0305593856425615,0.721311307474573,0,0,0,0,0,0,0,0,NA,NA,JR,2099006,False
2026-27,1344,Myles Parker,Marist,0.025774471105136,0.693497239843581,0.719271710948717,0,0,0,0,0,0,0,0,NA,NA,SO,2536892,False
2026-27,1345,Alec Anigbata,Utah,0.464605329302529,0.252074282343016,0.716679611645544,0,0,0,0,0,0,0,0,NA,NA,FR,179557387,False
2026-27,1346,Dorin Buca,Rutgers,-1.62219182873412,2.3381506033869,0.715958774652783,0,0,0,0,0,0,0,0,NA,NA,SR,2510652,False
2026-27,1347,Augusto Cassia,UTEP,0.26287104022603,0.450266101551352,0.713137141777382,0,0,0,0,0,0,0,0,NA,NA,SR,2092573,False
2026-27,1348,David Ugonna Ike,Georgia,0.25219629123277,0.460868076981461,0.71306436821423,0,0,0,0,0,0,0,0,NA,NA,FR,199352965,False
2026-27,1349,John Clark,Texas,-0.107734555856682,0.813480013083257,0.705745457226574,0,0,0,0,0,0,0,0,NA,NA,SO,2505542,False
2026-27,1350,Joe Sayler,South Dakota State,1.76235480248166,-1.06085858048503,0.701496221996627,0,0,0,0,0,0,0,0,NA,NA,JR,2099292,False
2026-27,1351,Landon Clark,Princeton,0.852624494752654,-0.154983553568773,0.697640941183881,0,0,0,0,0,0,0,0,NA,NA,SO,2505002,False
2026-27,1352,Isaiah Abraham,Kansas State,0.3141991445085,0.378584730116603,0.692783874625103,0,0,0,0,0,0,0,0,NA,NA,JR,2313596,False
2026-27,1353,Malek Robinson,Chicago State,-1.47852258096269,2.17019250334897,0.691669922386285,0,0,0,0,0,0,0,0,NA,NA,SO,2569044,False
2026-27,1354,Johan Munch,SMU,-0.433994077603856,1.12283207604746,0.688837998443602,0,0,0,0,0,0,0,0,NA,NA,JR,2315156,False
2026-27,1355,Lukas Walls,Texas A&M,1.19014950182319,-0.502904503547963,0.687244998275224,0,0,0,0,0,0,0,0,NA,NA,SR,2106225,False
2026-27,1356,Thomas Allard,Penn State,0.755872068724126,-0.069621619348345,0.686250449375781,0,0,0,0,0,0,0,0,NA,NA,SR,172119576,False
2026-27,1357,Kemauri Millender,Georgia,0.214826204082661,0.471030954443358,0.685857158526019,0,0,0,0,0,0,0,0,NA,NA,FR,155513867,False
2026-27,1358,Dominic Pangonis,Wright State,1.05669403023717,-0.373988678280278,0.682705351956896,0,0,0,0,0,0,0,0,NA,NA,JR,2321428,False
2026-27,1359,Logan Imes,Notre Dame,-0.0554633289527892,0.737040716787083,0.681577387834294,0,0,0,0,0,0,0,0,NA,NA,SR,2092615,False
2026-27,1360,Landon Seaman,Cal State Fullerton,1.44003956101885,-0.759916553505951,0.680123007512899,0,0,0,0,0,0,0,0,NA,NA,SR,2181262,False
2026-27,1361,Yaak Yaak,Oklahoma,0.121051007406449,0.556423610857986,0.677474618264435,0,0,0,0,0,0,0,0,NA,NA,SR,2110329,False
2026-27,1362,Elijah Jones,George Mason,0.211567150350594,0.465188372284296,0.67675552263489,0,0,0,0,0,0,0,0,NA,NA,SR,2144235,False
2026-27,1363,Zymicah Wilkins,NC State,-0.0949280651595963,0.770881881568911,0.675953816409315,0,0,0,0,0,0,0,0,NA,NA,SO,2474911,False
2026-27,1364,Neiko Mundey,Texas A&M,0.159737960379734,0.516112576216158,0.675850536595892,0,0,0,0,0,0,0,0,NA,NA,FR,114171809,False
2026-27,1365,Jaxon Johnson,Utah,0.188447238841145,0.485605828028398,0.674053066869544,0,0,0,0,0,0,0,0,NA,NA,FR,169990760,False
2026-27,1366,Ashton Simmons,Stephen F. Austin,0.562805994941812,0.111208146833063,0.674014141774875,0,0,0,0,0,0,0,0,NA,NA,SO,2305302,False
2026-27,1367,Josh Ahayere,Colgate,0.33679454157751,0.335777170513844,0.672571712091354,0,0,0,0,0,0,0,0,NA,NA,JR,2334045,False
2026-27,1368,"Juan Cranford, Jr.",Bowling Green,1.46129437063641,-0.791579756748798,0.669714613887616,0,0,0,0,0,0,0,0,NA,NA,JR,2319679,False
2026-27,1369,Josh Smith,Duquesne,1.12805928366935,-0.460816569336891,0.667242714332455,0,0,0,0,0,0,0,0,NA,NA,SR,2160430,False
2026-27,1370,Gediminas Alisas,Stephen F. Austin,2.07642944091169,-1.41007587115859,0.666353569753104,0,0,0,0,0,0,0,0,NA,NA,JR,2549890,False
2026-27,1371,Luke Jungers,Iona,1.19985794388012,-0.534013785527585,0.665844158352535,0,0,0,0,0,0,0,0,NA,NA,SR,1917953,False
2026-27,1372,Gabriel Pozzato,Xavier,0.108728779617516,0.553069307746433,0.661798087363949,0,0,0,0,0,0,0,0,NA,NA,JR,2311331,False
2026-27,1373,Xavier Brown,UNC Wilmington,0.519158995720307,0.141727461378243,0.66088645709855,0,0,0,0,0,0,0,0,NA,NA,SR,1928890,False
2026-27,1374,KJ Tenner,UTSA,0.80999214587342,-0.152769064639958,0.657223081233462,0,0,0,0,0,0,0,0,NA,NA,JR,2305893,False
2026-27,1375,Ryan Crotty,Oklahoma State,1.06219864493877,-0.405407116624789,0.656791528313981,0,0,0,0,0,0,0,0,NA,NA,SO,2533163,False
2026-27,1376,Imran Suljanovic,New Mexico,0.0587129665886378,0.598005437448299,0.656718404036936,0,0,0,0,0,0,0,0,NA,NA,SO,2538726,False
2026-27,1377,Dorian Rinaldo-Komlan,Iowa State,0.260065558245136,0.396036558419493,0.656102116664629,0,0,0,0,0,0,0,0,NA,NA,FR,56846093,False
2026-27,1378,Anthony Finkley,La Salle,0.394394516898508,0.259684336428134,0.654078853326642,0,0,0,0,0,0,0,0,NA,NA,SR,2134483,False
2026-27,1379,Parker Strauss,UC Riverside,0.0312968955513951,0.622290171856913,0.653587067408309,0,0,0,0,0,0,0,0,NA,NA,JR,2144294,False
2026-27,1380,MJ Russell,Stephen F. Austin,0.475679758266652,0.17754447627612,0.653224234542771,0,0,0,0,0,0,0,0,NA,NA,SR,1915448,False
2026-27,1381,Dezmon Briscoe,Kent State,-0.614622364778181,1.26738955047562,0.652767185697434,0,0,0,0,0,0,0,0,NA,NA,SO,2550187,False
2026-27,1382,Akim Iscandari,Navy,0.274960187462936,0.371804905323801,0.646765092786736,0,0,0,0,0,0,0,0,NA,NA,FR,259207156,False
2026-27,1383,Sidi Gueye,Santa Clara,-0.0297782807170541,0.67403795949994,0.644259678782886,0,0,0,0,0,0,0,0,NA,NA,SO,2478070,False
2026-27,1384,Endurance Aiyamenkhue,Arizona,-0.0953893944373568,0.738967798444544,0.643578404007187,0,0,0,0,0,0,0,0,NA,NA,FR,62533725,False
2026-27,1385,Jasir Rencher,Washington,0.224350860205287,0.416981045773164,0.641331905978451,0,0,0,0,0,0,0,0,NA,NA,SO,2533747,False
2026-27,1386,Kachi Nzeh,Delaware,0.519106629001421,0.118138877856479,0.637245506857901,0,0,0,0,0,0,0,0,NA,NA,SR,2149053,False
2026-27,1387,Jaen Chatman,Rhode Island,0.551942023601778,0.0837542368849193,0.635696260486697,0,0,0,0,0,0,0,0,NA,NA,FR,186873528,False
2026-27,1388,Cam Cole,Navy,-0.34527057100641,0.978903249853006,0.633632678846596,0,0,0,0,0,0,0,0,NA,NA,SR,2119569,False
2026-27,1389,Gage Mayfield,Oklahoma,0.118549926768859,0.51358709065204,0.632137017420899,0,0,0,0,0,0,0,0,NA,NA,FR,165696853,False
2026-27,1390,"Will James, Jr.",Toledo,0.423641990353867,0.208198273561107,0.631840263914974,0,0,0,0,0,0,0,0,NA,NA,SO,2488774,False
2026-27,1391,Taj Au-Duke,Saint Bonaventure,0.169249971926713,0.461448836091215,0.630698808017929,0,0,0,0,0,0,0,0,NA,NA,FR,136209225,False
2026-27,1392,Augustus Gerhart,Penn,0.901749306755457,-0.271090892598386,0.630658414157071,0,0,0,0,0,0,0,0,NA,NA,SR,2143465,False
2026-27,1393,Adrame Diongue,New Mexico State,0.145298444177858,0.485268662047635,0.630567106225493,0,0,0,0,0,0,0,0,NA,NA,FR,70565832,False
2026-27,1394,"Jerome Brewer, Jr.",La Salle,0.89727387083759,-0.268178601231528,0.629095269606062,0,0,0,0,0,0,0,0,NA,NA,SR,1946435,False
2026-27,1395,Jayden Johnson,Bowling Green,0.602743812501821,0.0249576300638583,0.627701442565679,0,0,0,0,0,0,0,0,NA,NA,JR,2332406,False
2026-27,1396,Nigel Walls,SMU,-0.622777477007668,1.24406695424197,0.621289477234299,0,0,0,0,0,0,0,0,NA,NA,SO,2503229,False
2026-27,1397,Trent Middleton Jr.,Louisiana-Lafayette,0.877973006864918,-0.256721932999324,0.621251073865594,0,0,0,0,0,0,0,0,NA,NA,SR,2125375,False
2026-27,1398,Dante Censori-Hercules,Portland,0.691187952568334,-0.0743779034583948,0.616810049109939,0,0,0,0,0,0,0,0,NA,NA,SO,2539445,False
2026-27,1399,Sheek Pearson,Saint Louis,-0.278267614375272,0.892449475427395,0.614181861052124,0,0,0,0,0,0,0,0,NA,NA,SO,2505079,False
2026-27,1400,Connor Dow,Oral Roberts,0.559993031260094,0.051501837622137,0.611494868882231,0,0,0,0,0,0,0,0,NA,NA,SR,2105467,False
2026-27,1401,Felix Kossaras,George Washington,0.400815314645702,0.209813042154426,0.610628356800129,0,0,0,0,0,0,0,0,NA,NA,JR,2317068,False
2026-27,1402,Maidy Douglas,Hawaii,0.751819834565235,-0.143264906633128,0.608554927932107,0,0,0,0,0,0,0,0,NA,NA,FR,185812133,False
2026-27,1403,Jakai Newton,UMass Lowell,0.0623338549446346,0.543497800552361,0.605831655496996,0,0,0,0,0,0,0,0,NA,NA,JR,2099637,False
2026-27,1404,JRob Croy,Arizona State,0.153360126038626,0.451111440376899,0.604471566415525,0,0,0,0,0,0,0,0,NA,NA,FR,132224948,False
2026-27,1405,Manie Joses,Hawaii,-0.0979114203382253,0.701607885242028,0.603696464903803,0,0,0,0,0,0,0,0,NA,NA,JR,2306456,False
2026-27,1406,Jackson Holt,Eastern Kentucky,1.85353929235635,-1.25051961105002,0.603019681306336,0,0,0,0,0,0,0,0,NA,NA,SR,1930395,False
2026-27,1407,Isaiah West,Belmont,-0.209373267316314,0.810094727635676,0.600721460319362,0,0,0,0,0,0,0,0,NA,NA,SR,2115433,False
2026-27,1408,Tyler Houser,Chattanooga,0.899405474153976,-0.298715554339484,0.600689919814492,0,0,0,0,0,0,0,0,NA,NA,SR,1909448,False
2026-27,1409,Jace Posey,Texas-Rio Grande Valley,0.366792570465397,0.23333492201782,0.600127492483217,0,0,0,0,0,0,0,0,NA,NA,JR,2099007,False
2026-27,1410,Will Sydnor,Rutgers,0.567122445494584,0.032687717378048,0.599810162872632,0,0,0,0,0,0,0,0,NA,NA,JR,2351173,False
2026-27,1411,Mouhamed Sow,Rhode Island,0.0781572046375047,0.521556464050939,0.599713668688443,0,0,0,0,0,0,0,0,NA,NA,SR,1700530,False
2026-27,1412,Churchill Abass,UCF,-1.00611350947402,1.60435105242747,0.598237542953447,0,0,0,0,0,0,0,0,NA,NA,SR,2097918,False
2026-27,1413,Dalman Alexander,Morehead State,0.0979529727121781,0.5002592287128,0.598212201424978,0,0,0,0,0,0,0,0,NA,NA,JR,10114212,False
2026-27,1414,Chris Fields Jr.,Oakland,-0.231346826005198,0.824578374627604,0.593231548622406,0,0,0,0,0,0,0,0,NA,NA,SR,2125285,False
2026-27,1415,Mike James,South Florida,0.403895926512422,0.188974505360393,0.592870431872814,0,0,0,0,0,0,0,0,NA,NA,SR,1687585,False
2026-27,1416,Bol Dengdit,Hawaii,0.60731053240792,-0.0159365516141445,0.591373980793775,0,0,0,0,0,0,0,0,NA,NA,SR,1909596,False
2026-27,1417,Martin Kalu,College of Charleston,0.482697315688064,0.106831223279986,0.589528538968051,0,0,0,0,0,0,0,0,NA,NA,SO,2509283,False
2026-27,1418,Torrey Brooks Jr.,Monmouth,0.802981284273903,-0.215128007248135,0.587853277025768,0,0,0,0,0,0,0,0,NA,NA,FR,134100961,False
2026-27,1419,Josiah Johnson,UC Irvine,-0.170253640149731,0.756682372395065,0.586428732245334,0,0,0,0,0,0,0,0,NA,NA,FR,149375238,False
2026-27,1420,Efeosa Oliogu-Elabor,George Mason,-0.136444162755334,0.721996480177347,0.585552317422013,0,0,0,0,0,0,0,0,NA,NA,SO,2472768,False
2026-27,1421,Max Gaspà,Bradley,0.301288118801608,0.28399325105303,0.585281369854638,0,0,0,0,0,0,0,0,NA,NA,FR,218581014,False
2026-27,1422,Malcolm Wrisby-Jefferson,Brown,-0.362749026726928,0.946738265537818,0.58398923881089,0,0,0,0,0,0,0,0,NA,NA,SR,2110959,False
2026-27,1423,Robert Fields,Texas State,0.227277319144827,0.356024265252594,0.583301584397421,0,0,0,0,0,0,0,0,NA,NA,SO,2505167,False
2026-27,1424,Jameel Brown,Delaware,0.379140332422875,0.203416492950603,0.582556825373478,0,0,0,0,0,0,0,0,NA,NA,SR,1895928,False
2026-27,1425,Latrell Davis,San Diego State,1.14003955589246,-0.559379078730246,0.58066047716221,0,0,0,0,0,0,0,0,NA,NA,SR,2152776,False
2026-27,1426,Jahnathan Lamothe,UNC Wilmington,0.559816675998518,0.0185314380312491,0.578348114029767,0,0,0,0,0,0,0,0,NA,NA,SR,2110087,False
2026-27,1427,Dani Pounds,Louisiana-Lafayette,-0.109181453320202,0.687434940096103,0.578253486775901,0,0,0,0,0,0,0,0,NA,NA,SR,2134261,False
2026-27,1428,Trevin Jirak,Iowa,0.287000741476313,0.290562175144164,0.577562916620477,0,0,0,0,0,0,0,0,NA,NA,SO,2505007,False
2026-27,1429,Nic Codie,SMU,0.677233476379123,-0.102217720069247,0.575015756309876,0,0,0,0,0,0,0,0,NA,NA,JR,2305495,False
2026-27,1430,Ivan Perasovic,UTEP,1.07184693921489,-0.497330505585028,0.574516433629865,0,0,0,0,0,0,0,0,NA,NA,FR,113318304,False
2026-27,1431,Anthony Smith lll,Winthrop,0.990123769441872,-0.416386615815755,0.573737153626117,0,0,0,0,0,0,0,0,NA,NA,SO,2506812,False
2026-27,1432,Nassim Mashhour,Oakland,1.34719694074838,-0.774836857793178,0.572360082955207,0,0,0,0,0,0,0,0,NA,NA,JR,2320911,False
2026-27,1433,Frankie Mannino,Harvard,0.132766233151485,0.437806672677297,0.570572905828783,0,0,0,0,0,0,0,0,NA,NA,SO,2477434,False
2026-27,1434,Kayde Dotson,UC San Diego,1.11951712166919,-0.54944973258715,0.570067389082043,0,0,0,0,0,0,0,0,NA,NA,JR,2316833,False
2026-27,1435,David Castillo,Santa Clara,0.693352570530391,-0.126432023108755,0.566920547421636,0,0,0,0,0,0,0,0,NA,NA,JR,2313647,False
2026-27,1436,Jaxon Edwards,Green Bay,0.165230366377911,0.398535693997841,0.563766060375752,0,0,0,0,0,0,0,0,NA,NA,SR,1909055,False
2026-27,1437,Krystian Lewis,Tulane,0.608446121578189,-0.0469015420241507,0.561544579554038,0,0,0,0,0,0,0,0,NA,NA,JR,2492287,False
2026-27,1438,Lefteris Liotopoulos,St. John's,0.264810114857709,0.295317358415403,0.560127473273112,0,0,0,0,0,0,0,0,NA,NA,JR,2322679,False
2026-27,1439,Alex Egbuonu,Marquette,-0.301041738691227,0.858066670240441,0.557024931549214,0,0,0,0,0,0,0,0,NA,NA,FR,209660644,False
2026-27,1440,Mark Butler,Rider,1.20117378036027,-0.644334745529756,0.556839034830516,0,0,0,0,0,0,0,0,NA,NA,SR,2119962,False
2026-27,1441,Kam Sanders,Air Force,0.204610383107543,0.349097591094563,0.553707974202106,0,0,0,0,0,0,0,0,NA,NA,SO,2505130,False
2026-27,1442,Quinton Perkins II,Mercer,1.11487092330974,-0.561238164223376,0.553632759086364,0,0,0,0,0,0,0,0,NA,NA,JR,2128757,False
2026-27,1443,AJ Clark,VMI,-0.673415013119577,1.22694773208064,0.553532718961066,0,0,0,0,0,0,0,0,NA,NA,SR,2112508,False
2026-27,1444,Marcus Møller,Michigan,0.112770712807571,0.440512709713362,0.553283422520933,0,0,0,0,0,0,0,0,NA,NA,FR,124975631,False
2026-27,1445,Kaden Hansen,Seattle,1.28694644967215,-0.733839023209014,0.553107426463133,0,0,0,0,0,0,0,0,NA,NA,JR,220571429,False
2026-27,1446,Tama Isaac,UC Irvine,0.594128164095374,-0.0413587800498207,0.552769384045553,0,0,0,0,0,0,0,0,NA,NA,SO,2475004,False
2026-27,1447,Luke Barnett,Kansas,0.981227859888531,-0.4285594949126,0.552668364975932,0,0,0,0,0,0,0,0,NA,NA,FR,203653736,False
2026-27,1448,Keyshawn Mitchell,Iona,0.278657457903562,0.272122051833288,0.550779509736849,0,0,0,0,0,0,0,0,NA,NA,SR,2125077,False
2026-27,1449,Malik Abdullahi,Princeton,0.18102845312806,0.365244032305653,0.546272485433713,0,0,0,0,0,0,0,0,NA,NA,JR,2306441,False
2026-27,1450,Maguire Mitchell,Indiana State,0.973985902982028,-0.428832512876333,0.545153390105696,0,0,0,0,0,0,0,0,NA,NA,SO,2471964,False
2026-27,1451,Khalon Hudson,Presbyterian,0.312361035602106,0.232601273714763,0.544962309316869,0,0,0,0,0,0,0,0,NA,NA,JR,2349848,False
2026-27,1452,Ose Okojie,Howard,0.871343577006139,-0.328079474697403,0.543264102308736,0,0,0,0,0,0,0,0,NA,NA,SR,1936261,False
2026-27,1453,Mason Lee,North Florida,0.614472845307086,-0.0715680813797299,0.542904763927356,0,0,0,0,0,0,0,0,NA,NA,JR,2107331,False
2026-27,1454,Antonio Pusateri,Portland State,0.287664834505378,0.253401631587365,0.541066466092742,0,0,0,0,0,0,0,0,NA,NA,SO,26153698,False
2026-27,1455,Adriel Nyorha,Pacific,0.408588838456264,0.130208709220533,0.538797547676797,0,0,0,0,0,0,0,0,NA,NA,SO,2560109,False
2026-27,1456,Mason Fuentes,Stetson,0.119416186752989,0.416708293011845,0.536124479764834,0,0,0,0,0,0,0,0,NA,NA,FR,171052803,False
2026-27,1457,Kiyan Anthony,Syracuse,0.97390182609352,-0.438215668382483,0.535686157711037,0,0,0,0,0,0,0,0,NA,NA,SO,2531804,False
2026-27,1458,Deshaun Jackson Jr.,South Carolina State,0.194805720437806,0.338959110973581,0.533764831411387,0,0,0,0,0,0,0,0,NA,NA,JR,2287898,False
2026-27,1459,Zion Stanford,Towson,0.435318799700711,0.0972369514152849,0.532555751115996,0,0,0,0,0,0,0,0,NA,NA,SR,2116901,False
2026-27,1460,Leif Moeller,UTEP,0.106012113182824,0.42618618045475,0.532198293637574,0,0,0,0,0,0,0,0,NA,NA,SO,2548119,False
2026-27,1461,Tee Bartlett,Mississippi State,-0.347689926069379,0.879402531935415,0.531712605866036,0,0,0,0,0,0,0,0,NA,NA,SO,2506913,False
2026-27,1462,De'Ante Green,Tennessee Tech,0.342045292130174,0.188667696619002,0.530712988749176,0,0,0,0,0,0,0,0,NA,NA,SR,1909088,False
2026-27,1463,Zine Eddine Bedri,San Jose State,0.0786026775306564,0.452036196551968,0.530638874082624,0,0,0,0,0,0,0,0,NA,NA,SR,1930377,False
2026-27,1464,Terrance Dixon Jr.,Georgia State,0.445538523114953,0.0822631014021277,0.527801624517081,0,0,0,0,0,0,0,0,NA,NA,SR,2128708,False
2026-27,1465,Jeremiah Green,Texas A&M,0.594910295814565,-0.0751046120389714,0.519805683775594,0,0,0,0,0,0,0,0,NA,NA,SO,2550596,False
2026-27,1466,David Bolden,NJIT,0.547150993353011,-0.0333505892223913,0.513800404130619,0,0,0,0,0,0,0,0,NA,NA,SO,2481917,False
2026-27,1467,Marcus Whitlock,Middle Tennessee,0.819272633110166,-0.306493650695359,0.512778982414807,0,0,0,0,0,0,0,0,NA,NA,JR,2142734,False
2026-27,1468,Dominykas Daubaris,California,-0.0791052724624122,0.590877545223663,0.511772272761251,0,0,0,0,0,0,0,0,NA,NA,FR,39160827,False
2026-27,1469,Zamir Paschal,Loyola Marymount,-0.0720558506060837,0.581307578636407,0.509251728030323,0,0,0,0,0,0,0,0,NA,NA,FR,173083888,False
2026-27,1470,Luka Toews,Furman,0.455287924647281,0.0525426508183338,0.507830575465614,0,0,0,0,0,0,0,0,NA,NA,JR,2303669,False
2026-27,1471,Sean Jones,Toledo,0.526448193209114,-0.0190386625098967,0.507409530699217,0,0,0,0,0,0,0,0,NA,NA,SR,1908385,False
2026-27,1472,Maxime Meyer,Duke,-0.316915868924901,0.822914026201735,0.505998157276833,0,0,0,0,0,0,0,0,NA,NA,FR,212021866,False
2026-27,1473,Gabe Oldham,Drake,0.17117989392712,0.332628022814745,0.503807916741865,0,0,0,0,0,0,0,0,NA,NA,SR,2493724,False
2026-27,1474,Viljami Vartiainen,UC Santa Barbara,1.41363869564751,-0.911761638078285,0.501877057569225,0,0,0,0,0,0,0,0,NA,NA,SR,2148445,False
2026-27,1475,Sean Logan,Saint Joseph's,-1.61667816001853,2.11810607359142,0.501427913572891,0,0,0,0,0,0,0,0,NA,NA,SR,1925901,False
2026-27,1476,Marko Šarenac,Elon,-0.379006236820548,0.877332335090273,0.498326098269725,0,0,0,0,0,0,0,0,NA,NA,SO,158317878,False
2026-27,1477,Alex Lloyd,Florida,0.478021716424328,0.0193258042647567,0.497347520689085,0,0,0,0,0,0,0,0,NA,NA,SO,2483436,False
2026-27,1478,Michael Simcoe,UC Santa Barbara,0.523656175646084,-0.0296110575270841,0.494045118119,0,0,0,0,0,0,0,0,NA,NA,SO,2480421,False
2026-27,1479,Jose Roberto Tanchyn,San Diego,-0.341575149557534,0.834499670088075,0.492924520530541,0,0,0,0,0,0,0,0,NA,NA,SR,2161207,False
2026-27,1480,Luka Jovanovic,Middle Tennessee,0.180775513000374,0.311080243892516,0.49185575689289,0,0,0,0,0,0,0,0,NA,NA,SO,2491713,False
2026-27,1481,James O'Donnell,Portland,-0.0306311647956314,0.515602119514822,0.48497095471919,0,0,0,0,0,0,0,0,NA,NA,JR,2322772,False
2026-27,1482,Yonatan Levy,Chattanooga,-0.235942708326139,0.720396431223466,0.484453722897327,0,0,0,0,0,0,0,0,NA,NA,JR,2390294,False
2026-27,1483,Cal Furnish,Oral Roberts,0.936849835769341,-0.454387768108839,0.482462067660502,0,0,0,0,0,0,0,0,NA,NA,SO,2561372,False
2026-27,1484,Junjie Wang,Massachusetts,0.717210065177726,-0.2348363310727,0.482373734105026,0,0,0,0,0,0,0,0,NA,NA,SR,2169497,False
2026-27,1485,Carl Parrish,Presbyterian,1.44966098345817,-0.967511803068194,0.482149180389979,0,0,0,0,0,0,0,0,NA,NA,SR,2150478,False
2026-27,1486,Egor Ryzhov,Miami (Fla.),0.565003578695848,-0.0833371583283819,0.481666420367466,0,0,0,0,0,0,0,0,NA,NA,FR,24524387,False
2026-27,1487,Jaylen Harrell,Washington State,1.28138720245436,-0.800587574347325,0.480799628107033,0,0,0,0,0,0,0,0,NA,NA,SO,2507003,False
2026-27,1488,Brayden Gross,Northern Illinois,0.691882665066467,-0.212155787040597,0.47972687802587,0,0,0,0,0,0,0,0,NA,NA,SO,190612149,False
2026-27,1489,Tyler Doyle,Bellarmine,1.84267398031195,-1.36380782199936,0.478866158312596,0,0,0,0,0,0,0,0,NA,NA,JR,2292843,False
2026-27,1490,Jordan Mizell,Texas A&M-Corpus Christi,-0.0824393814077542,0.561036463919977,0.478597082512223,0,0,0,0,0,0,0,0,NA,NA,JR,2317055,False
2026-27,1491,Okku Federiko,Northwestern,0.0828565809187582,0.393912379170598,0.476768960089356,0,0,0,0,0,0,0,0,NA,NA,JR,2399970,False
2026-27,1492,Jerry Deng,Memphis,0.588194375084954,-0.112310290710289,0.475884084374665,0,0,0,0,0,0,0,0,NA,NA,SR,2117882,False
2026-27,1493,Connor Amundsen,Pacific,1.34671456008357,-0.872773795139689,0.473940764943879,0,0,0,0,0,0,0,0,NA,NA,JR,2305785,False
2026-27,1494,Kaden Rickard,Kennesaw State,-0.258936722077341,0.73165407098975,0.472717348912409,0,0,0,0,0,0,0,0,NA,NA,SO,2540390,False
2026-27,1495,Braydon Hawthorne,Kentucky,-0.0936360427550393,0.563328504928247,0.469692462173208,0,0,0,0,0,0,0,0,NA,NA,SO,2506855,False
2026-27,1496,Eli Wilborn,Merrimack,-0.375043092969479,0.844636350419877,0.469593257450398,0,0,0,0,0,0,0,0,NA,NA,SR,2120006,False
2026-27,1497,Trey Thompson,Iowa,-0.129337216430326,0.595071174538167,0.465733958107841,0,0,0,0,0,0,0,0,NA,NA,SO,2505022,False
2026-27,1498,Doyel Cockrill III,Nicholls State,1.16026962990643,-0.696032813074965,0.464236816831463,0,0,0,0,0,0,0,0,NA,NA,SR,2569040,False
2026-27,1499,Elijah Chol,UC Irvine,-0.681616809531906,1.14282630721231,0.461209497680403,0,0,0,0,0,0,0,0,NA,NA,SR,1904045,False
2026-27,1500,Ben Shtolzberg,Murray State,0.953927083628124,-0.492857095501985,0.461069988126139,0,0,0,0,0,0,0,0,NA,NA,SR,1908627,False
2026-27,1501,Keyon Kensie Jr.,Nevada,-0.501619232407277,0.962448293532284,0.460829061125007,0,0,0,0,0,0,0,0,NA,NA,SR,2154001,False
2026-27,1502,Keenan Garner,Central Michigan,0.573844729701916,-0.114110234391444,0.459734495310472,0,0,0,0,0,0,0,0,NA,NA,JR,2275923,False
2026-27,1503,Marko Pavlovic,Oral Roberts,0.425737951744241,0.0332648880024646,0.459002839746705,0,0,0,0,0,0,0,0,NA,NA,SO,260350265,False
2026-27,1504,Uzziah Buntyn,Northern Illinois,0.819225791647762,-0.361252346522018,0.457973445125745,0,0,0,0,0,0,0,0,NA,NA,SO,2550077,False
2026-27,1505,Issac Williamson,UNLV,-0.223675184097777,0.681574350849342,0.457899166751565,0,0,0,0,0,0,0,0,NA,NA,SO,2550760,False
2026-27,1506,Ryan Abelman,Northern Arizona,0.779843680270693,-0.322326707437566,0.457516972833128,0,0,0,0,0,0,0,0,NA,NA,SR,1909639,False
2026-27,1507,Fred Smith Jr.,Memphis,0.164709210790853,0.29250508177851,0.457214292569363,0,0,0,0,0,0,0,0,NA,NA,FR,11343338,False
2026-27,1508,Marcus Banks,The Citadel,0.499217703490946,-0.0444438716768838,0.454773831814063,0,0,0,0,0,0,0,0,NA,NA,SR,223178924,False
2026-27,1509,Josiah Shackelford,Bowling Green,1.31033450052724,-0.856637817741538,0.453696682785704,0,0,0,0,0,0,0,0,NA,NA,JR,2293424,False
2026-27,1510,Amar Amkou,North Texas,0.310927043747813,0.14139607532339,0.452323119071202,0,0,0,0,0,0,0,0,NA,NA,SO,2313709,False
2026-27,1511,Riley Fox,Yale,1.93205288980608,-1.48317075941504,0.448882130391036,0,0,0,0,0,0,0,0,NA,NA,JR,2345914,False
2026-27,1512,Chadrack Mpoyi,Minnesota,0.0608292489843719,0.387502652095772,0.448331901080144,0,0,0,0,0,0,0,0,NA,NA,FR,227501276,False
2026-27,1513,Noah Otshudi,Marshall,1.23342173332287,-0.785878464254078,0.447543269068788,0,0,0,0,0,0,0,0,NA,NA,SR,2560964,False
2026-27,1514,Marcus Adams Jr.,Hawaii,0.601758842230356,-0.161117068727753,0.440641773502603,0,0,0,0,0,0,0,0,NA,NA,JR,2106788,False
2026-27,1515,Mason Porter-Brown,Florida Atlantic,0.38517169402104,0.0545184189231169,0.439690112944157,0,0,0,0,0,0,0,0,NA,NA,SR,2559442,False
2026-27,1516,Kevin Thomas,North Carolina,0.00692936938910844,0.430195748947423,0.437125118336531,0,0,0,0,0,0,0,0,NA,NA,FR,157788527,False
2026-27,1517,Marial Akuentok,Texas Tech,-0.266822806827239,0.701375567910613,0.434552761083375,0,0,0,0,0,0,0,0,NA,NA,SO,2505061,False
2026-27,1518,Marqus Marion,East Tennessee State,0.0642378147816588,0.368682586311491,0.432920401093149,0,0,0,0,0,0,0,0,NA,NA,SR,2125514,False
2026-27,1519,Donovan Williams Jr.,Georgia,-0.0338136278112176,0.465129326257352,0.431315698446134,0,0,0,0,0,0,0,0,NA,NA,FR,218685499,False
2026-27,1520,Carmelo Pacheco,UCF,2.67217313420101,-2.24499133578311,0.427181798417899,0,0,0,0,0,0,0,0,NA,NA,SR,2140152,False
2026-27,1521,Gabe Pickens,New Mexico State,0.161092282262302,0.25669174530756,0.417784027569862,0,0,0,0,0,0,0,0,NA,NA,JR,2325491,False
2026-27,1522,Carter Lang,Virginia,0.179964064123002,0.237339625899075,0.417303690022077,0,0,0,0,0,0,0,0,NA,NA,JR,2115435,False
2026-27,1523,Darius Livingston,Robert Morris,0.447969091895252,-0.0312707695068343,0.416698322388418,0,0,0,0,0,0,0,0,NA,NA,SO,2504134,False
2026-27,1524,Damien King,Le Moyne,0.422196250029289,-0.0100095602751588,0.41218668975413,0,0,0,0,0,0,0,0,NA,NA,SO,2505182,False
2026-27,1525,Willie Burnett III,Mississippi State,-0.025076151039657,0.436806917444991,0.411730766405334,0,0,0,0,0,0,0,0,NA,NA,FR,112340418,False
2026-27,1526,Sader Servilus,Valparaiso,-0.0987302599876128,0.506185274101745,0.407455014114132,0,0,0,0,0,0,0,0,NA,NA,SO,2536618,False
2026-27,1527,Landren Blocker,Southeast Missouri State,-0.939822945517947,1.34620225406601,0.406379308548068,0,0,0,0,0,0,0,0,NA,NA,JR,2307386,False
2026-27,1528,Michael Phillips II,Marquette,-0.619244972810951,1.02227987122272,0.403034898411764,0,0,0,0,0,0,0,0,NA,NA,SO,2505081,False
2026-27,1529,Joey Matteoni,Iowa,0.422591628130336,-0.0197266991887421,0.402864928941594,0,0,0,0,0,0,0,0,NA,NA,SO,2317320,False
2026-27,1530,Gehrig Normand,SMU,0.587312488719865,-0.187031056311195,0.40028143240867,0,0,0,0,0,0,0,0,NA,NA,JR,2119928,False
2026-27,1531,Blake Fagbemi,Illinois,0.340896592116046,0.0589348535745428,0.399831445690588,0,0,0,0,0,0,0,0,NA,NA,SO,2548106,False
2026-27,1532,Kendall Blue,St. Thomas (MN),0.47583009530505,-0.0767330813605613,0.399097013944488,0,0,0,0,0,0,0,0,NA,NA,SR,1950217,False
2026-27,1533,Abdullah Ahmed,Massachusetts,-0.578632449704908,0.977395974536062,0.398763524831153,0,0,0,0,0,0,0,0,NA,NA,JR,2616128,False
2026-27,1534,Isaiah Denis,North Carolina,0.52622099410503,-0.128494516848736,0.397726477256295,0,0,0,0,0,0,0,0,NA,NA,SO,2506303,False
2026-27,1535,Dothan Ijadimbola,Drake,0.0266761249141485,0.370821634467337,0.397497759381485,0,0,0,0,0,0,0,0,NA,NA,FR,258937684,False
2026-27,1536,Corey Caulker,Florida International,0.678465205996597,-0.28234847829696,0.396116727699637,0,0,0,0,0,0,0,0,NA,NA,SR,2480400,False
2026-27,1537,Caleb Williams,Jacksonville,0.887982605833926,-0.492482617852855,0.39549998798107,0,0,0,0,0,0,0,0,NA,NA,JR,2313874,False
2026-27,1538,Ethan Meuser,Pepperdine,-0.102405055627152,0.495416664894709,0.393011609267557,0,0,0,0,0,0,0,0,NA,NA,SR,1923646,False
2026-27,1539,Dusan Makitan,Ohio,0.0548881326013899,0.333129049345764,0.388017181947154,0,0,0,0,0,0,0,0,NA,NA,FR,214798020,False
2026-27,1540,Kaden Powers,Rutgers,-0.0545437159405093,0.441346543431358,0.386802827490849,0,0,0,0,0,0,0,0,NA,NA,SO,2474220,False
2026-27,1541,Elijah Williams,Baylor,0.23992383304962,0.146521975316573,0.386445808366193,0,0,0,0,0,0,0,0,NA,NA,FR,16848714,False
2026-27,1542,Justin Kirby,Miami (OH),1.02791801564529,-0.642067048900211,0.385850966745078,0,0,0,0,0,0,0,0,NA,NA,SO,2543686,False
2026-27,1543,Quentin Rhymes,Fresno State,0.0204094344196177,0.365224311441944,0.385633745861562,0,0,0,0,0,0,0,0,NA,NA,SO,2553611,False
2026-27,1544,Ryan Kreager,Loyola Chicago,0.149993850994509,0.235040619802058,0.385034470796567,0,0,0,0,0,0,0,0,NA,NA,FR,194597043,False
2026-27,1545,Zaide Lowery,Dayton,0.155198248507607,0.228115289338491,0.383313537846099,0,0,0,0,0,0,0,0,NA,NA,SR,2128699,False
2026-27,1546,Robert Jennings,Maryland,-0.319586538402457,0.702053926712895,0.382467388310438,0,0,0,0,0,0,0,0,NA,NA,SR,1924196,False
2026-27,1547,TJ Caldwell,UAB,0.858335707027442,-0.47649963828731,0.381836068740131,0,0,0,0,0,0,0,0,NA,NA,SR,1947754,False
2026-27,1548,Jermel Thomas,Saint Louis,0.200692540652786,0.178824555973618,0.379517096626405,0,0,0,0,0,0,0,0,NA,NA,FR,107607643,False
2026-27,1549,Kayden Edwards,Creighton,1.34340655458558,-0.963987900310786,0.379418654274794,0,0,0,0,0,0,0,0,NA,NA,SO,2490634,False
2026-27,1550,Isaiah Medina,Missouri State,-0.473890040453698,0.853198047866035,0.379308007412337,0,0,0,0,0,0,0,0,NA,NA,SO,2543747,False
2026-27,1551,Ryder Bradley,Oakland,0.857261476182199,-0.482132099888871,0.375129376293328,0,0,0,0,0,0,0,0,NA,NA,SO,3443415,False
2026-27,1552,Cam Scott,Temple,0.107143146207694,0.265622468518188,0.372765614725882,0,0,0,0,0,0,0,0,NA,NA,JR,2303014,False
2026-27,1553,Jinup Dobuol,Monmouth,-0.0350489244205553,0.404430491624618,0.369381567204062,0,0,0,0,0,0,0,0,NA,NA,JR,2324510,False
2026-27,1554,Abdulai Fanta Kabba,Seton Hall,-1.39976210392904,1.76753179980507,0.367769695876027,0,0,0,0,0,0,0,0,NA,NA,JR,2306698,False
2026-27,1555,Isaiah Rogers,Stanford,0.0607584477937093,0.304259373563297,0.365017821357006,0,0,0,0,0,0,0,0,NA,NA,FR,80124980,False
2026-27,1556,Zacch Wiggins,Old Dominion,1.5971153423225,-1.23448722880166,0.362628113520841,0,0,0,0,0,0,0,0,NA,NA,SO,2567803,False
2026-27,1557,Adama Tambedou,Maryland,-0.0618257741614603,0.423919459724464,0.362093685563003,0,0,0,0,0,0,0,0,NA,NA,FR,152546252,False
2026-27,1558,Tyler Ringgold,Tulane,-0.712759871128026,1.07438174469727,0.361621873569247,0,0,0,0,0,0,0,0,NA,NA,JR,2122482,False
2026-27,1559,Jabri Fitzpatrick,Eastern Michigan,0.319741118207369,0.0403057651197905,0.360046883327159,0,0,0,0,0,0,0,0,NA,NA,SR,2117622,False
2026-27,1560,Jordan Crawford,Missouri,1.16107890134651,-0.802142788721629,0.358936112624881,0,0,0,0,0,0,0,0,NA,NA,SR,1917792,False
2026-27,1561,Zach Halligan,Akron,0.303791512157034,0.0547862564102997,0.358577768567334,0,0,0,0,0,0,0,0,NA,NA,SR,2094971,False
2026-27,1562,Colin Hardrick,Northern Illinois,0.185881932962192,0.17106864729263,0.356950580254822,0,0,0,0,0,0,0,0,NA,NA,JR,123186201,False
2026-27,1563,Keitenn Bristow,Alabama,-0.841021829433943,1.19674289720652,0.355721067772577,0,0,0,0,0,0,0,0,NA,NA,JR,2317060,False
2026-27,1564,Obomate Abbey,Utah,0.022847447522418,0.329309927266993,0.352157374789411,0,0,0,0,0,0,0,0,NA,NA,SO,2496677,True
2026-27,1565,Mason Lockett IV,DePaul,0.480569250159329,-0.129073234390168,0.351496015769161,0,0,0,0,0,0,0,0,NA,NA,FR,27616637,False
2026-27,1566,"Ryan Jackson, Jr.",UTEP,0.39298804023384,-0.0450620633327379,0.347925976901102,0,0,0,0,0,0,0,0,NA,NA,JR,2284682,False
2026-27,1567,Rich Rolf,Miami (OH),0.545765250906818,-0.198133470971976,0.347631779934842,0,0,0,0,0,0,0,0,NA,NA,SR,1908633,False
2026-27,1568,Jackson Rasmussen,Oregon State,0.111291294132708,0.236280795970314,0.347572090103022,0,0,0,0,0,0,0,0,NA,NA,SO,2481333,False
2026-27,1569,Noah Barnett,Vermont,0.666830366201258,-0.32034366730028,0.346486698900978,0,0,0,0,0,0,0,0,NA,NA,SR,2143479,False
2026-27,1570,Xavier Spencer,Lindenwood,0.59555480028409,-0.249880620538502,0.345674179745588,0,0,0,0,0,0,0,0,NA,NA,SR,2550221,False
2026-27,1571,Darrion Baker,SIU Edwardsville,0.3371887566152,0.00763218835686203,0.344820944972062,0,0,0,0,0,0,0,0,NA,NA,JR,2094972,False
2026-27,1572,Ryder Frost,George Washington,0.821821377723694,-0.477790711445009,0.344030666278685,0,0,0,0,0,0,0,0,NA,NA,SO,2483776,False
2026-27,1573,Aaron McGee,Arkansas State,0.465106708431924,-0.122571496764195,0.342535211667728,0,0,0,0,0,0,0,0,NA,NA,FR,26086414,False
2026-27,1574,Egan Shields,Northern Colorado,0.453493763938118,-0.111489174426626,0.342004589511492,0,0,0,0,0,0,0,0,NA,NA,SR,2118993,False
2026-27,1575,DJ Thomas,TCU,0.714348413513688,-0.37276286560723,0.341585547906458,0,0,0,0,0,0,0,0,NA,NA,SO,2505107,False
2026-27,1576,James Nnaji,George Mason,-0.717799660695715,1.05720033141286,0.339400670717142,0,0,0,0,0,0,0,0,NA,NA,SO,2619892,False
2026-27,1577,Jayden Hodge,Northwestern,-0.272973740643246,0.610056423729926,0.33708268308668,0,0,0,0,0,0,0,0,NA,NA,FR,247650603,False
2026-27,1578,Alon Michaeli,Saint Louis,-0.0712368038355994,0.406427773599852,0.335190969764253,0,0,0,0,0,0,0,0,NA,NA,SO,2540154,False
2026-27,1579,Ryan Jones Jr.,Liberty,-0.214892839082405,0.549855026796909,0.334962187714504,0,0,0,0,0,0,0,0,NA,NA,SO,2296071,False
2026-27,1580,Cornelius Robinson Jr.,Hampton,0.0972898108064204,0.236757612938474,0.334047423744895,0,0,0,0,0,0,0,0,NA,NA,SR,2143423,False
2026-27,1581,Tomas Thrastarson,Seattle,0.108849702826085,0.223653967580026,0.332503670406112,0,0,0,0,0,0,0,0,NA,NA,JR,2282762,False
2026-27,1582,Justin Moore,Hofstra,0.630725074405948,-0.299019828060392,0.331705246345556,0,0,0,0,0,0,0,0,NA,NA,SR,1910954,False
2026-27,1583,Terry McMorris,San Diego,-0.30190894546112,0.632069609474831,0.330160664013711,0,0,0,0,0,0,0,0,NA,NA,JR,2328280,False
2026-27,1584,Dontrez Williams,UNLV,-0.770767265786006,1.10054452356785,0.329777257781842,0,0,0,0,0,0,0,0,NA,NA,JR,2313766,False
2026-27,1585,Noah Amenhauser,Long Beach State,0.00162198603575798,0.328025122348558,0.329647108384316,0,0,0,0,0,0,0,0,NA,NA,JR,2098313,False
2026-27,1586,Donavin Young,Stanford,-0.11425709699045,0.439004898755207,0.324747801764757,0,0,0,0,0,0,0,0,NA,NA,JR,2275958,False
2026-27,1587,Jalik Dunkley,Robert Morris,0.222256940629172,0.0987932832756843,0.321050223904856,0,0,0,0,0,0,0,0,NA,NA,JR,2567141,False
2026-27,1588,Jacob McFarland,Pacific,-0.0267703920066173,0.342528094945847,0.31575770293923,0,0,0,0,0,0,0,0,NA,NA,JR,2111600,False
2026-27,1589,Emondrek Erkins-Ford,Western Kentucky,-0.133761498554767,0.448425147248308,0.314663648693541,0,0,0,0,0,0,0,0,NA,NA,SR,2533450,False
2026-27,1590,Gai Chol,Mississippi State,0.175401061252637,0.138442115829802,0.31384317708244,0,0,0,0,0,0,0,0,NA,NA,SR,2125138,False
2026-27,1591,DeMarco Johnson,Marshall,0.0144067303743124,0.297907303301215,0.312314033675527,0,0,0,0,0,0,0,0,NA,NA,SO,2474916,False
2026-27,1592,Trey Beamer,Florida International,0.742171439152838,-0.430249268005248,0.31192217114759,0,0,0,0,0,0,0,0,NA,NA,FR,209887907,False
2026-27,1593,Emmett Adair,George Mason,0.897675147817125,-0.58641847635337,0.311256671463755,0,0,0,0,0,0,0,0,NA,NA,SO,2492977,False
2026-27,1594,Christian Winborne,Nicholls State,0.48470175179695,-0.173793258097026,0.310908493699924,0,0,0,0,0,0,0,0,NA,NA,SR,1910905,False
2026-27,1595,Alliou Fall,Iona,-0.890010172980801,1.1938313549353,0.303821181954496,0,0,0,0,0,0,0,0,NA,NA,SO,2549211,False
2026-27,1596,Jaheem Webber,Southern Illinois,-0.618269988202987,0.920448702954495,0.302178714751508,0,0,0,0,0,0,0,0,NA,NA,JR,2342584,False
2026-27,1597,Sam Brown,Davidson,0.86461894147159,-0.565582503311962,0.299036438159627,0,0,0,0,0,0,0,0,NA,NA,SR,2143462,False
2026-27,1598,Jameel Morris,Bethune-Cookman,0.0933656043753548,0.205427801529918,0.298793405905272,0,0,0,0,0,0,0,0,NA,NA,SR,2092096,False
2026-27,1599,Zavier Zens,Illinois,0.18139113970147,0.117292076625971,0.298683216327441,0,0,0,0,0,0,0,0,NA,NA,FR,174029151,False
2026-27,1600,Cal Klesmit,Northern Illinois,1.02801707264254,-0.731343305843547,0.296673766798993,0,0,0,0,0,0,0,0,NA,NA,JR,99689500,False
2026-27,1601,Emarquis Jones,James Madison,0.407810718385615,-0.111290403834147,0.296520314551467,0,0,0,0,0,0,0,0,NA,NA,SO,268197210,False
2026-27,1602,Thomas Bassong,Mississippi State,-0.374507466028003,0.670385630361376,0.295878164333372,0,0,0,0,0,0,0,0,NA,NA,SO,2550798,False
2026-27,1603,Nolan Adekunle,Virginia,0.675924922863948,-0.380283439235393,0.295641483628555,0,0,0,0,0,0,0,0,NA,NA,FR,132072814,False
2026-27,1604,Jayshayne Woodard,East Carolina,-0.446943345990476,0.742568221792151,0.295624875801675,0,0,0,0,0,0,0,0,NA,NA,SR,2268708,False
2026-27,1605,Mason Williams,Seattle,0.475285786314948,-0.183437416752693,0.291848369562255,0,0,0,0,0,0,0,0,NA,NA,SR,2136429,False
2026-27,1606,Matt Gilhool,Kansas State,-0.435949884718513,0.727392168093038,0.291442283374524,0,0,0,0,0,0,0,0,NA,NA,SO,2486087,False
2026-27,1607,Connor Essegian,Nebraska,0.485886455312424,-0.19534843565091,0.290538019661514,0,0,0,0,0,0,0,0,NA,NA,SR,1930479,False
2026-27,1608,Cameron Lomax,SMU,-0.0165861148296766,0.306058615258116,0.28947250042844,0,0,0,0,0,0,0,0,NA,NA,FR,77162702,False
2026-27,1609,De'Vion Lavergne,Louisiana-Lafayette,0.227550441479048,0.060362964012868,0.287913405491916,0,0,0,0,0,0,0,0,NA,NA,JR,2302249,False
2026-27,1610,Derin Saran,Richmond,-0.280095763122397,0.565900502082421,0.285804738960024,0,0,0,0,0,0,0,0,NA,NA,JR,2111155,False
2026-27,1611,Hayden Assemian,South Carolina,-0.652525907670279,0.938136373673018,0.28561046600274,0,0,0,0,0,0,0,0,NA,NA,SO,2480423,False
2026-27,1612,Zach Kinziger,Wisconsin,0.37129085814313,-0.0865089974490616,0.284781860694068,0,0,0,0,0,0,0,0,NA,NA,SO,2491505,False
2026-27,1613,Arden Conyers,Charlotte,1.07260483414108,-0.788476344231742,0.284128489909339,0,0,0,0,0,0,0,0,NA,NA,SR,2092466,False
2026-27,1614,Jared Harris,Prairie View,0.437407282981798,-0.153844297187513,0.283562985794285,0,0,0,0,0,0,0,0,NA,NA,JR,2333181,False
2026-27,1615,Colin Schroeder,Fresno State,-0.0531152876558868,0.332646344037546,0.279531056381659,0,0,0,0,0,0,0,0,NA,NA,FR,34111707,False
2026-27,1616,Damarien Yates,North Alabama,-0.185918943045919,0.464757737576282,0.278838794530363,0,0,0,0,0,0,0,0,NA,NA,SR,2333180,False
2026-27,1617,Trevon Payton,Bradley,1.22200943650144,-0.944689025816713,0.277320410684726,0,0,0,0,0,0,0,0,NA,NA,SR,1908328,False
2026-27,1618,Kajus Kublickas,South Dakota,0.226676333365402,0.0502538867769944,0.276930220142397,0,0,0,0,0,0,0,0,NA,NA,JR,2106889,False
2026-27,1619,Jun Seok Yeo,Seattle,-0.147862141732298,0.421022416165659,0.273160274433362,0,0,0,0,0,0,0,0,NA,NA,SR,2105894,False
2026-27,1620,Jalen Pitre,Buffalo,-0.0859807856731419,0.359025597979027,0.273044812305885,0,0,0,0,0,0,0,0,NA,NA,SR,1917658,False
2026-27,1621,Reid Ducharme,Siena,0.317257447266851,-0.0450525943443721,0.272204852922479,0,0,0,0,0,0,0,0,NA,NA,JR,2149052,False
2026-27,1622,Hunter Harding,Elon,0.0768241664093735,0.194520476125656,0.271344642535029,0,0,0,0,0,0,0,0,NA,NA,JR,2110195,False
2026-27,1623,Khaman Maker,Marshall,-1.33612882241608,1.60704437328742,0.270915550871339,0,0,0,0,0,0,0,0,NA,NA,JR,2322673,False
2026-27,1624,Darien Moore,Seton Hall,-0.393281001524472,0.660777968580787,0.267496967056315,0,0,0,0,0,0,0,0,NA,NA,FR,207062776,False
2026-27,1625,Brandon Williams,UCLA,-0.198332536260009,0.463975396138136,0.265642859878127,0,0,0,0,0,0,0,0,NA,NA,JR,2106208,False
2026-27,1626,C.J. O'Hara,Wright State,0.337533669213397,-0.0749909887315951,0.262542680481802,0,0,0,0,0,0,0,0,NA,NA,JR,2302985,False
2026-27,1627,Amadou Doumbia,Arkansas State,-0.93053674503963,1.19288727355765,0.262350528518016,0,0,0,0,0,0,0,0,NA,NA,SO,2326236,False
2026-27,1628,Elias Obenyah,Stanford,0.26866072673,-0.00679667039883479,0.261864056331166,0,0,0,0,0,0,0,0,NA,NA,FR,176362537,False
2026-27,1629,Peyton Marshall,Charlotte,-1.28311624347827,1.54349968292448,0.260383439446207,0,0,0,0,0,0,0,0,NA,NA,JR,2300865,False
2026-27,1630,Franck Belibi Jr.,Florida Atlantic,0.341243458483731,-0.0837764267362111,0.25746703174752,0,0,0,0,0,0,0,0,NA,NA,FR,80166922,False
2026-27,1631,Jaylen Fenner,Louisiana Tech,-0.41616891757106,0.67322459008243,0.257055672511369,0,0,0,0,0,0,0,0,NA,NA,SO,2532389,False
2026-27,1632,Jacob Furphy,Boston College,0.0171933047978855,0.238644574849147,0.255837879647033,0,0,0,0,0,0,0,0,NA,NA,SO,2488799,False
2026-27,1633,Seal Diouf,Georgetown,-0.290576376546631,0.544008383315691,0.25343200676906,0,0,0,0,0,0,0,0,NA,NA,JR,2313810,False
2026-27,1634,Marquis Clark,Tennessee,0.464779114077201,-0.212257228206361,0.252521885870839,0,0,0,0,0,0,0,0,NA,NA,FR,37461500,False
2026-27,1635,Akira Jacobs,Fordham,0.764441061242948,-0.512046775390382,0.252394285852566,0,0,0,0,0,0,0,0,NA,NA,SR,2114817,False
2026-27,1636,Shane Pendergrass,George Mason,0.0600598183872052,0.191470841895138,0.251530660282343,0,0,0,0,0,0,0,0,NA,NA,FR,144750625,False
2026-27,1637,Solomon Callaghan,Utah State,1.3405217516873,-1.08949922601892,0.251022525668384,0,0,0,0,0,0,0,0,NA,NA,JR,2125322,False
2026-27,1638,Cameron Jackson,Radford,0.0419859867291938,0.2082641631946,0.250250149923794,0,0,0,0,0,0,0,0,NA,NA,JR,2299497,False
2026-27,1639,Jayson Petty,Central Michigan,-0.357801163095052,0.607416344886396,0.249615181791343,0,0,0,0,0,0,0,0,NA,NA,SR,2137289,False
2026-27,1640,Grant Randall,Dayton,0.376799188865482,-0.127255706809538,0.249543482055944,0,0,0,0,0,0,0,0,NA,NA,JR,2350354,False
2026-27,1641,Trevion LaBeaux,Western Kentucky,-0.0414380072300516,0.29057895294888,0.249140945718828,0,0,0,0,0,0,0,0,NA,NA,SR,2268709,False
2026-27,1642,TJ Robinson,Longwood,0.332517025424432,-0.0844054241821826,0.24811160124225,0,0,0,0,0,0,0,0,NA,NA,SO,2540686,False
2026-27,1643,Oscar Goodman,Michigan,-0.132314172197986,0.378689649545503,0.246375477347517,0,0,0,0,0,0,0,0,NA,NA,SO,2511348,False
2026-27,1644,Jahki Howard,Long Island,0.382771233491547,-0.137145035649069,0.245626197842477,0,0,0,0,0,0,0,0,NA,NA,JR,2321439,False
2026-27,1645,Katrelle Harmon,Creighton,-0.129980625998651,0.372952098294867,0.242971472296216,0,0,0,0,0,0,0,0,NA,NA,FR,90718888,False
2026-27,1646,Deondrea Lindsey,Tennessee State,-0.214936813644285,0.457666413326425,0.24272959968214,0,0,0,0,0,0,0,0,NA,NA,SO,2474868,False
2026-27,1647,Seifeldin Hendawy,Winthrop,-0.193529665407303,0.436154050897722,0.242624385490419,0,0,0,0,0,0,0,0,NA,NA,JR,2313678,False
2026-27,1648,Keshawn Fisher,Winthrop,-0.476708445106328,0.719191877836287,0.242483432729959,0,0,0,0,0,0,0,0,NA,NA,SO,2550397,False
2026-27,1649,Rider Portela,Colorado,-0.409060886671022,0.650856023038482,0.241795136367459,0,0,0,0,0,0,0,0,NA,NA,FR,139357737,False
2026-27,1650,Christian Moore,Butler,1.53669471696119,-1.29547296862612,0.241221748335068,0,0,0,0,0,0,0,0,NA,NA,JR,2117645,False
2026-27,1651,Eren Banks,Appalachian State,0.382784088511965,-0.141848804356222,0.240935284155743,0,0,0,0,0,0,0,0,NA,NA,SR,2106231,False
2026-27,1652,Ta'Zir Smith,Robert Morris,0.425985092142686,-0.185195884868821,0.240789207273865,0,0,0,0,0,0,0,0,NA,NA,JR,2331282,False
2026-27,1653,Brock Vice,Kansas State,-0.374545460871542,0.61310554044237,0.238560079570828,0,0,0,0,0,0,0,0,NA,NA,SO,2113954,False
2026-27,1654,Rashaad Williams,Georgia Southern,0.334389587611889,-0.096408863934946,0.237980723676943,0,0,0,0,0,0,0,0,NA,NA,SO,54951979,False
2026-27,1655,John Broom,Vermont,0.503112990990796,-0.266063083813756,0.23704990717704,0,0,0,0,0,0,0,0,NA,NA,SR,2144554,False
2026-27,1656,Kingston Whitty,NC State,0.487352130360197,-0.25062596361973,0.236726166740467,0,0,0,0,0,0,0,0,NA,NA,FR,91164674,False
2026-27,1657,Malek Gomma,Utah,0.339063388486926,-0.105654716521673,0.233408671965252,0,0,0,0,0,0,0,0,NA,NA,SR,2113992,False
2026-27,1658,Christian Wiggins,Iowa State,0.247664439569998,-0.0158713582743368,0.231793081295661,0,0,0,0,0,0,0,0,NA,NA,FR,98342082,False
2026-27,1659,Anthony Robinson,Pepperdine,-0.572221754087716,0.8030418195581,0.230820065470384,0,0,0,0,0,0,0,0,NA,NA,JR,2097928,False
2026-27,1660,Mier Panoam,UT Arlington,-0.14082410001841,0.371242134288174,0.230418034269764,0,0,0,0,0,0,0,0,NA,NA,SR,2096205,False
2026-27,1661,Francis Chukwudebelu,Santa Clara,-0.238439546380116,0.468682750341644,0.230243203961528,0,0,0,0,0,0,0,0,NA,NA,SO,2536837,False
2026-27,1662,Donovan Rakotonanahary,Northern Kentucky,0.314822614707566,-0.0858356270868508,0.228986987620715,0,0,0,0,0,0,0,0,NA,NA,JR,2333332,False
2026-27,1663,Peyton Law,South Alabama,0.312394375079904,-0.0835024224074629,0.228891952672441,0,0,0,0,0,0,0,0,NA,NA,SR,2494548,False
2026-27,1664,Isaiah Mbeng,Elon,0.0797966071755035,0.146391140114715,0.226187747290219,0,0,0,0,0,0,0,0,NA,NA,JR,2284672,False
2026-27,1665,Roor Akhuar,Fordham,-0.446727898786593,0.671899409455025,0.225171510668432,0,0,0,0,0,0,0,0,NA,NA,SO,2503088,False
2026-27,1666,Micah Davis,Winthrop,1.04898662096765,-0.8239283450957,0.225058275871946,0,0,0,0,0,0,0,0,NA,NA,JR,2334508,False
2026-27,1667,Jyi Dawkins,Wofford,0.264079096513022,-0.0419034688336578,0.222175627679364,0,0,0,0,0,0,0,0,NA,NA,FR,176041579,False
2026-27,1668,Jaylen Alexander,Kansas State,-0.297993018173476,0.520153458797238,0.222160440623762,0,0,0,0,0,0,0,0,NA,NA,FR,126134147,False
2026-27,1669,Kraig Gilbert,Pittsburgh,0.233345137761753,-0.0112640340970443,0.222081103664709,0,0,0,0,0,0,0,0,NA,NA,JR,261191565,False
2026-27,1670,Jaylon Dean-Vines,McNeese State,0.117859428401723,0.102561719651607,0.22042114805333,0,0,0,0,0,0,0,0,NA,NA,SO,2539398,False
2026-27,1671,Gavin Walsh,UNC Wilmington,-0.274712931017893,0.493716529474202,0.219003598456309,0,0,0,0,0,0,0,0,NA,NA,SR,2119921,False
2026-27,1672,Sasa Ciani,Sacramento State,-0.667335351622135,0.884910594243154,0.217575242621019,0,0,0,0,0,0,0,0,NA,NA,SR,2149055,False
2026-27,1673,Khaafiq Myers,Saint Joseph's,-0.318257689971456,0.534310078821631,0.216052388850174,0,0,0,0,0,0,0,0,NA,NA,SO,2322189,False
2026-27,1674,Mading Kuany,Georgia,-0.285635959835562,0.499798584814142,0.214162624978579,0,0,0,0,0,0,0,0,NA,NA,FR,42030618,False
2026-27,1675,Jordan Lowery,Cleveland State,0.303214669186767,-0.0905111637480162,0.212703505438751,0,0,0,0,0,0,0,0,NA,NA,SO,2540409,False
2026-27,1676,Kilian Brockhoff,Eastern Michigan,-0.322461805564244,0.534996355768971,0.212534550204727,0,0,0,0,0,0,0,0,NA,NA,SR,2125520,False
2026-27,1677,Tre Powell,Chattanooga,1.61547630409474,-1.40295682991992,0.212519474174818,0,0,0,0,0,0,0,0,NA,NA,JR,107255612,False
2026-27,1678,Jaidyn Coon,Iowa,0.0184561411646679,0.189183848714536,0.207639989879204,0,0,0,0,0,0,0,0,NA,NA,FR,53442709,False
2026-27,1679,Aaron Rowe,Missouri,0.246549724175152,-0.0429201778365158,0.203629546338636,0,0,0,0,0,0,0,0,NA,NA,SO,2500883,False
2026-27,1680,Dhiaukuei Manyiel Dut,California,-0.885182520911815,1.08878444659646,0.203601925684647,0,0,0,0,0,0,0,0,NA,NA,JR,2152479,False
2026-27,1681,Collin Paul,Florida State,-0.561206718487563,0.759795980674767,0.198589262187204,0,0,0,0,0,0,0,0,NA,NA,FR,80945647,False
2026-27,1682,Cobi Campbell,Liberty,1.1592872849958,-0.960837884373676,0.198449400622123,0,0,0,0,0,0,0,0,NA,NA,SR,2318978,False
2026-27,1683,Papa Amadou Kante,Arkansas-Little Rock,-0.097621786352418,0.294525256564288,0.19690347021187,0,0,0,0,0,0,0,0,NA,NA,JR,2093112,False
2026-27,1684,Josh Rivera,Tennessee State,0.132499617165061,0.0643086290731047,0.196808246238166,0,0,0,0,0,0,0,0,NA,NA,SR,1933161,False
2026-27,1685,Nash Walker,Marquette,-0.123068237012195,0.319672857296976,0.196604620284781,0,0,0,0,0,0,0,0,NA,NA,SO,2619571,False
2026-27,1686,Ryan Soulis,Northwestern,-0.396366886820349,0.592925829431926,0.196558942611577,0,0,0,0,0,0,0,0,NA,NA,JR,2106658,False
2026-27,1687,Mason Magee,San Francisco,0.427812709353578,-0.233343716879225,0.194468992474353,0,0,0,0,0,0,0,0,NA,NA,FR,164237057,False
2026-27,1688,Fraser Roxburgh,Washington State,0.973113156186737,-0.779842619250886,0.193270536935851,0,0,0,0,0,0,0,0,NA,NA,JR,2351183,False
2026-27,1689,Kordel Jefferson,Houston,0.146799047110868,0.0458931849550376,0.192692232065905,0,0,0,0,0,0,0,0,NA,NA,JR,2111601,False
2026-27,1690,Yoav Vitlem,San Francisco,-0.129319388248077,0.32065262457972,0.191333236331643,0,0,0,0,0,0,0,0,NA,NA,FR,44539503,False
2026-27,1691,Kent Jackson,North Florida,1.26666161446261,-1.07631807398292,0.190343540479691,0,0,0,0,0,0,0,0,NA,NA,JR,2319497,False
2026-27,1692,Micah Smith,West Georgia,-0.258974867036374,0.446943229773397,0.187968362737023,0,0,0,0,0,0,0,0,NA,NA,JR,2281063,False
2026-27,1693,Jaeden Roberts,Western Carolina,0.727643296975519,-0.541082020449804,0.186561276525715,0,0,0,0,0,0,0,0,NA,NA,SO,2505817,False
2026-27,1694,Angel Montas Jr.,Toledo,0.827131436102381,-0.641096889810375,0.186034546292006,0,0,0,0,0,0,0,0,NA,NA,SR,1913024,False
2026-27,1695,Andrej Mitrevski,Pacific,0.456534270559383,-0.271541788837949,0.184992481721434,0,0,0,0,0,0,0,0,NA,NA,FR,166207026,False
2026-27,1696,Ben Bradford,College of Charleston,0.0528207641111573,0.131902020348713,0.18472278445987,0,0,0,0,0,0,0,0,NA,NA,JR,2331204,False
2026-27,1697,Luke Flynn,Wofford,0.867776143469715,-0.685181014309588,0.182595129160127,0,0,0,0,0,0,0,0,NA,NA,JR,2285476,False
2026-27,1698,Mark Drone,Texas State,0.671636442480142,-0.492939254023352,0.178697188456791,0,0,0,0,0,0,0,0,NA,NA,SR,2286447,False
2026-27,1699,Isaac Munkadi,Fairfield,-0.932571192679322,1.11050531547709,0.17793412279777,0,0,0,0,0,0,0,0,NA,NA,JR,2320345,False
2026-27,1700,Keegan Harvey,Bryant,0.63279949871279,-0.455088928037114,0.177710570675676,0,0,0,0,0,0,0,0,NA,NA,SR,1606062,False
2026-27,1701,Jayden Leverett,Vanderbilt,-0.202736564048544,0.379702815241105,0.176966251192561,0,0,0,0,0,0,0,0,NA,NA,SO,2539400,False
2026-27,1702,Kareem Thomas,Seton Hall,0.359555773986478,-0.184588110256869,0.174967663729609,0,0,0,0,0,0,0,0,NA,NA,JR,2305786,False
2026-27,1703,Davante Hackett,Tennessee Tech,0.475067427702425,-0.300512345509347,0.174555082193078,0,0,0,0,0,0,0,0,NA,NA,SR,2539309,False
2026-27,1704,Ari Fulton,Saint Bonaventure,0.130678150178159,0.0433398062277841,0.174017956405943,0,0,0,0,0,0,0,0,NA,NA,JR,2337442,False
2026-27,1705,Isaac Bruns,USC,1.38955978053206,-1.21750041795785,0.17205936257421,0,0,0,0,0,0,0,0,NA,NA,SR,2119905,False
2026-27,1706,Amon Dörries,Richmond,0.24128849634019,-0.0707316335001855,0.170556862840004,0,0,0,0,0,0,0,0,NA,NA,SO,2531874,False
2026-27,1707,Cade Kelderman,South Dakota,0.605913446642046,-0.435983987286727,0.169929459355319,0,0,0,0,0,0,0,0,NA,NA,SR,2099046,False
2026-27,1708,Théo Pierre-Justin,DePaul,0.283590257498331,-0.117776651349891,0.16581360614844,0,0,0,0,0,0,0,0,NA,NA,JR,2305475,False
2026-27,1709,Simon Walker,Auburn,0.622675120129902,-0.457210122553157,0.165464997576744,0,0,0,0,0,0,0,0,NA,NA,SO,2547353,False
2026-27,1710,Kjay Bradley Jr.,Cal State Bakersfield,-0.319768016651505,0.484265231683603,0.164497215032098,0,0,0,0,0,0,0,0,NA,NA,SR,2351020,False
2026-27,1711,Brendan Coyle,Siena,1.03367000649155,-0.87018047736342,0.163489529128128,0,0,0,0,0,0,0,0,NA,NA,SR,1921731,False
2026-27,1712,Kevon Vanderhorst,Iona,0.466084467250042,-0.303827003841533,0.162257463408509,0,0,0,0,0,0,0,0,NA,NA,SR,2307536,False
2026-27,1713,Nick Jones,New Orleans,0.0531367002533231,0.105215403298986,0.158352103552309,0,0,0,0,0,0,0,0,NA,NA,SR,2569020,False
2026-27,1714,Shon Tupuola,Murray State,-0.241373711735075,0.398810962388906,0.157437250653831,0,0,0,0,0,0,0,0,NA,NA,SR,2536622,False
2026-27,1715,Bradley Floyd,Austin Peay,-0.0983989976101287,0.253966000488043,0.155567002877914,0,0,0,0,0,0,0,0,NA,NA,FR,74814345,False
2026-27,1716,Xavier Blake,Hofstra,-0.104356942254873,0.259365355679869,0.155008413424996,0,0,0,0,0,0,0,0,NA,NA,FR,71143379,False
2026-27,1717,Christian Brown,Ole Miss,-1.02937129964918,1.18231671874286,0.152945419093679,0,0,0,0,0,0,0,0,NA,NA,SO,2549971,False
2026-27,1718,Efe Vatan,Stony Brook,-0.263268197577769,0.40878718550314,0.14551898792537,0,0,0,0,0,0,0,0,NA,NA,SO,2531871,False
2026-27,1719,Jacob Huggins,Princeton,0.362994229911506,-0.218847413934782,0.144146815976724,0,0,0,0,0,0,0,0,NA,NA,SR,2124860,False
2026-27,1720,Jacolb Fredson-Cole,Georgia State,-0.526658551536216,0.666162554164805,0.139504002628588,0,0,0,0,0,0,0,0,NA,NA,JR,2126320,False
2026-27,1721,Mason Shrout,Fort Wayne,0.518096133887254,-0.379842781274539,0.138253352612715,0,0,0,0,0,0,0,0,NA,NA,SO,2302285,False
2026-27,1722,Nino Carter-Smith,Northern Illinois,0.163452659728064,-0.0255284816467032,0.137924178081361,0,0,0,0,0,0,0,0,NA,NA,JR,180021934,False
2026-27,1723,Torian Lee,UC Irvine,0.497468330745517,-0.359994215064839,0.137474115680677,0,0,0,0,0,0,0,0,NA,NA,JR,2282263,False
2026-27,1724,Daniel Patton,Ole Miss,-0.0180298088104881,0.150072620479188,0.1320428116687,0,0,0,0,0,0,0,0,NA,NA,FR,9964514,False
2026-27,1725,Novak Manojlovic,Manhattan,-0.221054607035695,0.350387860045376,0.129333253009681,0,0,0,0,0,0,0,0,NA,NA,FR,211869809,False
2026-27,1726,Colin White,Akron,0.200075136486774,-0.0717708225449442,0.12830431394183,0,0,0,0,0,0,0,0,NA,NA,JR,2291198,False
2026-27,1727,Jason Fontenet II,Rhode Island,0.0842976793320543,0.0422294456908279,0.126527125022882,0,0,0,0,0,0,0,0,NA,NA,SR,2125519,False
2026-27,1728,Jalen Montonati,Oklahoma State,0.579801896798131,-0.457552372770478,0.122249524027653,0,0,0,0,0,0,0,0,NA,NA,FR,195299229,False
2026-27,1729,Tyler Kropp,Washington State,-0.343752063322795,0.465044087978667,0.121292024655872,0,0,0,0,0,0,0,0,NA,NA,SO,2567230,False
2026-27,1730,Mason Jones,Ball State,-0.584736701263598,0.70303400291872,0.118297301655122,0,0,0,0,0,0,0,0,NA,NA,SR,2125383,False
2026-27,1731,Brock Felder,Weber State,-0.31737369744461,0.435020024492367,0.117646327047757,0,0,0,0,0,0,0,0,NA,NA,SR,2126383,False
2026-27,1732,Mathok Majok,Charleston Southern,-0.988423764687952,1.10345196481909,0.115028200131137,0,0,0,0,0,0,0,0,NA,NA,SR,2152577,False
2026-27,1733,Santiago Paz Vazquez,North Dakota State,-0.448064559870903,0.562371417699863,0.11430685782896,0,0,0,0,0,0,0,0,NA,NA,FR,249902733,False
2026-27,1734,Bryce Heard,Wichita State,0.566801642757502,-0.454848961178824,0.111952681578678,0,0,0,0,0,0,0,0,NA,NA,SO,2291871,False
2026-27,1735,Antonio Dorn,Wake Forest,-0.147424589490185,0.258131935349332,0.110707345859147,0,0,0,0,0,0,0,0,NA,NA,SO,2481304,False
2026-27,1736,David Torresani,San Diego State,0.586024783186421,-0.47712135438405,0.108903428802371,0,0,0,0,0,0,0,0,NA,NA,FR,139684404,False
2026-27,1737,Justin Begg,Sam Houston State,0.210524871208279,-0.104201025422255,0.106323845786024,0,0,0,0,0,0,0,0,NA,NA,JR,2321350,False
2026-27,1738,Gabe Tanner,Florida Gulf Coast,0.199877619037621,-0.0943253268089202,0.105552292228701,0,0,0,0,0,0,0,0,NA,NA,SO,2532314,False
2026-27,1739,Momo Nkugwa,Vermont,-0.381851828911172,0.487014127964201,0.105162299053029,0,0,0,0,0,0,0,0,NA,NA,SO,2534668,False
2026-27,1740,Joe Nugent,Holy Cross,1.31082217428967,-1.20738297240252,0.103439201887152,0,0,0,0,0,0,0,0,NA,NA,SR,2119931,False
2026-27,1741,Jovani Ruff,California,-0.0121271773741368,0.114723944236321,0.102596766862184,0,0,0,0,0,0,0,0,NA,NA,SO,2507006,False
2026-27,1742,Sammie Yeanay,California,-0.352789898160183,0.455005504726406,0.102215606566223,0,0,0,0,0,0,0,0,NA,NA,JR,2283673,False
2026-27,1743,Nick Dorn,Miami (Fla.),1.16358434732162,-1.06166992895386,0.101914418367767,0,0,0,0,0,0,0,0,NA,NA,SR,2147098,False
2026-27,1744,Jason Singleton,Harvard,-0.0285870912333539,0.128905257905093,0.100318166671739,0,0,0,0,0,0,0,0,NA,NA,FR,213233903,False
2026-27,1745,Lance Waddles,Campbell,0.537376446924162,-0.44328152845879,0.0940949184653729,0,0,0,0,0,0,0,0,NA,NA,SR,1932410,False
2026-27,1746,Ace Flagg,Maine,-0.961279339954684,1.05380264475627,0.092523304801588,0,0,0,0,0,0,0,0,NA,NA,SO,2549984,False
2026-27,1747,De'Undrae Perteete,UC Riverside,1.09453016293465,-1.00478045208253,0.0897497108521204,0,0,0,0,0,0,0,0,NA,NA,JR,2352337,False
2026-27,1748,Ryan Moesch,Syracuse,-0.0459828503862332,0.13510592494456,0.0891230745583272,0,0,0,0,0,0,0,0,NA,NA,FR,167031110,False
2026-27,1749,Alex Atkinson,Towson,-0.490422391807034,0.578559894797491,0.0881375029904564,0,0,0,0,0,0,0,0,NA,NA,JR,4134424,False
2026-27,1750,Leo Curtis,Nebraska,-0.413704063627772,0.499915771263813,0.0862117076360407,0,0,0,0,0,0,0,0,NA,NA,SO,2553610,False
2026-27,1751,Edir Ortiz,Fort Wayne,-0.207729246370131,0.291639683194609,0.0839104368244775,0,0,0,0,0,0,0,0,NA,NA,JR,81910393,False
2026-27,1752,Ponce James,North Carolina A&T,1.02159572634876,-0.937818579757567,0.0837771465911898,0,0,0,0,0,0,0,0,NA,NA,JR,2317868,False
2026-27,1753,Jay Rodgers,Penn State,1.77074271446551,-1.68699997647531,0.083742737990204,0,0,0,0,0,0,0,0,NA,NA,SR,1609006,False
2026-27,1754,Malachi Brown,Michigan,-0.0528830534678962,0.13586855366384,0.082985500195944,0,0,0,0,0,0,0,0,NA,NA,FR,152723790,False
2026-27,1755,Kehlin Farooq,Texas Southern,-0.7084469341311,0.791201094061094,0.0827541599299939,0,0,0,0,0,0,0,0,NA,NA,SR,1733889,False
2026-27,1756,DJ Dudley,New Mexico State,0.321499578186361,-0.240232447522115,0.0812671306642467,0,0,0,0,0,0,0,0,NA,NA,SR,2118743,False
2026-27,1757,Jackson Keith,Davidson,0.095297613148639,-0.0153987660854485,0.0798988470631905,0,0,0,0,0,0,0,0,NA,NA,SO,2472767,False
2026-27,1758,Samu Adler,Butler,0.73221658752528,-0.652805047448144,0.0794115400771361,0,0,0,0,0,0,0,0,NA,NA,FR,72006346,False
2026-27,1759,James Brown,Howard,-0.178188987002232,0.256844740777613,0.0786557537753809,0,0,0,0,0,0,0,0,NA,NA,JR,2296141,False
2026-27,1760,Jayson Peterson,UTSA,0.144519107654816,-0.0715202685400312,0.0729988391147852,0,0,0,0,0,0,0,0,NA,NA,FR,258502512,False
2026-27,1761,Brandon Stores Jr.,NJIT,0.103828201617838,-0.0319936098216157,0.0718345917962224,0,0,0,0,0,0,0,0,NA,NA,SO,2474281,False
2026-27,1762,LaTrevion Fenderson,Wisconsin,-0.0676079205057499,0.138859547410924,0.0712516269051736,0,0,0,0,0,0,0,0,NA,NA,FR,150427639,False
2026-27,1763,Jonas Zilinskas,California Baptist,-0.443965359923313,0.51371975939059,0.0697543994672764,0,0,0,0,0,0,0,0,NA,NA,FR,170026753,False
2026-27,1764,Ben Kopetzki,Appalachian State,1.2698774501656,-1.2004799657307,0.069397484434899,0,0,0,0,0,0,0,0,NA,NA,SR,263143335,False
2026-27,1765,Zander Carter,Liberty,0.240959377792012,-0.172550074533178,0.0684093032588337,0,0,0,0,0,0,0,0,NA,NA,SO,2533260,False
2026-27,1766,Andrew Phillips,George Washington,0.649705521565562,-0.582386513833068,0.0673190077324948,0,0,0,0,0,0,0,0,NA,NA,SR,2119964,False
2026-27,1767,Kobe Edwards,College of Charleston,-0.671715675050871,0.737899575700829,0.0661839006499575,0,0,0,0,0,0,0,0,NA,NA,FR,219714751,False
2026-27,1768,Marqueas Bell,Southeast Missouri State,0.614116805270386,-0.548285153010199,0.0658316522601867,0,0,0,0,0,0,0,0,NA,NA,SR,2143410,False
2026-27,1769,Evan Sterck,Jacksonville,0.0534914676123386,0.0118031457207062,0.0652946133330448,0,0,0,0,0,0,0,0,NA,NA,SO,2474834,False
2026-27,1770,Brayden Shorter,Murray State,1.4051190437852,-1.34061371261313,0.0645053311720711,0,0,0,0,0,0,0,0,NA,NA,SR,2118947,False
2026-27,1771,Treyvon Maddox,UNC Wilmington,-0.138860818993847,0.202495311454346,0.0636344924604989,0,0,0,0,0,0,0,0,NA,NA,SO,2507065,False
2026-27,1772,Vincent Neugebauer,Belmont,-0.261907551866951,0.325414185172159,0.0635066333052073,0,0,0,0,0,0,0,0,NA,NA,SR,2550735,False
2026-27,1773,Žiga Daneu,San Francisco,-0.29536521719915,0.358361791324006,0.0629965741248568,0,0,0,0,0,0,0,0,NA,NA,FR,71440073,False
2026-27,1774,Ethan Elliott,Northern Kentucky,0.227351007812198,-0.164797267736241,0.0625537400759569,0,0,0,0,0,0,0,0,NA,NA,SO,2549982,False
2026-27,1775,Miles Klapper,Idaho,-0.0235945875767456,0.0860553636331488,0.0624607760564032,0,0,0,0,0,0,0,0,NA,NA,SR,2116975,False
2026-27,1776,Julius Price,Stanford,0.435563421744011,-0.375196085133515,0.0603673366104956,0,0,0,0,0,0,0,0,NA,NA,FR,112923862,False
2026-27,1777,Zach Matulu,Albany,0.445841710314886,-0.38639839200035,0.0594433183145356,0,0,0,0,0,0,0,0,NA,NA,SR,2143580,False
2026-27,1778,RJ Jones,Washington State,0.604904641992296,-0.547020647107082,0.057883994885214,0,0,0,0,0,0,0,0,NA,NA,JR,2115344,False
2026-27,1779,Sebastian Hartmann,Missouri-Kansas City,0.578566741765729,-0.522400730445799,0.0561660113199303,0,0,0,0,0,0,0,0,NA,NA,SR,2136419,False
2026-27,1780,Marcus Vaughns,Arizona State,-0.371922053490146,0.427339698496852,0.0554176450067064,0,0,0,0,0,0,0,0,NA,NA,SO,2688645,False
2026-27,1781,BJ Omot,Cal State Northridge,0.129636953194664,-0.0747958939320992,0.0548410592625652,0,0,0,0,0,0,0,0,NA,NA,SR,1925454,False
2026-27,1782,Devin Brafford,Charleston Southern,-0.964929360490792,1.01964499115854,0.0547156306677445,0,0,0,0,0,0,0,0,NA,NA,JR,2311543,False
2026-27,1783,Tadej Colnaric,Green Bay,-0.106295490215088,0.159721089785013,0.0534255995699243,0,0,0,0,0,0,0,0,NA,NA,FR,238493350,False
2026-27,1784,Joseph Hartman,Michigan,-0.199185711454827,0.25069041196577,0.0515047005109432,0,0,0,0,0,0,0,0,NA,NA,FR,58586797,False
2026-27,1785,Bryce Ford,Arizona State,0.941621280834799,-0.890314777963579,0.0513065028712201,0,0,0,0,0,0,0,0,NA,NA,SR,2121781,False
2026-27,1786,Jack Robison,North Dakota State,0.395681279577509,-0.344401531721433,0.0512797478560761,0,0,0,0,0,0,0,0,NA,NA,JR,2292663,False
2026-27,1787,Joshua DeCady,Hofstra,-0.135129778240855,0.183726104072615,0.0485963258317603,0,0,0,0,0,0,0,0,NA,NA,JR,2291373,False
2026-27,1788,Tanner Thomas,Hofstra,0.368086309934034,-0.321401399930895,0.0466849100031393,0,0,0,0,0,0,0,0,NA,NA,SR,1691408,False
2026-27,1789,Sam Wright,Colgate,1.0898221810479,-1.04431079445678,0.0455113865911161,0,0,0,0,0,0,0,0,NA,NA,SR,2122313,False
2026-27,1790,Kerrington Kiel,Troy,-0.721192675339713,0.766555228869726,0.0453625535300128,0,0,0,0,0,0,0,0,NA,NA,JR,2114134,False
2026-27,1791,Bryce Jackson,Houston,-0.1621257529327,0.207481287891257,0.0453555349585575,0,0,0,0,0,0,0,0,NA,NA,SO,2505100,False
2026-27,1792,Troy Cicero Jr.,Loyola Maryland,0.146707244056019,-0.104605509614587,0.0421017344414321,0,0,0,0,0,0,0,0,NA,NA,SR,2106672,False
2026-27,1793,Derrick Morton-Rivera,Temple,0.820774451470345,-0.778703072658998,0.0420713788113468,0,0,0,0,0,0,0,0,NA,NA,FR,253368639,False
2026-27,1794,Mason Ritter,Columbia,0.511863825124529,-0.470775526261477,0.0410882988630522,0,0,0,0,0,0,0,0,NA,NA,JR,2289046,False
2026-27,1795,Cam Hailey,Massachusetts,0.107427342598797,-0.0705214367728626,0.0369059058259346,0,0,0,0,0,0,0,0,NA,NA,FR,63571901,False
2026-27,1796,Dominique Diomande,Pittsburgh,-0.65443421441164,0.689576455227766,0.0351422408161259,0,0,0,0,0,0,0,0,NA,NA,SO,2389434,False
2026-27,1797,Melvin Bell Jr.,North Dakota State,0.229152279469861,-0.19449933802995,0.0346529414399112,0,0,0,0,0,0,0,0,NA,NA,SO,2542053,False
2026-27,1798,Benjamin Ahmed,Oklahoma State,-0.209314436177815,0.243210752700634,0.0338963165228192,0,0,0,0,0,0,0,0,NA,NA,SO,2533159,False
2026-27,1799,Lincoln Williams,Illinois,-0.331803706801482,0.365471673030806,0.0336679662293244,0,0,0,0,0,0,0,0,NA,NA,FR,228595597,False
2026-27,1800,Jaden Johnson,La Salle,0.554242742254223,-0.524146902472031,0.0300958397821921,0,0,0,0,0,0,0,0,NA,NA,JR,2333161,False
2026-27,1801,Julian Margrave,UC Davis,0.649200402963075,-0.621693266820287,0.0275071361427881,0,0,0,0,0,0,0,0,NA,NA,SR,1926002,False
2026-27,1802,Dylan Anderson,Northern Arizona,-0.294934380917755,0.322078214948556,0.0271438340308013,0,0,0,0,0,0,0,0,NA,NA,SR,1896873,False
2026-27,1803,Brock Mishak,UNC Greensboro,0.839948256567914,-0.813337513911955,0.0266107426559599,0,0,0,0,0,0,0,0,NA,NA,SR,125113341,False
2026-27,1804,Eli Rice,Middle Tennessee,-0.124375081379409,0.146846570029857,0.022471488650448,0,0,0,0,0,0,0,0,NA,NA,JR,2094422,False
2026-27,1805,Reece Potter,Kentucky,-0.451129897682009,0.473540243723947,0.0224103460419381,0,0,0,0,0,0,0,0,NA,NA,SR,2137345,False
2026-27,1806,Anthony Batson Jr.,Stanford,-0.759468926929639,0.781114510338765,0.0216455834091256,0,0,0,0,0,0,0,0,NA,NA,JR,2275957,False
2026-27,1807,JaQualon Roberts,Davidson,-0.512981757045516,0.533679379253476,0.0206976222079597,0,0,0,0,0,0,0,0,NA,NA,SR,2115436,False
2026-27,1808,Izaiah Pasha,Duquesne,0.0958346993348542,-0.0763980077724293,0.019436691562425,0,0,0,0,0,0,0,0,NA,NA,JR,2327273,False
2026-27,1809,Will Lovings-Watts,Chicago State,-0.175373682563091,0.194694622599936,0.0193209400368453,0,0,0,0,0,0,0,0,NA,NA,SO,37810908,False
2026-27,1810,Walter Campbell,New Orleans,0.43282582540468,-0.415624863098914,0.0172009623057658,0,0,0,0,0,0,0,0,NA,NA,SO,32855214,False
2026-27,1811,Devin Dinkins,Delaware,1.55003237273921,-1.53583346355512,0.0141989091840842,0,0,0,0,0,0,0,0,NA,NA,SR,1916285,False
2026-27,1812,Abass Bodija,Fordham,-0.584310487720632,0.598200871349781,0.0138903836291491,0,0,0,0,0,0,0,0,NA,NA,SO,2348718,False
2026-27,1813,Yoro Diallo,Notre Dame,-0.555877935576052,0.569648657846841,0.0137707222707888,0,0,0,0,0,0,0,0,NA,NA,SO,231945474,False
2026-27,1814,Zion Walker,Radford,1.11546875664367,-1.10264773406796,0.0128210225757102,0,0,0,0,0,0,0,0,NA,NA,JR,2327062,False
2026-27,1815,Josh Irving,Texas A&M,-0.555854735322581,0.568025203803551,0.0121704684809699,0,0,0,0,0,0,0,0,NA,NA,FR,52645132,False
2026-27,1816,Jackson Ball,Wisconsin,1.00493405595558,-0.993351942807924,0.0115821131476532,0,0,0,0,0,0,0,0,NA,NA,FR,192059830,False
2026-27,1817,Abdullahi Bashir,San Francisco,-0.0401058720951808,0.051212252055029,0.0111063799598482,0,0,0,0,0,0,0,0,NA,NA,SR,2547348,False
2026-27,1818,Oren Sahar,Pepperdine,0.288512957771252,-0.277552889365328,0.0109600684059249,0,0,0,0,0,0,0,0,NA,NA,FR,175994656,False
2026-27,1819,Jalyn Collingwood,Mississippi State,-0.580873868028935,0.5908511177069,0.00997724967796554,0,0,0,0,0,0,0,0,NA,NA,FR,52421679,False
2026-27,1820,Bradey Henige,Fresno State,-0.255189417729238,0.265001631270287,0.0098122135410485,0,0,0,0,0,0,0,0,NA,NA,JR,2282119,False
2026-27,1821,Luke Gray,Oral Roberts,-0.149130684910833,0.156767126603645,0.0076364416928123,0,0,0,0,0,0,0,0,NA,NA,JR,2277264,False
2026-27,1822,Josiah Sanders,Montana,0.136235160228049,-0.132425822951456,0.00380933727659319,0,0,0,0,0,0,0,0,NA,NA,JR,106671453,False
2026-27,1823,Jaylan Ouwinga,Toledo,-0.346687321018006,0.348960504495294,0.00227318347728811,0,0,0,0,0,0,0,0,NA,NA,JR,2294981,False
2026-27,1824,Thomas Ndong,Saint Mary's,-0.713940170523752,0.715672482870494,0.00173231234674176,0,0,0,0,0,0,0,0,NA,NA,SR,2126493,False
2026-27,1825,Josh Dixon,Georgia Southern,0.671743331528087,-0.670077909364478,0.00166542216360888,0,0,0,0,0,0,0,0,NA,NA,SO,2480412,False
2026-27,1826,Kayden Allen,Georgia Tech,0.38144724474189,-0.379952449243534,0.00149479549835624,0,0,0,0,0,0,0,0,NA,NA,FR,165687322,False
2026-27,1827,EJ Smith,Presbyterian,0.50864249705544,-0.508305370296938,0.000337126758502837,0,0,0,0,0,0,0,0,NA,NA,JR,230672127,False
2026-27,1828,Mayo Soyoye,Baylor,-0.46764477356458,0.466658964825775,-0.000985808738805716,0,0,0,0,0,0,0,0,NA,NA,SO,2481336,False
2026-27,1829,Kaidon Rayfield,Northern Colorado,-1.12091050169539,1.11768290968901,-0.00322759200637668,0,0,0,0,0,0,0,0,NA,NA,SO,2548802,False
2026-27,1830,Jermaine Washington,New Mexico State,0.555747744849479,-0.559655241399172,-0.00390749654969258,0,0,0,0,0,0,0,0,NA,NA,JR,2284412,False
2026-27,1831,Josh Ibukunoluwa,Bradley,0.302977409380277,-0.307424127166438,-0.00444671778616107,0,0,0,0,0,0,0,0,NA,NA,JR,2321253,False
2026-27,1832,Karmani Gregory,Indiana State,0.660725252988043,-0.669472452710747,-0.00874719972270366,0,0,0,0,0,0,0,0,NA,NA,SR,2345231,False
2026-27,1833,RJ Greer,UNC Greensboro,0.344545619322937,-0.353572253057371,-0.00902663373443352,0,0,0,0,0,0,0,0,NA,NA,SO,2505297,False
2026-27,1834,Nolen Anderson,Minnesota,0.0269531353008219,-0.0377793236477904,-0.0108261883469686,0,0,0,0,0,0,0,0,NA,NA,FR,82348534,False
2026-27,1835,Tyrus Rathan-Mayes,Wichita State,-0.112844148838021,0.101633708436614,-0.0112104404014064,0,0,0,0,0,0,0,0,NA,NA,SO,2483437,False
2026-27,1836,Amari Reed,Stephen F. Austin,-0.993111272944202,0.981661967715124,-0.0114493052290783,0,0,0,0,0,0,0,0,NA,NA,SO,2540427,False
2026-27,1837,JJ Kelly,UTSA,-0.0719568762921127,0.0597966557320625,-0.0121602205600502,0,0,0,0,0,0,0,0,NA,NA,SO,2532464,False
2026-27,1838,Colt Langdon,Marshall,0.277152661279557,-0.289566087312154,-0.0124134260325969,0,0,0,0,0,0,0,0,NA,NA,SO,2302162,False
2026-27,1839,Joy Ighovodja,Wichita State,-0.463834530673313,0.44979863715404,-0.0140358935192731,0,0,0,0,0,0,0,0,NA,NA,SR,2095002,False
2026-27,1840,Chris Mubiru,Houston Christian,0.148531479131405,-0.163234923349831,-0.0147034442184252,0,0,0,0,0,0,0,0,NA,NA,SR,2100345,False
2026-27,1841,Nedas Raupelis,Rhode Island,-0.268244819465599,0.25347546685231,-0.0147693526132894,0,0,0,0,0,0,0,0,NA,NA,FR,131341536,False
2026-27,1842,Edwin Daniel,Stephen F. Austin,-1.39620993942285,1.3813058015049,-0.0149041379179469,0,0,0,0,0,0,0,0,NA,NA,SR,2510375,False
2026-27,1843,Jordan Sigmon,Western Michigan,0.567266915189655,-0.582749480826025,-0.0154825656363694,0,0,0,0,0,0,0,0,NA,NA,FR,244330374,False
2026-27,1844,Chris Tadjo,Santa Clara,-0.443390917587812,0.426497836486732,-0.0168930811010796,0,0,0,0,0,0,0,0,NA,NA,JR,2307602,False
2026-27,1845,Bruno Alocen,Valparaiso,0.277047292340874,-0.294009798904986,-0.0169625065641114,0,0,0,0,0,0,0,0,NA,NA,JR,2322668,False
2026-27,1846,Courtney Anderson,Montana,0.592784005888099,-0.61253770662585,-0.0197537007377518,0,0,0,0,0,0,0,0,NA,NA,JR,2139332,False
2026-27,1847,Stefan Plisnic,VCU,-0.430531319636359,0.410386481477566,-0.0201448381587929,0,0,0,0,0,0,0,0,NA,NA,FR,202310555,False
2026-27,1848,Tarris Bouie,Alabama,-0.644922895123569,0.624723465461628,-0.0201994296619411,0,0,0,0,0,0,0,0,NA,NA,FR,109753718,False
2026-27,1849,Tony Duckett,UC Riverside,-0.206310840445397,0.18559849919271,-0.0207123412526871,0,0,0,0,0,0,0,0,NA,NA,JR,2351033,False
2026-27,1850,Tayeshawn Cunningham-Pemberton,Quinnipiac,0.298240479105445,-0.319221568568743,-0.0209810894632978,0,0,0,0,0,0,0,0,NA,NA,SR,181965455,False
2026-27,1851,Cole Edelen,Fairfield,0.453185443474516,-0.475324755739659,-0.022139312265143,0,0,0,0,0,0,0,0,NA,NA,FR,249378117,False
2026-27,1852,Aurèle Brena-Chemille,San Jose State,0.10121071566821,-0.124263963882926,-0.0230532482147159,0,0,0,0,0,0,0,0,NA,NA,FR,187552100,False
2026-27,1853,Koat Keat Tong,UC Santa Barbara,-0.658199701121476,0.632720460073215,-0.0254792410482609,0,0,0,0,0,0,0,0,NA,NA,SR,1924263,False
2026-27,1854,Zaxton King,Illinois State,0.597071887637409,-0.623015818961975,-0.0259439313245663,0,0,0,0,0,0,0,0,NA,NA,JR,2313693,False
2026-27,1855,Amier Ali,California,0.100016198488057,-0.12645087669148,-0.0264346782034231,0,0,0,0,0,0,0,0,NA,NA,JR,2322696,False
2026-27,1856,Malick Kordel,Minnesota,-1.29771418868051,1.26809811863054,-0.0296160700499619,0,0,0,0,0,0,0,0,NA,NA,SO,2511346,False
2026-27,1857,Amsal Delalić,DePaul,-0.00568377590125759,-0.0257765823850844,-0.031460358286342,0,0,0,0,0,0,0,0,NA,NA,JR,2295732,False
2026-27,1858,Sean Blake,Ball State,0.0646326594553921,-0.0965823676883455,-0.0319497082329534,0,0,0,0,0,0,0,0,NA,NA,JR,2314352,False
2026-27,1859,Elijah Gertrude,Virginia,-0.686531664360049,0.651123221392324,-0.0354084429677246,0,0,0,0,0,0,0,0,NA,NA,JR,2097927,False
2026-27,1860,Gan-Erdene Solongo,Notre Dame,-0.255254681239596,0.216614655340174,-0.0386400258994223,0,0,0,0,0,0,0,0,NA,NA,FR,208607407,False
2026-27,1861,Alejandro Aviles,San Diego,-0.59556287859855,0.555635137530715,-0.0399277410678353,0,0,0,0,0,0,0,0,NA,NA,SO,2533713,False
2026-27,1862,Tim Oboh,Penn State,-1.51426593486219,1.47367637794237,-0.040589556919816,0,0,0,0,0,0,0,0,NA,NA,JR,2319448,False
2026-27,1863,Dalen Davis,Princeton,0.729049275124287,-0.769923899543104,-0.0408746244188166,0,0,0,0,0,0,0,0,NA,NA,SR,2124862,False
2026-27,1864,Justin Caldwell,Georgetown,-0.643167538908375,0.600316694080072,-0.0428508448283025,0,0,0,0,0,0,0,0,NA,NA,FR,183939355,False
2026-27,1865,Brooklyn Hicks,Cal State Northridge,0.0284171089507992,-0.072110630683212,-0.0436935217324128,0,0,0,0,0,0,0,0,NA,NA,SR,2126214,False
2026-27,1866,Tanner Davis,Utah Valley,0.243633287811745,-0.287562967560869,-0.0439296797491237,0,0,0,0,0,0,0,0,NA,NA,SO,2477849,False
2026-27,1867,Quentin Heady,Bethune-Cookman,0.012052467031418,-0.0563049594057506,-0.0442524923743326,0,0,0,0,0,0,0,0,NA,NA,SR,2311737,False
2026-27,1868,Brayden O'Connor,George Mason,-0.317826599100501,0.272730589950594,-0.0450960091499071,0,0,0,0,0,0,0,0,NA,NA,SR,1926101,False
2026-27,1869,Trevor Polite,Northern Illinois,0.668947493325895,-0.7147553124603,-0.0458078191344051,0,0,0,0,0,0,0,0,NA,NA,SO,147243153,False
2026-27,1870,Caden Wilkins,St. Thomas (MN),-0.0196172247602857,-0.028139292788343,-0.0477565175486287,0,0,0,0,0,0,0,0,NA,NA,SO,2303001,False
2026-27,1871,Tate Darner,Chattanooga,0.706983335715168,-0.755143749539617,-0.0481604138244487,0,0,0,0,0,0,0,0,NA,NA,SO,2486745,False
2026-27,1872,Alec Squires,South Dakota State,-0.325352344036726,0.276695411930869,-0.0486569321058577,0,0,0,0,0,0,0,0,NA,NA,SO,2307441,False
2026-27,1873,Zach White,San Diego State,-0.122975932294998,0.0728750195762217,-0.050100912718776,0,0,0,0,0,0,0,0,NA,NA,FR,258531928,False
2026-27,1874,Baboucarr Njie,Temple,-0.917488667661355,0.865042526786668,-0.0524461408746864,0,0,0,0,0,0,0,0,NA,NA,JR,2321456,False
2026-27,1875,Jacob Meyer,Georgia State,0.585102204864254,-0.638985054824991,-0.0538828499607366,0,0,0,0,0,0,0,0,NA,NA,SR,2119881,False
2026-27,1876,David Simonovic,Drexel,-0.0252413774181611,-0.0292776135913496,-0.0545189910095106,0,0,0,0,0,0,0,0,NA,NA,FR,42449557,False
2026-27,1877,Onyeka Joe Agu,USC,-0.156062909100399,0.10102649581498,-0.0550364132854182,0,0,0,0,0,0,0,0,NA,NA,FR,124693299,False
2026-27,1878,CJ Williams,Auburn,-0.0899192551279926,0.032253510396771,-0.0576657447312216,0,0,0,0,0,0,0,0,NA,NA,SR,1924197,False
2026-27,1879,Daithi Quinn,East Carolina,0.0325974825566514,-0.0910302377473581,-0.0584327551907067,0,0,0,0,0,0,0,0,NA,NA,SO,2480404,False
2026-27,1880,Chris Arias,Wofford,0.562511622305672,-0.621590391090274,-0.0590787687846018,0,0,0,0,0,0,0,0,NA,NA,JR,2319484,False
2026-27,1881,Marcus Overstreet,Southern Mississippi,-0.314686601853151,0.254848086426117,-0.059838515427034,0,0,0,0,0,0,0,0,NA,NA,SR,2118871,False
2026-27,1882,Jaquan Sanders,Florida A&M,0.866877713709378,-0.927001427414198,-0.0601237137048199,0,0,0,0,0,0,0,0,NA,NA,SR,1940396,False
2026-27,1883,Christian King,Montana State,0.164075917690483,-0.224920733883045,-0.060844816192562,0,0,0,0,0,0,0,0,NA,NA,JR,2125365,False
2026-27,1884,Taj Walters,Arkansas-Little Rock,-0.143235431634675,0.0816745969080983,-0.0615608347265764,0,0,0,0,0,0,0,0,NA,NA,SO,2543663,False
2026-27,1885,Jaron Mckie,Dayton,0.0248888559391465,-0.0878018105263287,-0.0629129545871822,0,0,0,0,0,0,0,0,NA,NA,SO,2510940,False
2026-27,1886,Kota Suttle Jr.,UNLV,-0.690618868104673,0.627116765828143,-0.0635021022765299,0,0,0,0,0,0,0,0,NA,NA,FR,115335023,False
2026-27,1887,Tommy Ahneman,Notre Dame,-0.621766305811799,0.557524743053887,-0.064241562757912,0,0,0,0,0,0,0,0,NA,NA,SO,2483778,False
2026-27,1888,Ian Miletic,Marquette,-0.284982371461334,0.220503571222898,-0.0644788002384361,0,0,0,0,0,0,0,0,NA,NA,SO,2505075,False
2026-27,1889,Jake DiMichele,Duquesne,0.461343652696875,-0.527552786842512,-0.0662091341456374,0,0,0,0,0,0,0,0,NA,NA,SR,2112621,False
2026-27,1890,Jordan Charles,UC Santa Barbara,-0.00833741240617787,-0.0607127988590491,-0.069050211265227,0,0,0,0,0,0,0,0,NA,NA,FR,68309226,False
2026-27,1891,Almar Atlason,Miami (OH),0.546889024275997,-0.616338850101217,-0.0694498258252193,0,0,0,0,0,0,0,0,NA,NA,SR,2091389,False
2026-27,1892,Legend Smiley,Oregon State,1.15091730625914,-1.22300661538627,-0.0720893091271291,0,0,0,0,0,0,0,0,NA,NA,SO,2477455,False
2026-27,1893,Isaiah Vick,Northwestern State,-0.316656968784892,0.243331140950545,-0.0733258278343469,0,0,0,0,0,0,0,0,NA,NA,SO,85992666,False
2026-27,1894,Gantas Križanauskas,Portland State,0.373434656824715,-0.448217149274637,-0.0747824924499223,0,0,0,0,0,0,0,0,NA,NA,FR,263564580,False
2026-27,1895,Isaiah Miranda,Grambling,-0.637091972185438,0.562195679149951,-0.0748962930354867,0,0,0,0,0,0,0,0,NA,NA,SR,1976588,False
2026-27,1896,Yssam Moungalla,Chattanooga,0.17018977932872,-0.245588548329539,-0.0753987690008186,0,0,0,0,0,0,0,0,NA,NA,FR,213164758,False
2026-27,1897,Gianni Cobb,SIU Edwardsville,-0.422711747670634,0.346375263033312,-0.0763364846373219,0,0,0,0,0,0,0,0,NA,NA,JR,2289044,False
2026-27,1898,Alex Smith,Ohio State,-0.0997670263684706,0.0210210687933147,-0.0787459575751559,0,0,0,0,0,0,0,0,NA,NA,FR,54690700,False
2026-27,1899,Kam Burton,La Salle,1.38926031624173,-1.47210632013146,-0.082846003889729,0,0,0,0,0,0,0,0,NA,NA,SR,2112580,False
2026-27,1900,Silas Barksdale,Virginia,-0.459300435361045,0.376089205499653,-0.0832112298613925,0,0,0,0,0,0,0,0,NA,NA,SO,2505027,False
2026-27,1901,Naas Cunningham,Jacksonville State,0.172708647020437,-0.256816182144196,-0.0841075351237587,0,0,0,0,0,0,0,0,NA,NA,SO,2301242,False
2026-27,1902,Malchiah Marable,Central Arkansas,-1.1184396678979,1.03392025723263,-0.0845194106652634,0,0,0,0,0,0,0,0,NA,NA,SO,2559456,False
2026-27,1903,Salih Altuntas,Saint Mary's,-0.859325099491667,0.7730959390696,-0.0862291604220666,0,0,0,0,0,0,0,0,NA,NA,SO,2507070,False
2026-27,1904,Peyton White,Nevada,0.755860547257322,-0.842599006140993,-0.0867384588836704,0,0,0,0,0,0,0,0,NA,NA,SO,2545402,False
2026-27,1905,Tyus Parrish-Tillman,UC Riverside,-0.331155864088111,0.244160153275216,-0.0869957108128951,0,0,0,0,0,0,0,0,NA,NA,SR,254364866,False
2026-27,1906,Chris Davis Jr,South Florida,0.73218436229111,-0.819338167386916,-0.0871538050958063,0,0,0,0,0,0,0,0,NA,NA,SO,2509278,False
2026-27,1907,Chris Loofe,Tulsa,-1.43161955815892,1.34446149392269,-0.0871580642362357,0,0,0,0,0,0,0,0,NA,NA,SR,2110423,False
2026-27,1908,Marko Markovic,East Texas A&M,-0.342905849060524,0.255106061828452,-0.0877997872320721,0,0,0,0,0,0,0,0,NA,NA,FR,249097485,False
2026-27,1909,Jaden Miller,Eastern Illinois,1.23235491191638,-1.32031224941108,-0.087957337494704,0,0,0,0,0,0,0,0,NA,NA,JR,146985203,False
2026-27,1910,Devin Brown,Notre Dame,-0.364408476685514,0.27631037760294,-0.0880980990825745,0,0,0,0,0,0,0,0,NA,NA,SO,2505305,False
2026-27,1911,Tennessee Rainwater,Mercyhurst,0.248166001728136,-0.339361829363655,-0.0911958276355196,0,0,0,0,0,0,0,0,NA,NA,SR,2116989,False
2026-27,1912,Fazl Oshodi,Marshall,1.10637314410194,-1.19764885316047,-0.0912757090585348,0,0,0,0,0,0,0,0,NA,NA,JR,2550795,False
2026-27,1913,Franck Emmou,Tarleton State,1.27578900993837,-1.36766103703792,-0.0918720270995492,0,0,0,0,0,0,0,0,NA,NA,SR,2126105,False
2026-27,1914,Dikembe Shaw,Illinois-Chicago,-0.0610528962868478,-0.0308823218798747,-0.0919352181667225,0,0,0,0,0,0,0,0,NA,NA,FR,124915021,False
2026-27,1915,Tre Norman,Milwaukee,-0.560994650033734,0.46869388022815,-0.0923007698055838,0,0,0,0,0,0,0,0,NA,NA,SR,2099033,False
2026-27,1916,Tristen Guillouette,Florida Gulf Coast,-0.664423963981378,0.571147424759661,-0.0932765392217163,0,0,0,0,0,0,0,0,NA,NA,JR,2333225,False
2026-27,1917,Jo Van Buggenhout,Sacred Heart,0.903921088110061,-0.998607887368627,-0.0946867992585663,0,0,0,0,0,0,0,0,NA,NA,SR,2503129,False
2026-27,1918,Mark Lavrenov,New Mexico State,0.0588743709123359,-0.154084867462167,-0.0952104965498308,0,0,0,0,0,0,0,0,NA,NA,SO,2505259,False
2026-27,1919,Darrel Yepdo,Vermont,0.676859204011042,-0.772637121922951,-0.0957779179119094,0,0,0,0,0,0,0,0,NA,NA,SR,1890860,False
2026-27,1920,Gallagher Placide,Wake Forest,-0.652430865077986,0.555533578877008,-0.0968972862009787,0,0,0,0,0,0,0,0,NA,NA,FR,73079690,False
2026-27,1921,Chadlyn Traylor,Wright State,0.580764295117771,-0.677905622808839,-0.097141327691068,0,0,0,0,0,0,0,0,NA,NA,SO,2509279,False
2026-27,1922,Jaden Henderson,Cal State Fullerton,0.939034384693743,-1.03656257098572,-0.0975281862919735,0,0,0,0,0,0,0,0,NA,NA,SR,2303149,False
2026-27,1923,Linus Holmstrom,Youngstown State,0.631044541429305,-0.729941085870665,-0.0988965444413601,0,0,0,0,0,0,0,0,NA,NA,JR,2328971,False
2026-27,1924,Hassan Koureissi,Fordham,-0.523565801150498,0.423526804135137,-0.10003899701536,0,0,0,0,0,0,0,0,NA,NA,FR,220987462,False
2026-27,1925,Alier Maluk,McNeese State,-0.883594976511422,0.783461808777787,-0.100133167733634,0,0,0,0,0,0,0,0,NA,NA,JR,2305489,False
2026-27,1926,Eddie Cooke III,Robert Morris,0.329969299104724,-0.430353240512036,-0.100383941407312,0,0,0,0,0,0,0,0,NA,NA,SO,2504133,False
2026-27,1927,Cam Miles,UNLV,0.50694531845365,-0.607426088282399,-0.100480769828748,0,0,0,0,0,0,0,0,NA,NA,SO,2550804,False
2026-27,1928,Olavi Suutela,UC San Diego,-0.235104062429139,0.133439938859382,-0.101664123569757,0,0,0,0,0,0,0,0,NA,NA,SO,2540509,False
2026-27,1929,Jasen Lopez,Florida State,-0.12263112230721,0.0205201988518633,-0.102110923455347,0,0,0,0,0,0,0,0,NA,NA,FR,209875105,False
2026-27,1930,Jacob Webber,Purdue,0.560905364327367,-0.663146172290239,-0.102240807962871,0,0,0,0,0,0,0,0,NA,NA,FR,121731476,False
2026-27,1931,Matt Dann,Sam Houston State,-0.398468337452628,0.296176480249406,-0.102291857203222,0,0,0,0,0,0,0,0,NA,NA,SO,2550310,False
2026-27,1932,Jace Whiting,UTEP,0.237545914693211,-0.34110998849224,-0.103564073799029,0,0,0,0,0,0,0,0,NA,NA,SR,1908613,False
2026-27,1933,Theo Airhienbuwa,Seton Hall,-0.255732275997186,0.151562551702134,-0.104169724295052,0,0,0,0,0,0,0,0,NA,NA,FR,114085718,False
2026-27,1934,Amare Hereford,Milwaukee,0.090115624198935,-0.195097226535878,-0.104981602336943,0,0,0,0,0,0,0,0,NA,NA,FR,56033745,False
2026-27,1935,Matt Mayock,American,0.772340727607657,-0.877749745980987,-0.10540901837333,0,0,0,0,0,0,0,0,NA,NA,SR,2112593,False
2026-27,1936,Assane Diop,Missouri-Kansas City,-0.485134427566555,0.37932139094472,-0.105813036621835,0,0,0,0,0,0,0,0,NA,NA,SR,2139334,False
2026-27,1937,David Thomas,Georgia State,0.300770815535849,-0.407840242224881,-0.107069426689032,0,0,0,0,0,0,0,0,NA,NA,SR,2161316,False
2026-27,1938,Dorian Hayes,UTSA,0.747610230590431,-0.855474496648874,-0.107864266058443,0,0,0,0,0,0,0,0,NA,NA,SO,2548799,False
2026-27,1939,Gage Lattimore,James Madison,0.731749101857224,-0.840511916953406,-0.108762815096182,0,0,0,0,0,0,0,0,NA,NA,JR,2359020,False
2026-27,1940,Sir Mohammed,Penn,-0.475425221323169,0.364178966835009,-0.111246254488159,0,0,0,0,0,0,0,0,NA,NA,JR,2283119,False
2026-27,1941,Logan Suber,Southeastern Louisiana,-0.435187629832222,0.32357726089422,-0.111610368938002,0,0,0,0,0,0,0,0,NA,NA,SR,2122525,False
2026-27,1942,Annor Boateng,Missouri,-0.695236660961792,0.581424214874329,-0.113812446087463,0,0,0,0,0,0,0,0,NA,NA,JR,2300863,False
2026-27,1943,Antione West,Purdue,-0.00662160973467884,-0.107710142616096,-0.114331752350775,0,0,0,0,0,0,0,0,NA,NA,SO,2486714,False
2026-27,1944,Fynn Schott,Utah,-0.5214123446098,0.406093928382627,-0.115318416227173,0,0,0,0,0,0,0,0,NA,NA,FR,255706970,False
2026-27,1945,Chris McDermott,Texas A&M,-0.306173443095168,0.187424552318338,-0.11874889077683,0,0,0,0,0,0,0,0,NA,NA,JR,2319950,False
2026-27,1946,Jeremiah Dorsey,Idaho State,0.160723976101018,-0.282076741370349,-0.121352765269331,0,0,0,0,0,0,0,0,NA,NA,JR,31617574,False
2026-27,1947,Sentinel Moore,Campbell,-0.276164421551425,0.154211905667887,-0.121952515883538,0,0,0,0,0,0,0,0,NA,NA,JR,121583539,False
2026-27,1948,Boubacar Djigo,Marshall,-0.561267296613974,0.438815486758208,-0.122451809855767,0,0,0,0,0,0,0,0,NA,NA,JR,239268142,False
2026-27,1949,BJ Ranson,Saint Joseph's,0.222218217036882,-0.349357623128934,-0.127139406092052,0,0,0,0,0,0,0,0,NA,NA,FR,91261666,False
2026-27,1950,Caden Harris,North Alabama,0.266641624116689,-0.396401017031151,-0.129759392914462,0,0,0,0,0,0,0,0,NA,NA,SR,247116075,False
2026-27,1951,Harris Reynolds,Clemson,-0.13480868462985,0.00439360454648262,-0.130415080083367,0,0,0,0,0,0,0,0,NA,NA,FR,262294388,False
2026-27,1952,Aly Tounkara,Boston College,-1.36958767996592,1.23806647013798,-0.131521209827939,0,0,0,0,0,0,0,0,NA,NA,JR,2319961,False
2026-27,1953,Quintero Barnett,Middle Tennessee,0.376334193689845,-0.508928429933589,-0.132594236243744,0,0,0,0,0,0,0,0,NA,NA,JR,227379276,False
2026-27,1954,Reese Miller,UTEP,0.506367415654372,-0.639635446755958,-0.133268031101586,0,0,0,0,0,0,0,0,NA,NA,SR,1925322,False
2026-27,1955,Andrew Ball,Richmond,-0.152519617826224,0.0183400438005719,-0.134179574025653,0,0,0,0,0,0,0,0,NA,NA,SR,1925672,False
2026-27,1956,Finley Sheridan,Stetson,0.224419727757986,-0.358785217156913,-0.134365489398927,0,0,0,0,0,0,0,0,NA,NA,SR,2116963,False
2026-27,1957,Xavier Abreu,College of Charleston,0.638782017769041,-0.774696424136336,-0.135914406367296,0,0,0,0,0,0,0,0,NA,NA,SO,2474097,False
2026-27,1958,Markus Pastorcic-Straun,IU Indy,1.39349946447042,-1.52991200681447,-0.136412542344051,0,0,0,0,0,0,0,0,NA,NA,SR,14238646,False
2026-27,1959,Leonardo Marangon,Providence,-0.4057573557707,0.267117102543383,-0.138640253227317,0,0,0,0,0,0,0,0,NA,NA,FR,218320973,False
2026-27,1960,Justus McNair,Valparaiso,0.578631227183874,-0.718375676922864,-0.13974444973899,0,0,0,0,0,0,0,0,NA,NA,JR,2324121,False
2026-27,1961,Winters Grady,Minnesota,0.192966888119371,-0.333580427569252,-0.140613539449881,0,0,0,0,0,0,0,0,NA,NA,SO,2511347,False
2026-27,1962,Max Burton,Akron,-0.0504836053716433,-0.0931112822453584,-0.143594887617002,0,0,0,0,0,0,0,0,NA,NA,SR,1903775,False
2026-27,1963,Niko Abusara,Dartmouth,-0.727712849964865,0.581393527084753,-0.146319322880112,0,0,0,0,0,0,0,0,NA,NA,SR,2126156,False
2026-27,1964,Jazz Gardner,Saint Mary's,-0.363262698293686,0.215409903262009,-0.147852795031677,0,0,0,0,0,0,0,0,NA,NA,SR,2096212,False
2026-27,1965,Ronnie Harrison,Washington State,-0.65577212379062,0.507880623752273,-0.147891500038347,0,0,0,0,0,0,0,0,NA,NA,SR,2317040,False
2026-27,1966,Zion Pipkin,Sam Houston State,-0.260044639787047,0.11151291830574,-0.148531721481307,0,0,0,0,0,0,0,0,NA,NA,FR,134055382,False
2026-27,1967,Wei Lin,Oregon,0.458703705321913,-0.610007744383048,-0.151304039061135,0,0,0,0,0,0,0,0,NA,NA,JR,2543875,False
2026-27,1968,Barrett Loer,Rhode Island,-0.248851288601105,0.0967159978583085,-0.152135290742797,0,0,0,0,0,0,0,0,NA,NA,SO,2472926,False
2026-27,1969,Sage Tolentino,UNC Asheville,-0.42684593662446,0.274283179375537,-0.152562757248924,0,0,0,0,0,0,0,0,NA,NA,SR,1908279,False
2026-27,1970,Sebastian Akins,Washington State,-0.437266294629612,0.284317683848078,-0.152948610781534,0,0,0,0,0,0,0,0,NA,NA,JR,2306685,False
2026-27,1971,Noah Hill,Wichita State,-0.778473078281302,0.624565190243774,-0.153907888037528,0,0,0,0,0,0,0,0,NA,NA,SO,2483434,False
2026-27,1972,Michael James,Alabama State,0.283563096267361,-0.437521196484136,-0.153958100216775,0,0,0,0,0,0,0,0,NA,NA,SR,2547311,False
2026-27,1973,Akbar Waheed III,Saint Bonaventure,-0.269166112650712,0.115181166897894,-0.153984945752819,0,0,0,0,0,0,0,0,NA,NA,SO,2534670,False
2026-27,1974,Zyon Hawthorne,Kentucky,-0.293636042755039,0.138549514167689,-0.15508652858735,0,0,0,0,0,0,0,0,NA,NA,FR,201653127,False
2026-27,1975,Talis Soulhac,Murray State,0.00813609862883178,-0.163503879398298,-0.155367780769466,0,0,0,0,0,0,0,0,NA,NA,FR,21105376,False
2026-27,1976,Will Garlock,Wisconsin,-0.451159799635173,0.2906890257734,-0.160470773861774,0,0,0,0,0,0,0,0,NA,NA,SO,2491502,False
2026-27,1977,Ty Bevins,Rider,0.0850286543970305,-0.245664931441617,-0.160636277044586,0,0,0,0,0,0,0,0,NA,NA,JR,2299982,False
2026-27,1978,Jonas Sirtautas,Georgia State,-0.542228016738187,0.381060467818072,-0.161167548920115,0,0,0,0,0,0,0,0,NA,NA,SR,2118748,False
2026-27,1979,Julian Washington,Dayton,-0.20117777563722,0.0389962763282733,-0.162181499308947,0,0,0,0,0,0,0,0,NA,NA,FR,78271655,False
2026-27,1980,Troy Plumtree,Cal Poly,0.0371316992124743,-0.199409468005568,-0.162277768793094,0,0,0,0,0,0,0,0,NA,NA,SO,2545363,False
2026-27,1981,Goc Malual,Colorado,-0.299302803428673,0.136873276880995,-0.162429526547678,0,0,0,0,0,0,0,0,NA,NA,FR,82964997,False
2026-27,1982,Austin Brown,Maryland,0.0607725104513225,-0.224062967464233,-0.163290457012911,0,0,0,0,0,0,0,0,NA,NA,FR,111259130,False
2026-27,1983,Mobi Ikegwuruka,Troy,-0.531225461195824,0.367212721475553,-0.164012739720271,0,0,0,0,0,0,0,0,NA,NA,SR,2313652,False
2026-27,1984,Damon Friery,Dayton,-0.253902682625196,0.0864482578185675,-0.167454424806628,0,0,0,0,0,0,0,0,NA,NA,SO,2510937,False
2026-27,1985,Badara Diakite,Saint Louis,-0.491681490029117,0.324126772939604,-0.167554717089513,0,0,0,0,0,0,0,0,NA,NA,SO,2536849,False
2026-27,1986,Clayton Jewell,Southeast Missouri State,-0.479235425335996,0.311615751078004,-0.167619674257992,0,0,0,0,0,0,0,0,NA,NA,SO,159141754,False
2026-27,1987,Al Amadou,Milwaukee,-0.493493467490676,0.32521030125632,-0.168283166234356,0,0,0,0,0,0,0,0,NA,NA,JR,2128694,False
2026-27,1988,Tyran Mason,East Tennessee State,0.0858524318387203,-0.255599986784046,-0.169747554945326,0,0,0,0,0,0,0,0,NA,NA,JR,2319738,False
2026-27,1989,Jeremiah Quigley,Binghamton,0.629701787555104,-0.799895698512836,-0.170193910957733,0,0,0,0,0,0,0,0,NA,NA,SR,2114127,False
2026-27,1990,Brian Sumpter,Wofford,-0.286925832403827,0.115738660418369,-0.171187171985459,0,0,0,0,0,0,0,0,NA,NA,SO,2475427,False
2026-27,1991,AJ Thomas,Loyola Marymount,-0.721878932546847,0.549358823863649,-0.172520108683197,0,0,0,0,0,0,0,0,NA,NA,SO,2474103,False
2026-27,1992,Rory Hawke,Saint Mary's,-0.319733880747877,0.146994650180852,-0.172739230567025,0,0,0,0,0,0,0,0,NA,NA,SR,1981131,False
2026-27,1993,CJ Jones,Pacific,-0.192753555756003,0.0197102389073115,-0.173043316848691,0,0,0,0,0,0,0,0,NA,NA,SR,1933807,True
2026-27,1994,Luke Paragon,Brown,0.85148248221785,-1.02549288861491,-0.174010406397063,0,0,0,0,0,0,0,0,NA,NA,SR,2110961,False
2026-27,1995,Kheni Briggs,New Haven,0.344062478713262,-0.518823431381207,-0.174760952667945,0,0,0,0,0,0,0,0,NA,NA,SR,1892537,False
2026-27,1996,George Natsvlishvili,Winthrop,-0.13373343670008,-0.0412096239255925,-0.174943060625672,0,0,0,0,0,0,0,0,NA,NA,SR,2286437,False
2026-27,1997,Stefan Cicic,Ole Miss,-0.919835207515288,0.744376194853435,-0.175459012661853,0,0,0,0,0,0,0,0,NA,NA,SO,2289117,False
2026-27,1998,Zavier Fitch,UNC Greensboro,0.345138822016915,-0.522090104383956,-0.176951282367042,0,0,0,0,0,0,0,0,NA,NA,JR,2304165,False
2026-27,1999,Sadiku Ibine Ayo,Iona,-0.201526004778669,0.0236117410011972,-0.177914263777472,0,0,0,0,0,0,0,0,NA,NA,SR,1890621,False
2026-27,2000,Joe Hurlburt,The Citadel,-0.626490973901877,0.447361652415746,-0.179129321486131,0,0,0,0,0,0,0,0,NA,NA,SR,1933861,False
2026-27,2001,Simon Majok,Nevada,-1.17598365039736,0.995601538881988,-0.180382111515372,0,0,0,0,0,0,0,0,NA,NA,SO,2550749,False
2026-27,2002,Jax Kerr,Saint Louis,-0.627677863058656,0.446853688680994,-0.180824174377662,0,0,0,0,0,0,0,0,NA,NA,SO,2536851,False
2026-27,2003,Demari Williams,UTSA,0.500483693343861,-0.682374190435231,-0.18189049709137,0,0,0,0,0,0,0,0,NA,NA,SR,1716954,False
2026-27,2004,Tyler Parrish,Winthrop,1.08297025492139,-1.26594506447691,-0.182974809555524,0,0,0,0,0,0,0,0,NA,NA,SO,233132302,False
2026-27,2005,Peteris Pinnis,Oregon State,-1.15688875259539,0.973880604653757,-0.183008147941636,0,0,0,0,0,0,0,0,NA,NA,SO,2507010,False
2026-27,2006,Parker Jefferson,Gonzaga,-0.522691425435223,0.339569414529934,-0.183122010905289,0,0,0,0,0,0,0,0,NA,NA,SO,2477491,False
2026-27,2007,Bryce Cofield,Cal State Bakersfield,-1.00269208330773,0.815912774457464,-0.186779308850265,0,0,0,0,0,0,0,0,NA,NA,SO,2483449,False
2026-27,2008,Camaren Sparrow,Coppin State,-1.08129979819373,0.892882906161748,-0.188416892031986,0,0,0,0,0,0,0,0,NA,NA,SR,2092482,False
2026-27,2009,Collins Onyejiaka,Alabama,-0.822324969447984,0.629825680135096,-0.192499289312888,0,0,0,0,0,0,0,0,NA,NA,SO,2550734,False
2026-27,2010,Greyson Pritzl,Indiana State,0.433569891912027,-0.627052279025094,-0.193482387113067,0,0,0,0,0,0,0,0,NA,NA,SR,105831255,False
2026-27,2011,Brady Hennig,Boise State,0.126878604065364,-0.321622471263019,-0.194743867197655,0,0,0,0,0,0,0,0,NA,NA,FR,161228949,False
2026-27,2012,Joey Hart,Ball State,0.478564157653061,-0.674083529228994,-0.195519371575933,0,0,0,0,0,0,0,0,NA,NA,SR,2113944,False
2026-27,2013,Hampton Sanders,Columbia,0.41198409134591,-0.608578396363159,-0.196594305017249,0,0,0,0,0,0,0,0,NA,NA,SR,2117934,False
2026-27,2014,Gabrielius Bubnys,Tennessee-Martin,-0.142271408240306,-0.0545102674451758,-0.196781675685482,0,0,0,0,0,0,0,0,NA,NA,FR,203264357,False
2026-27,2015,William Whorton,Memphis,-0.622491612663748,0.425153266772069,-0.197338345891679,0,0,0,0,0,0,0,0,NA,NA,JR,2099293,False
2026-27,2016,Aliou Dioum,West Virginia,-0.782192943015059,0.583751002320755,-0.198441940694303,0,0,0,0,0,0,0,0,NA,NA,FR,132198232,False
2026-27,2017,Jon Mekonnen,South Dakota State,-0.442119784711707,0.241851505920723,-0.200268278790984,0,0,0,0,0,0,0,0,NA,NA,JR,2321351,False
2026-27,2018,Sam Simmons Jr.,Richmond,-0.210612797271988,0.0102959178766628,-0.200316879395325,0,0,0,0,0,0,0,0,NA,NA,FR,150319475,False
2026-27,2019,Caleb McAbee,Campbell,0.374709723518648,-0.575169883059668,-0.200460159541019,0,0,0,0,0,0,0,0,NA,NA,JR,207126379,False
2026-27,2020,Jayden Fort,Charlotte,-0.716181261682778,0.514854703740687,-0.20132655794209,0,0,0,0,0,0,0,0,NA,NA,JR,2313752,False
2026-27,2021,Madden Smiley,Wyoming,-0.00854803538533497,-0.193197927561748,-0.201745962947083,0,0,0,0,0,0,0,0,NA,NA,FR,27822556,False
2026-27,2022,Jack Daugherty,Northern Illinois,0.607224852083243,-0.811683258613318,-0.204458406530076,0,0,0,0,0,0,0,0,NA,NA,JR,2281149,False
2026-27,2023,Jojo Wallace,Sacred Heart,0.942335651925877,-1.14715923770564,-0.204823585779768,0,0,0,0,0,0,0,0,NA,NA,SO,24606967,False
2026-27,2024,"John Lovelace, Jr.",Milwaukee,0.0861665118644528,-0.292090634650625,-0.205924122786172,0,0,0,0,0,0,0,0,NA,NA,SR,1923859,False
2026-27,2025,Mantas Laurencikas,Texas,0.285418098874251,-0.492362851954372,-0.20694475308012,0,0,0,0,0,0,0,0,NA,NA,FR,2357600,False
2026-27,2026,Chance Puryear,Indiana State,-0.136736740775906,-0.0704970695287276,-0.207233810304634,0,0,0,0,0,0,0,0,NA,NA,SO,2315124,False
2026-27,2027,Donte Tisinger Jr.,Boston University,0.659143280498123,-0.871406707778604,-0.212263427280481,0,0,0,0,0,0,0,0,NA,NA,SO,2482548,False
2026-27,2028,Evan Stinson,Stanford,-0.384273276386904,0.170838953804868,-0.213434322582036,0,0,0,0,0,0,0,0,NA,NA,JR,2275960,False
2026-27,2029,Jalen Brown,Montana,0.868028377162941,-1.08343599455174,-0.215407617388797,0,0,0,0,0,0,0,0,NA,NA,SR,17287831,False
2026-27,2030,Bubu Benjamin,Old Dominion,-0.198563553273878,-0.0187426682429165,-0.217306221516794,0,0,0,0,0,0,0,0,NA,NA,SR,2128750,False
2026-27,2031,Nilavan Daniels,William & Mary,0.3070382746495,-0.528111123742859,-0.221072849093359,0,0,0,0,0,0,0,0,NA,NA,JR,2298455,False
2026-27,2032,Calvin Sirmans III,Alcorn State,0.474758980133471,-0.700157849427204,-0.225398869293733,0,0,0,0,0,0,0,0,NA,NA,SR,2536210,False
2026-27,2033,Reid Cason,UTEP,-0.955504613200979,0.728278144348445,-0.227226468852534,0,0,0,0,0,0,0,0,NA,NA,JR,2283650,False
2026-27,2034,Jermal Jones,Pittsburgh,-0.179285091593357,-0.0505690951569642,-0.229854186750321,0,0,0,0,0,0,0,0,NA,NA,FR,98686988,False
2026-27,2035,T'Johnn Brown,Texas-Rio Grande Valley,-0.776497946393503,0.546176461631361,-0.230321484762142,0,0,0,0,0,0,0,0,NA,NA,SR,2126400,False
2026-27,2036,Tristian Ford,Dayton,-0.0869522591357208,-0.144820377379608,-0.231772636515328,0,0,0,0,0,0,0,0,NA,NA,SO,2481899,False
2026-27,2037,Bobby Crawford Jr.,Texas-Rio Grande Valley,-0.427885781630484,0.195454182379498,-0.232431599250986,0,0,0,0,0,0,0,0,NA,NA,SO,127316089,False
2026-27,2038,Jake Lemelman,Mercyhurst,1.03960990872741,-1.27218799039236,-0.232578081664945,0,0,0,0,0,0,0,0,NA,NA,JR,2287903,False
2026-27,2039,Brandon Lee,James Madison,0.432161951090633,-0.6656033545685,-0.233441403477867,0,0,0,0,0,0,0,0,NA,NA,SO,2548105,False
2026-27,2040,Derek Vorst,Cleveland State,-0.14280404408871,-0.0914491086202237,-0.234253152708934,0,0,0,0,0,0,0,0,NA,NA,SR,2133599,False
2026-27,2041,Austin Ball,Eastern Kentucky,0.595581269317584,-0.829957859021468,-0.234376589703884,0,0,0,0,0,0,0,0,NA,NA,SR,2118634,False
2026-27,2042,Dragos Lungu,Fresno State,-0.393843862080526,0.15571934663388,-0.238124515446646,0,0,0,0,0,0,0,0,NA,NA,JR,2153995,False
2026-27,2043,JB Frankel,Boston College,0.764854905116454,-1.00472804770203,-0.239873142585571,0,0,0,0,0,0,0,0,NA,NA,SR,2112366,False
2026-27,2044,Eli Robinson,Air Force,-0.780901967432832,0.540981644678416,-0.239920322754417,0,0,0,0,0,0,0,0,NA,NA,JR,2303177,False
2026-27,2045,Jamison White,Saint Louis,-0.751066940584138,0.50947141890838,-0.241595521675758,0,0,0,0,0,0,0,0,NA,NA,FR,48158240,False
2026-27,2046,Jaden Vance,UC San Diego,-0.926018051546433,0.683575753433787,-0.242442298112646,0,0,0,0,0,0,0,0,NA,NA,SO,2505190,False
2026-27,2047,Brayden Kyman,Washington State,0.0220416589472745,-0.264822168603199,-0.242780509655925,0,0,0,0,0,0,0,0,NA,NA,FR,165306542,False
2026-27,2048,David Iweze,Cincinnati,-0.603776698372198,0.360924676480096,-0.242852021892102,0,0,0,0,0,0,0,0,NA,NA,SO,2531884,False
2026-27,2049,Akai Fleming,Cincinnati,0.141812308329447,-0.385617991154618,-0.243805682825171,0,0,0,0,0,0,0,0,NA,NA,SO,2474268,False
2026-27,2050,Juan Fernández,South Carolina,-0.223708171438654,-0.0232548221594879,-0.246962993598142,0,0,0,0,0,0,0,0,NA,NA,FR,167431462,False
2026-27,2051,Andy Sigiscar,Loyola Marymount,-0.848310400933426,0.60110112456483,-0.247209276368596,0,0,0,0,0,0,0,0,NA,NA,SO,2317064,False
2026-27,2052,Stoney Hadnot,UT Arlington,-0.335639560433938,0.0860357704238432,-0.249603790010094,0,0,0,0,0,0,0,0,NA,NA,SO,2307447,False
2026-27,2053,Ognjen Stankovic,Manhattan,-0.526094340610679,0.275711541472899,-0.250382799137779,0,0,0,0,0,0,0,0,NA,NA,SO,2509082,False
2026-27,2054,Isaac Riddle,Wisconsin,-0.286646871159498,0.0346983845786056,-0.251948486580893,0,0,0,0,0,0,0,0,NA,NA,FR,231527223,False
2026-27,2055,Rayvon Griffith,Cleveland State,0.0205853140997099,-0.274497273201642,-0.253911959101932,0,0,0,0,0,0,0,0,NA,NA,JR,2117906,False
2026-27,2056,Kris Parker,Kennesaw State,-0.513932951661114,0.25993776156982,-0.253995190091294,0,0,0,0,0,0,0,0,NA,NA,JR,2099739,False
2026-27,2057,Anthony Isaac,Fort Wayne,0.108480902565878,-0.36368165055082,-0.255200747984941,0,0,0,0,0,0,0,0,NA,NA,SR,2547144,False
2026-27,2058,Christ Essandoko,Bowling Green,-1.12775074421162,0.872216946946203,-0.255533797265416,0,0,0,0,0,0,0,0,NA,NA,SR,1910898,False
2026-27,2059,Tyus Thomas,Houston,-0.432357250953284,0.174997438382523,-0.257359812570761,0,0,0,0,0,0,0,0,NA,NA,FR,56385580,False
2026-27,2060,Kendall Campbell,East Tennessee State,-0.520612933313457,0.263161384145112,-0.257451549168345,0,0,0,0,0,0,0,0,NA,NA,SO,252392040,False
2026-27,2061,Peyton Smith,Fairfield,-0.254140441485076,-0.00389247949202215,-0.258032920977098,0,0,0,0,0,0,0,0,NA,NA,SR,2092587,False
2026-27,2062,Jordi Rodriguez,Charlotte,0.0855093777980158,-0.344439007692211,-0.258929629894195,0,0,0,0,0,0,0,0,NA,NA,SO,2534544,False
2026-27,2063,Ricards Aizpurs,TCU,-0.196487513750161,-0.0627277118549914,-0.259215225605153,0,0,0,0,0,0,0,0,NA,NA,FR,229197675,False
2026-27,2064,Cole Bowser,Furman,-0.352530632738794,0.0927854728581999,-0.259745159880594,0,0,0,0,0,0,0,0,NA,NA,SO,2495552,False
2026-27,2065,Felipe Quinones,Florida Atlantic,-0.398124162065122,0.137919959085009,-0.260204202980113,0,0,0,0,0,0,0,0,NA,NA,FR,170780842,False
2026-27,2066,Tristan Vukotic,Rice,-0.00478021276513902,-0.256465312548639,-0.261245525313778,0,0,0,0,0,0,0,0,NA,NA,FR,196182604,False
2026-27,2067,Tyler Mrus,The Citadel,0.493994314933376,-0.755649514758615,-0.261655199825239,0,0,0,0,0,0,0,0,NA,NA,SR,1910969,False
2026-27,2068,Armandas Bancevicius,Tennessee-Martin,-0.45667394667888,0.193166363211434,-0.263507583467446,0,0,0,0,0,0,0,0,NA,NA,FR,67580124,False
2026-27,2069,Jess Esso Essis,Cal Poly,-0.047127794240496,-0.218496322745715,-0.265624116986211,0,0,0,0,0,0,0,0,NA,NA,SO,2544017,False
2026-27,2070,Kahlil Singleton,New Orleans,1.81866772883147,-2.08500763341559,-0.266339904584127,0,0,0,0,0,0,0,0,NA,NA,SR,2119927,False
2026-27,2071,Blake Davidson,Clemson,-0.570009105833586,0.300999240238135,-0.269009865595451,0,0,0,0,0,0,0,0,NA,NA,SO,2475392,False
2026-27,2072,Spence Wewe,Hofstra,-0.853977353965512,0.579548163749825,-0.274429190215687,0,0,0,0,0,0,0,0,NA,NA,JR,2350360,False
2026-27,2073,Efstratios Kalliontzis,North Carolina A&T,0.177902167266159,-0.452764160153203,-0.274861992887044,0,0,0,0,0,0,0,0,NA,NA,JR,2313680,False
2026-27,2074,Jayden Williams,Bucknell,-0.112628909884524,-0.162783366595515,-0.275412276480039,0,0,0,0,0,0,0,0,NA,NA,JR,2313648,False
2026-27,2075,Jordy Barnes,Utah Valley,0.0906264301864972,-0.36703020622828,-0.276403776041783,0,0,0,0,0,0,0,0,NA,NA,JR,2333227,False
2026-27,2076,Bryan Ndjonga,Stony Brook,-0.309529907295915,0.0317739691029766,-0.277755938192938,0,0,0,0,0,0,0,0,NA,NA,SR,2118981,False
2026-27,2077,Dylan Sanders,Southern Utah,0.455151037656862,-0.73428649878406,-0.279135461127199,0,0,0,0,0,0,0,0,NA,NA,SO,227168003,False
2026-27,2078,Jordan Bender,LSU,-0.252113890623155,-0.0281791710231433,-0.280293061646299,0,0,0,0,0,0,0,0,NA,NA,FR,176826675,False
2026-27,2079,Jojo McIver,Colorado State,-0.584385244765288,0.303904150827037,-0.280481093938251,0,0,0,0,0,0,0,0,NA,NA,SO,2536818,False
2026-27,2080,Cameron Williams,Kent State,0.217265848242955,-0.49819460939688,-0.280928761153925,0,0,0,0,0,0,0,0,NA,NA,SR,2539454,False
2026-27,2081,Matija Samar,Missouri-Kansas City,0.299999869662202,-0.582797645369439,-0.282797775707237,0,0,0,0,0,0,0,0,NA,NA,SO,2540507,False
2026-27,2082,Kaseem Watson,East Carolina,0.465767758326361,-0.74948945600017,-0.283721697673809,0,0,0,0,0,0,0,0,NA,NA,SR,1890676,False
2026-27,2083,Jacob Ross,Connecticut,-0.276104147174249,-0.00770657917904825,-0.283810726353298,0,0,0,0,0,0,0,0,NA,NA,SO,2488805,False
2026-27,2084,Nikolas Sermpezis,Florida Gulf Coast,-0.621441987089998,0.328582745914833,-0.292859241175165,0,0,0,0,0,0,0,0,NA,NA,FR,105923451,False
2026-27,2085,Omar Suleiman,Eastern Michigan,0.866227221648664,-1.15930762616943,-0.293080404520761,0,0,0,0,0,0,0,0,NA,NA,JR,114378946,False
2026-27,2086,Cedric Lath,Nevada,-0.450041118499564,0.156170341913309,-0.293870776586255,0,0,0,0,0,0,0,0,NA,NA,SR,2111599,False
2026-27,2087,Dylan Warlick,Weber State,0.0910367888111763,-0.385038929234424,-0.294002140423248,0,0,0,0,0,0,0,0,NA,NA,SO,2325459,False
2026-27,2088,Vuk Lazarevic,Ohio State,-0.540645978186855,0.245530778797161,-0.295115199389694,0,0,0,0,0,0,0,0,NA,NA,FR,262283257,False
2026-27,2089,Frederik Erichsen,Radford,-0.15748548425324,-0.139229951977593,-0.296715436230833,0,0,0,0,0,0,0,0,NA,NA,SO,2536600,False
2026-27,2090,Landon Davis,Illinois,-0.759655985187421,0.462713685633308,-0.296942299554113,0,0,0,0,0,0,0,0,NA,NA,FR,143532441,False
2026-27,2091,Dominic Eason,Lamar,0.341908728186201,-0.640837246103155,-0.298928517916954,0,0,0,0,0,0,0,0,NA,NA,JR,94177104,False
2026-27,2092,Cameren Paul,Mississippi State,-0.455209851173297,0.156044763759335,-0.299165087413962,0,0,0,0,0,0,0,0,NA,NA,SO,2506910,False
2026-27,2093,Sami Pissis,Alabama A&M,0.351757740757681,-0.651097918674042,-0.299340177916361,0,0,0,0,0,0,0,0,NA,NA,SR,1923924,False
2026-27,2094,K'Jei Parker,Ball State,0.620538693771933,-0.921152267173735,-0.300613573401803,0,0,0,0,0,0,0,0,NA,NA,SR,2161143,False
2026-27,2095,Yam Madar,LSU,-0.300843204582001,-0.000407394537276423,-0.301250599119277,0,0,0,0,0,0,0,0,NA,NA,FR,119636154,False
2026-27,2096,Chandler Bing,Vanderbilt,0.00580184706028276,-0.307140650624436,-0.301338803564153,0,0,0,0,0,0,0,0,NA,NA,SO,2539397,False
2026-27,2097,Gavin Marrs,Saint Joseph's,-0.816754026409861,0.514725365982975,-0.302028660426886,0,0,0,0,0,0,0,0,NA,NA,SR,2126484,False
2026-27,2098,Ladji Dembele,Washington State,-0.469044496494912,0.166502132161058,-0.302542364333854,0,0,0,0,0,0,0,0,NA,NA,SR,2113318,False
2026-27,2099,Kaleb Spencer,Incarnate Word,-0.0916119874519044,-0.212400127822392,-0.304012115274296,0,0,0,0,0,0,0,0,NA,NA,SO,2538954,False
2026-27,2100,Mike Evbagharu,North Alabama,-0.275241022066205,-0.0296980916175613,-0.304939113683766,0,0,0,0,0,0,0,0,NA,NA,SR,2110185,False
2026-27,2101,Kevin Ndzie,Butler,-0.928316539728504,0.622858822695764,-0.30545771703274,0,0,0,0,0,0,0,0,NA,NA,SR,2510736,False
2026-27,2102,Parker Gerrits,Wyoming,-0.0766311710451391,-0.229136335097943,-0.305767506143082,0,0,0,0,0,0,0,0,NA,NA,JR,2093262,False
2026-27,2103,Mouhamed Camara,Eastern Kentucky,-0.504949723467273,0.197905464684053,-0.307044258783219,0,0,0,0,0,0,0,0,NA,NA,SO,2483440,False
2026-27,2104,Royal Blue Smith,Arkansas State,-0.195538868510998,-0.116373476633694,-0.311912345144693,0,0,0,0,0,0,0,0,NA,NA,SO,2539268,False
2026-27,2105,Ryan Heath,Saint Bonaventure,0.364198655723537,-0.67962490832184,-0.315426252598303,0,0,0,0,0,0,0,0,NA,NA,SR,232516740,False
2026-27,2106,Macon Emory,Tulsa,-0.678335833959838,0.36062076696428,-0.317715066995558,0,0,0,0,0,0,0,0,NA,NA,JR,2327275,False
2026-27,2107,John St. Germain III,Holy Cross,0.5753833869506,-0.894495166965774,-0.319111780015174,0,0,0,0,0,0,0,0,NA,NA,SR,2111669,False
2026-27,2108,Jaret Valencia,Wichita State,-0.670463881227273,0.349676684757316,-0.320787196469957,0,0,0,0,0,0,0,0,NA,NA,SR,1925674,False
2026-27,2109,Trent MacLean,Saint Mary's,-0.603164109223108,0.282081220592991,-0.321082888630117,0,0,0,0,0,0,0,0,NA,NA,SO,2505030,False
2026-27,2110,Cameron Barnes,Cal State Bakersfield,-0.313464893258487,-0.00860843112058844,-0.322073324379076,0,0,0,0,0,0,0,0,NA,NA,JR,2098125,False
2026-27,2111,Caleb Walker,Air Force,-0.285728175960475,-0.0372150389643232,-0.322943214924798,0,0,0,0,0,0,0,0,NA,NA,SR,2117992,False
2026-27,2112,Nicolus Anderson,Loyola Chicago,-0.690429134138029,0.367470375398762,-0.322958758739267,0,0,0,0,0,0,0,0,NA,NA,SO,2535042,False
2026-27,2113,Braden Housley,Utah Valley,-0.292819114367244,-0.0307848709998181,-0.323603985367062,0,0,0,0,0,0,0,0,NA,NA,JR,1890547,False
2026-27,2114,Scottie Hubbard,Old Dominion,-0.725626900757524,0.399175430763355,-0.326451469994169,0,0,0,0,0,0,0,0,NA,NA,JR,2333160,False
2026-27,2115,Warren Keel,Radford,-0.368782100789843,0.0419022803642124,-0.32687982042563,0,0,0,0,0,0,0,0,NA,NA,SO,2536604,False
2026-27,2116,Dionycius (Nyce) Bakare,California,0.48980047796099,-0.817157647023019,-0.327357169062029,0,0,0,0,0,0,0,0,NA,NA,FR,59447487,False
2026-27,2117,Aaron Davis,Hampton,0.133758243208178,-0.461232957380546,-0.327474714172368,0,0,0,0,0,0,0,0,NA,NA,SR,2125074,False
2026-27,2118,Alex Cotton,Howard,0.665478755883678,-0.994083200814181,-0.328604444930504,0,0,0,0,0,0,0,0,NA,NA,SR,2128711,False
2026-27,2119,Pedro Santos,Albany,-0.73624622035831,0.406463170773351,-0.329783049584959,0,0,0,0,0,0,0,0,NA,NA,SO,2311790,False
2026-27,2120,Dylan Veillette,Merrimack,-1.2804378676347,0.947551315957547,-0.332886551677154,0,0,0,0,0,0,0,0,NA,NA,SO,2566995,False
2026-27,2121,Yohann Sissoko,Long Beach State,-0.000952853738853171,-0.335413854583446,-0.336366708322299,0,0,0,0,0,0,0,0,NA,NA,SO,2550729,False
2026-27,2122,Darren Williams,Florida Gulf Coast,1.01018877504735,-1.34733145519208,-0.337142680144732,0,0,0,0,0,0,0,0,NA,NA,JR,2333219,False
2026-27,2123,Luca Soroa Schaller,Bucknell,-1.15057945498072,0.812757876955962,-0.33782157802476,0,0,0,0,0,0,0,0,NA,NA,JR,2295169,False
2026-27,2124,Or Ashkenazi,Lipscomb,-0.231138115961484,-0.109638859213405,-0.34077697517489,0,0,0,0,0,0,0,0,NA,NA,SO,2561041,False
2026-27,2125,Trey Lewis,Ball State,0.475349529882006,-0.816687991142557,-0.341338461260551,0,0,0,0,0,0,0,0,NA,NA,SR,1890378,False
2026-27,2126,Denis Badalau,Towson,-0.234597305974518,-0.106789958973611,-0.341387264948129,0,0,0,0,0,0,0,0,NA,NA,SO,2474222,False
2026-27,2127,Nick Coval,Davidson,1.08921476055776,-1.43191824026188,-0.342703479704123,0,0,0,0,0,0,0,0,NA,NA,JR,2306458,False
2026-27,2128,Phoenix Woodson,New Mexico State,-0.688326122562672,0.344284443664683,-0.344041678897989,0,0,0,0,0,0,0,0,NA,NA,FR,188879592,False
2026-27,2129,Josh Clark,Marquette,-0.977693484391247,0.632496423479713,-0.345197060911534,0,0,0,0,0,0,0,0,NA,NA,SO,2302585,False
2026-27,2130,Ilija Milijasevic,Wright State,0.397115011783248,-0.742475817236354,-0.345360805453106,0,0,0,0,0,0,0,0,NA,NA,SO,2543751,False
2026-27,2131,Kevin Gad,Saint Mary's,-0.331558032795352,-0.0141655157156224,-0.345723548510974,0,0,0,0,0,0,0,0,NA,NA,SR,1908436,False
2026-27,2132,Ilia Frolov,Arkansas,-0.376981625303254,0.0295307225156992,-0.347450902787555,0,0,0,0,0,0,0,0,NA,NA,FR,203204982,False
2026-27,2133,Jaqari Miles,Grand Canyon,-0.471989049162837,0.123168842000066,-0.348820207162772,0,0,0,0,0,0,0,0,NA,NA,FR,193831262,False
2026-27,2134,Maksim Brnovic,Arizona,-0.478198463654065,0.128761024178933,-0.349437439475132,0,0,0,0,0,0,0,0,NA,NA,FR,22852279,False
2026-27,2135,Melian Martinez,Bethune-Cookman,-1.11712071563232,0.76674505484729,-0.350375660785028,0,0,0,0,0,0,0,0,NA,NA,SR,1927930,False
2026-27,2136,Kingston Tosi,Utah State,-0.513489698042378,0.162647308466251,-0.350842389576127,0,0,0,0,0,0,0,0,NA,NA,SO,2531886,False
2026-27,2137,Ben Waller,UC Riverside,-0.0418016713657627,-0.311586326917706,-0.353387998283468,0,0,0,0,0,0,0,0,NA,NA,SO,2495530,False
2026-27,2138,SJ Madison,Nevada,-0.314199377318171,-0.0396533034981315,-0.353852680816303,0,0,0,0,0,0,0,0,NA,NA,FR,87611915,False
2026-27,2139,Timoty van der Knaap,Bradley,-0.300277722907432,-0.0537473938912028,-0.354025116798635,0,0,0,0,0,0,0,0,NA,NA,JR,2354190,False
2026-27,2140,David Gomez,Colorado,-0.469680274508887,0.113968820697074,-0.355711453811813,0,0,0,0,0,0,0,0,NA,NA,SO,2541061,False
2026-27,2141,Stef van Bussel,South Dakota,-0.312412588454538,-0.0434766548027834,-0.355889243257322,0,0,0,0,0,0,0,0,NA,NA,JR,2134407,False
2026-27,2142,Miles Flemons,Drake,-0.120051214307455,-0.236730221235344,-0.356781435542799,0,0,0,0,0,0,0,0,NA,NA,FR,51354803,False
2026-27,2143,Mohamed Diakite,East Texas A&M,-0.945309739915568,0.588479895322549,-0.356829844593019,0,0,0,0,0,0,0,0,NA,NA,FR,64509426,False
2026-27,2144,R'Chaun King,Southern,0.221841955463459,-0.578963233194117,-0.357121277730658,0,0,0,0,0,0,0,0,NA,NA,SO,2567995,False
2026-27,2145,Dellquan Warren,McNeese State,-0.7389481472059,0.381608253562456,-0.357339893643443,0,0,0,0,0,0,0,0,NA,NA,JR,2286440,False
2026-27,2146,Christopher Kirkpatrick,Princeton,0.0882041054876653,-0.44574535176253,-0.357541246274865,0,0,0,0,0,0,0,0,NA,NA,FR,108042594,False
2026-27,2147,Jordan Stiemke,Jacksonville State,0.350974141840062,-0.712385839337226,-0.361411697497163,0,0,0,0,0,0,0,0,NA,NA,SR,2106677,False
2026-27,2148,Elmir Dzafic,Connecticut,-0.510571696977133,0.148247453707793,-0.36232424326934,0,0,0,0,0,0,0,0,NA,NA,SO,2533584,False
2026-27,2149,Gioacchino Panzini,Cornell,-0.471554691005676,0.108762283923544,-0.362792407082132,0,0,0,0,0,0,0,0,NA,NA,JR,2287705,False
2026-27,2150,Paul Mbiya,Kansas,-0.741731962066631,0.377420698038004,-0.364311264028627,0,0,0,0,0,0,0,0,NA,NA,SO,2483804,False
2026-27,2151,Brannon Martinsen,San Diego,0.0698014149789445,-0.435586212876951,-0.365784797898007,0,0,0,0,0,0,0,0,NA,NA,FR,234462320,False
2026-27,2152,Alvin Jackson,Weber State,-0.310892193365065,-0.0554023495616577,-0.366294542926722,0,0,0,0,0,0,0,0,NA,NA,JR,2496678,False
2026-27,2153,Pat Curtin,IU Indy,-0.135956612901122,-0.230524425576338,-0.36648103847746,0,0,0,0,0,0,0,0,NA,NA,SO,2531873,False
2026-27,2154,Karim Rtail,Campbell,-0.451717864396185,0.0835334834792647,-0.36818438091692,0,0,0,0,0,0,0,0,NA,NA,SO,2533628,False
2026-27,2155,Will Harper III,Richmond,-0.122551286365499,-0.245717671523639,-0.368268957889138,0,0,0,0,0,0,0,0,NA,NA,SO,2505006,False
2026-27,2156,Brooks Bahr,BYU,-0.355324960131777,-0.0136155939629855,-0.368940554094763,0,0,0,0,0,0,0,0,NA,NA,FR,166556030,False
2026-27,2157,Myles Jones,Stanford,-0.157222741169226,-0.212304975867897,-0.369527717037123,0,0,0,0,0,0,0,0,NA,NA,SO,2527058,False
2026-27,2158,Nikola Djapa,Wright State,-0.722036305497447,0.351827635839944,-0.370208669657503,0,0,0,0,0,0,0,0,NA,NA,SR,2091774,False
2026-27,2159,Dominick Nelson,Utah Valley,-0.437847744340462,0.0669702234012056,-0.370877520939257,0,0,0,0,0,0,0,0,NA,NA,SR,2340333,False
2026-27,2160,Isaiah Griffin,Maryland-Eastern Shore,0.0215228667374496,-0.392514792148071,-0.370991925410621,0,0,0,0,0,0,0,0,NA,NA,SO,37428018,False
2026-27,2161,Pops Dunson,Colorado State,-0.106592247857872,-0.267694820416823,-0.374287068274695,0,0,0,0,0,0,0,0,NA,NA,FR,139417701,False
2026-27,2162,Gavin Placide,Wake Forest,-1.04889923592001,0.672872332204035,-0.376026903715974,0,0,0,0,0,0,0,0,NA,NA,FR,98851654,False
2026-27,2163,Tan Yildizoglu,Siena,-0.222029313531041,-0.15567290482837,-0.377702218359411,0,0,0,0,0,0,0,0,NA,NA,SR,2110985,False
2026-27,2164,Theo Edema,St. John's,-0.349861885133255,-0.0295962761799168,-0.379458161313172,0,0,0,0,0,0,0,0,NA,NA,FR,224604818,False
2026-27,2165,Quinton Webb,Cal State Northridge,-0.194819906309969,-0.184794822417029,-0.379614728726998,0,0,0,0,0,0,0,0,NA,NA,SR,1924346,False
2026-27,2166,Tyler McKinley,Charlotte,-0.836233979442119,0.45643941936462,-0.379794560077499,0,0,0,0,0,0,0,0,NA,NA,JR,2321265,False
2026-27,2167,Braden Appelhans,Xavier,0.534639472564089,-0.915039795163962,-0.380400322599874,0,0,0,0,0,0,0,0,NA,NA,SR,1924343,False
2026-27,2168,Logan Woods,Niagara,0.60368091213458,-0.989290396032073,-0.385609483897493,0,0,0,0,0,0,0,0,NA,NA,SR,1925571,False
2026-27,2169,Matheo Coffi,NJIT,-0.395821967684312,0.0101069469688736,-0.385715020715438,0,0,0,0,0,0,0,0,NA,NA,SO,2548790,False
2026-27,2170,Connor Sevilla,UC Davis,1.03080731434262,-1.41804984450317,-0.387242530160551,0,0,0,0,0,0,0,0,NA,NA,SR,2147435,False
2026-27,2171,John Whorton,Grand Canyon,-0.486613109917565,0.0987525692612305,-0.387860540656335,0,0,0,0,0,0,0,0,NA,NA,FR,61264082,False
2026-27,2172,Wisdom Fode,San Francisco,-0.365525480900925,-0.0259849974292518,-0.391510478330176,0,0,0,0,0,0,0,0,NA,NA,FR,157023869,False
2026-27,2173,Kensington Candler,Stephen F. Austin,-0.0830744315772457,-0.311089200603031,-0.394163632180277,0,0,0,0,0,0,0,0,NA,NA,FR,208840363,False
2026-27,2174,Dylan Bordón,San Francisco,-0.398761873348691,0.00431529639938675,-0.394446576949304,0,0,0,0,0,0,0,0,NA,NA,FR,1065684,False
2026-27,2175,Will Shaver,Samford,-1.110578267069,0.713665815037819,-0.396912452031183,0,0,0,0,0,0,0,0,NA,NA,SR,1890632,False
2026-27,2176,Tyler Bike,New Hampshire,0.613993525068432,-1.01271210705011,-0.398718581981674,0,0,0,0,0,0,0,0,NA,NA,SO,2493068,False
2026-27,2177,Binael Basil,Texas A&M-Corpus Christi,-0.206438370960785,-0.193693933263938,-0.400132304224723,0,0,0,0,0,0,0,0,NA,NA,JR,2569026,False
2026-27,2178,Collin Tanner,Richmond,0.0858399333770229,-0.488093204505986,-0.402253271128964,0,0,0,0,0,0,0,0,NA,NA,SR,2106661,False
2026-27,2179,Jacob Dar,Rice,0.229480397526157,-0.632913319451539,-0.403432921925382,0,0,0,0,0,0,0,0,NA,NA,SR,1947393,False
2026-27,2180,Will Thengvall,Kansas,-0.293861323948208,-0.111829336833686,-0.405690660781894,0,0,0,0,0,0,0,0,NA,NA,JR,2321340,False
2026-27,2181,Chris Riddle,Toledo,-0.330409707199568,-0.0755931581273117,-0.40600286532688,0,0,0,0,0,0,0,0,NA,NA,JR,2283166,False
2026-27,2182,Abou Magassa,UNC Asheville,-0.837643313907034,0.431411180081137,-0.406232133825897,0,0,0,0,0,0,0,0,NA,NA,JR,2134401,False
2026-27,2183,Zack Davidson,Hawaii,-0.329062625255497,-0.0783782715568569,-0.407440896812354,0,0,0,0,0,0,0,0,NA,NA,JR,2125501,False
2026-27,2184,Ashton Williamson,Fort Wayne,-0.734189485099195,0.325857030479533,-0.408332454619662,0,0,0,0,0,0,0,0,NA,NA,JR,2333139,False
2026-27,2185,Kyle Grill,Bradley,-0.19047236029109,-0.218303868625965,-0.408776228917055,0,0,0,0,0,0,0,0,NA,NA,SR,216988543,False
2026-27,2186,Jahki Gupton,Norfolk State,-0.893221377623071,0.484154902635987,-0.409066474987084,0,0,0,0,0,0,0,0,NA,NA,SR,2540688,False
2026-27,2187,Ace Meeks,James Madison,0.560208283910986,-0.971385583311515,-0.411177299400529,0,0,0,0,0,0,0,0,NA,NA,FR,19704513,False
2026-27,2188,Jaylen Hunter-Coleman,San Francisco,-0.410698519390124,-0.00173767023397178,-0.412436189624095,0,0,0,0,0,0,0,0,NA,NA,FR,254655450,False
2026-27,2189,Shane Lancaster,North Carolina A&T,0.357960323954905,-0.772477135574203,-0.414516811619299,0,0,0,0,0,0,0,0,NA,NA,SR,1925353,False
2026-27,2190,AJ Smith,Georgia State,0.758889338487583,-1.17493254306164,-0.416043204574056,0,0,0,0,0,0,0,0,NA,NA,SR,1925388,False
2026-27,2191,Redd Thompson Jr.,Mount St. Mary's,0.851276394179689,-1.26734761262976,-0.41607121845007,0,0,0,0,0,0,0,0,NA,NA,JR,2280667,False
2026-27,2192,Edward Onyia,Marist,0.219950704465631,-0.637098110726978,-0.417147406261347,0,0,0,0,0,0,0,0,NA,NA,SO,217398635,False
2026-27,2193,Carson Vis,Northern Iowa,0.258243939064803,-0.675406008495738,-0.417162069430935,0,0,0,0,0,0,0,0,NA,NA,SO,2501093,False
2026-27,2194,Trey Simmons,Bowling Green,0.64101042016876,-1.05846316963029,-0.417452749461528,0,0,0,0,0,0,0,0,NA,NA,JR,223401689,False
2026-27,2195,Anthony Igiede,Southern Mississippi,-0.0787681979104628,-0.340093107840984,-0.418861305751446,0,0,0,0,0,0,0,0,NA,NA,SR,83201260,False
2026-27,2196,Jotham Nweke,Old Dominion,-0.77736070857893,0.358422356577811,-0.418938352001119,0,0,0,0,0,0,0,0,NA,NA,SO,112236026,False
2026-27,2197,Lase Olalere,Charleston Southern,-1.58769898647564,1.16851148722727,-0.41918749924837,0,0,0,0,0,0,0,0,NA,NA,JR,2152684,False
2026-27,2198,Cade Hornecker,Abilene Christian,-0.475973662722114,0.0566981733332029,-0.419275489388911,0,0,0,0,0,0,0,0,NA,NA,SR,1924260,False
2026-27,2199,Brycen Blaine,East Carolina,-0.805637920126255,0.386245875041496,-0.419392045084759,0,0,0,0,0,0,0,0,NA,NA,SR,1928894,False
2026-27,2200,Aeneas Alexander,North Texas,-0.503553125249649,0.0807805043609646,-0.422772620888684,0,0,0,0,0,0,0,0,NA,NA,FR,190553879,False
2026-27,2201,Dallas Thomas,Clemson,-0.072694899117526,-0.351664348518451,-0.424359247635977,0,0,0,0,0,0,0,0,NA,NA,JR,2305267,False
2026-27,2202,Gavin Ripp,Pacific,-0.14583949063445,-0.279673984467995,-0.425513475102445,0,0,0,0,0,0,0,0,NA,NA,SO,2351037,False
2026-27,2203,Reece Hagy,IU Indy,-0.418725805260596,-0.0069491761986135,-0.42567498145921,0,0,0,0,0,0,0,0,NA,NA,SO,2471963,False
2026-27,2204,Andre Pasha,Bryant,-0.669926533141632,0.243553063992906,-0.426373469148726,0,0,0,0,0,0,0,0,NA,NA,JR,2531837,False
2026-27,2205,Gabe Weis,Western Kentucky,-0.380054689300461,-0.0469617113411202,-0.427016400641581,0,0,0,0,0,0,0,0,NA,NA,FR,147905148,False
2026-27,2206,CJ Happy,Princeton,-0.424282398348787,-0.00444565847843269,-0.42872805682722,0,0,0,0,0,0,0,0,NA,NA,JR,2306439,False
2026-27,2207,Q Williams IV,Coastal Carolina,0.117873745445351,-0.547294824471398,-0.429421079026046,0,0,0,0,0,0,0,0,NA,NA,FR,80768285,False
2026-27,2208,Jack Whitbourn,Fordham,-0.599860542019837,0.167294509040774,-0.432566032979063,0,0,0,0,0,0,0,0,NA,NA,JR,2348719,False
2026-27,2209,Spencer Elliott,UNC Wilmington,-0.641096928873153,0.206302333965946,-0.434794594907207,0,0,0,0,0,0,0,0,NA,NA,SR,2096206,False
2026-27,2210,Eric Fiedler,Colorado State,-0.420635626681068,-0.016009396146993,-0.436645022828061,0,0,0,0,0,0,0,0,NA,NA,FR,182311163,False
2026-27,2211,Rokiem Green,San Jose State,-0.0831453048394555,-0.354695660878706,-0.437840965718162,0,0,0,0,0,0,0,0,NA,NA,FR,104111682,False
2026-27,2212,Shaun Wysocki,Denver,0.20253289018407,-0.641279067766021,-0.438746177581951,0,0,0,0,0,0,0,0,NA,NA,JR,2298131,False
2026-27,2213,Adam Tyson,San Francisco,-0.424304777294822,-0.014493757084885,-0.438798534379707,0,0,0,0,0,0,0,0,NA,NA,FR,148109649,False
2026-27,2214,Pedro Pastre,Georgetown,-0.766894352738503,0.326752128120836,-0.440142224617667,0,0,0,0,0,0,0,0,NA,NA,FR,12349834,False
2026-27,2215,Hugo López,South Carolina,-0.73878312925052,0.298457518340721,-0.440325610909799,0,0,0,0,0,0,0,0,NA,NA,FR,167706082,False
2026-27,2216,Michael Zanoni,Penn,1.14513342010654,-1.58680280613385,-0.441669386027316,0,0,0,0,0,0,0,0,NA,NA,SR,1926305,False
2026-27,2217,Zach Howell,Bowling Green,0.232960389731176,-0.675338471836595,-0.442378082105419,0,0,0,0,0,0,0,0,NA,NA,JR,151006839,False
2026-27,2218,Yvens Paul,Eastern Kentucky,-0.599649481629275,0.154388519415268,-0.445260962214007,0,0,0,0,0,0,0,0,NA,NA,SR,2334515,False
2026-27,2219,Ibrahim Souare,Pittsburgh,-1.27260130077759,0.826047212147884,-0.446554088629708,0,0,0,0,0,0,0,0,NA,NA,JR,2099453,False
2026-27,2220,Matthew Puodziukaitis,Florida Atlantic,-0.609391450970315,0.162015199522514,-0.447376251447801,0,0,0,0,0,0,0,0,NA,NA,SO,1517512,False
2026-27,2221,Hudson Ward,Idaho,-0.358363314286795,-0.0891291441790059,-0.447492458465801,0,0,0,0,0,0,0,0,NA,NA,JR,2303041,False
2026-27,2222,Donovan Raymond,Western Carolina,-0.632826690794555,0.185189845941204,-0.447636844853351,0,0,0,0,0,0,0,0,NA,NA,JR,2117884,False
2026-27,2223,Dreylan Creasy-Quirindoongo,East Carolina,-0.0459008188158283,-0.401891930831126,-0.447792749646955,0,0,0,0,0,0,0,0,NA,NA,FR,59402259,False
2026-27,2224,Jaylen Thompson,Pacific,-0.0857317118383877,-0.365232385167027,-0.450964097005415,0,0,0,0,0,0,0,0,NA,NA,SR,1903953,False
2026-27,2225,Denver Anglin,Merrimack,0.533524033122315,-0.984833508380538,-0.451309475258223,0,0,0,0,0,0,0,0,NA,NA,SR,1941023,False
2026-27,2226,Sebastien Emenalo,Loyola Maryland,-0.465908962327962,0.0141717309527634,-0.451737231375199,0,0,0,0,0,0,0,0,NA,NA,SO,2492978,False
2026-27,2227,Belal El Shakery,Oakland,-1.07215175701125,0.617721521393817,-0.454430235617429,0,0,0,0,0,0,0,0,NA,NA,SR,2098106,False
2026-27,2228,DaMaryon Fishburn,Cornell,0.13435904444126,-0.589267755936099,-0.454908711494839,0,0,0,0,0,0,0,0,NA,NA,SR,2543627,False
2026-27,2229,Zach Kraft,North Dakota,1.09737851399502,-1.55242337141045,-0.455044857415429,0,0,0,0,0,0,0,0,NA,NA,JR,2100312,False
2026-27,2230,Ty Davis,Samford,-0.543593398444804,0.0879260697550391,-0.455667328689765,0,0,0,0,0,0,0,0,NA,NA,JR,2315487,False
2026-27,2231,Caden Hinker,Lamar,-0.0177754403037142,-0.439018062786904,-0.456793503090618,0,0,0,0,0,0,0,0,NA,NA,SR,35564505,False
2026-27,2232,Jeremiah Bowman,Auburn,-0.289919255127993,-0.167746489603229,-0.457665744731222,0,0,0,0,0,0,0,0,NA,NA,SO,2547351,False
2026-27,2233,Devon Pryor,Texas-Rio Grande Valley,0.064891048118788,-0.523762320320501,-0.458871272201713,0,0,0,0,0,0,0,0,NA,NA,SR,2092654,False
2026-27,2234,Jaylen Benard,Longwood,0.189796559611364,-0.649729705710262,-0.459933146098898,0,0,0,0,0,0,0,0,NA,NA,SR,2133735,False
2026-27,2235,Ben Tweedy,Manhattan,0.534176383476106,-0.994507976011951,-0.460331592535845,0,0,0,0,0,0,0,0,NA,NA,JR,2303000,False
2026-27,2236,Tanner Hayhurst,Western Michigan,0.719240528478458,-1.18128403653858,-0.462043508060126,0,0,0,0,0,0,0,0,NA,NA,SR,1906895,False
2026-27,2237,Ian Inman,Colorado,0.293131691050905,-0.756867821660539,-0.463736130609635,0,0,0,0,0,0,0,0,NA,NA,SO,2540145,False
2026-27,2238,Chace Watley,Wofford,0.420541988637453,-0.884604781587486,-0.464062792950034,0,0,0,0,0,0,0,0,NA,NA,SO,2475430,False
2026-27,2239,Marko Maric,Butler,-0.63930697085003,0.172297107144467,-0.467009863705563,0,0,0,0,0,0,0,0,NA,NA,FR,92348993,False
2026-27,2240,Jaxon Olvera,Portland,0.49859470462619,-0.96788070543971,-0.46928600081352,0,0,0,0,0,0,0,0,NA,NA,JR,2292698,False
2026-27,2241,Samis Calderon,Butler,-0.877531405108222,0.406004395223563,-0.471527009884659,0,0,0,0,0,0,0,0,NA,NA,SO,2483809,False
2026-27,2242,Nate Garcia,Arizona State,-0.417065335509186,-0.05452036891908,-0.471585704428266,0,0,0,0,0,0,0,0,NA,NA,SO,2483427,False
2026-27,2243,Cavan Reilly,James Madison,0.109701615232483,-0.582083007541751,-0.472381392309269,0,0,0,0,0,0,0,0,NA,NA,SR,1909589,False
2026-27,2244,Arness Lawson,Duquesne,-0.137593928251338,-0.334850796437298,-0.472444724688636,0,0,0,0,0,0,0,0,NA,NA,SO,2539330,False
2026-27,2245,Quaran McPherson,Louisiana-Monroe,-0.259907538308739,-0.213009636703751,-0.47291717501249,0,0,0,0,0,0,0,0,NA,NA,SR,1702077,False
2026-27,2246,Panagiotis Lefas,Iona,-0.428119965535498,-0.0465454400996503,-0.474665405635149,0,0,0,0,0,0,0,0,NA,NA,FR,251795425,False
2026-27,2247,Tylon Chatman,UNC Asheville,0.483052339246409,-0.958337823700305,-0.475285484453897,0,0,0,0,0,0,0,0,NA,NA,JR,22208513,False
2026-27,2248,Isaiah Dorceus,Milwaukee,0.40893073323762,-0.886564363009709,-0.477633629772089,0,0,0,0,0,0,0,0,NA,NA,SR,2480413,False
2026-27,2249,Michelangelo Oberti,Boston University,-0.342864624929537,-0.136510461738008,-0.479375086667545,0,0,0,0,0,0,0,0,NA,NA,JR,2313815,False
2026-27,2250,Lewis Obiorah,Texas,-0.922658324289107,0.443151911038401,-0.479506413250706,0,0,0,0,0,0,0,0,NA,NA,SO,2505543,False
2026-27,2251,Reece Davidson,Liberty,-0.304251674389639,-0.179132509649405,-0.483384184039044,0,0,0,0,0,0,0,0,NA,NA,FR,51362377,False
2026-27,2252,Jaydon Young,North Carolina,0.200363982035996,-0.684461440784711,-0.484097458748715,0,0,0,0,0,0,0,0,NA,NA,SR,2099469,False
2026-27,2253,Trent Burns,Missouri,-1.23902660555223,0.754868947403124,-0.484157658149108,0,0,0,0,0,0,0,0,NA,NA,SO,2300864,False
2026-27,2254,Ashton Smith,UTSA,-0.672087108503828,0.183584079168074,-0.488503029335754,0,0,0,0,0,0,0,0,NA,NA,SR,1691850,False
2026-27,2255,Kai McGrew,Ball State,-0.393891988448147,-0.095044467088409,-0.488936455536556,0,0,0,0,0,0,0,0,NA,NA,FR,167497161,False
2026-27,2256,Dawson Barr,Mercer,-0.0709709853854756,-0.41942626255547,-0.490397247940946,0,0,0,0,0,0,0,0,NA,NA,JR,32750876,False
2026-27,2257,Exavier Wilson,Akron,-0.0772454002089196,-0.413363477895726,-0.490608878104645,0,0,0,0,0,0,0,0,NA,NA,SO,2510656,False
2026-27,2258,Jinwoo Kim,Navy,0.9369254370922,-1.42904742035286,-0.492121983260661,0,0,0,0,0,0,0,0,NA,NA,SR,2119581,False
2026-27,2259,Fawaz Ifaola,Florida Atlantic,-1.23577782449019,0.743116842336629,-0.492660982153558,0,0,0,0,0,0,0,0,NA,NA,SO,2540160,False
2026-27,2260,Vice Zanki,La Salle,-0.059480500425361,-0.435655052354299,-0.49513555277966,0,0,0,0,0,0,0,0,NA,NA,SR,2136430,False
2026-27,2261,Cade Bennerman,North Carolina,-0.954234308418961,0.458422312062633,-0.495811996356328,0,0,0,0,0,0,0,0,NA,NA,SO,2567233,False
2026-27,2262,Isaiah Wilks,Louisiana-Lafayette,-0.177519865173995,-0.319458849025573,-0.496978714199568,0,0,0,0,0,0,0,0,NA,NA,FR,48456914,False
2026-27,2263,Sir Issac Herron,Temple,-0.280346587709475,-0.217223772474625,-0.4975703601841,0,0,0,0,0,0,0,0,NA,NA,SR,1725192,False
2026-27,2264,Drew McKenna,New Hampshire,-0.608854925016991,0.109202191086023,-0.499652733930968,0,0,0,0,0,0,0,0,NA,NA,JR,2211507,False
2026-27,2265,Noa Zemljić,Massachusetts,0.115192966317193,-0.614922925700454,-0.499729959383262,0,0,0,0,0,0,0,0,NA,NA,FR,112193646,False
2026-27,2266,Caden Diggs,Troy,-0.234762548204074,-0.266086604848015,-0.500849153052089,0,0,0,0,0,0,0,0,NA,NA,JR,2333157,False
2026-27,2267,Malik Presley,George Mason,-0.352458732272009,-0.150646696760578,-0.503105429032586,0,0,0,0,0,0,0,0,NA,NA,SR,2115434,False
2026-27,2268,LA Hayes,Southern Indiana,-0.624276398557732,0.120802156091135,-0.503474242466597,0,0,0,0,0,0,0,0,NA,NA,SR,2138874,False
2026-27,2269,Kristian Gonzalez,Idaho,0.68979057326465,-1.19352956810034,-0.503738994835686,0,0,0,0,0,0,0,0,NA,NA,SR,2116973,False
2026-27,2270,Ante Beljan,UNC Greensboro,-0.455739764546477,-0.0492143131940851,-0.504954077740562,0,0,0,0,0,0,0,0,NA,NA,SR,1910795,False
2026-27,2271,Isaac Ericksen,Illinois State,-0.627148748208605,0.122067681502874,-0.505081066705731,0,0,0,0,0,0,0,0,NA,NA,SO,2481866,False
2026-27,2272,Mikhail Pocknett,Gardner-Webb,-0.996402193681076,0.491110355796048,-0.505291837885028,0,0,0,0,0,0,0,0,NA,NA,SR,2147206,False
2026-27,2273,Yaniel Rivera,Abilene Christian,-0.115015363352562,-0.390862066441497,-0.505877429794059,0,0,0,0,0,0,0,0,NA,NA,SR,2125324,False
2026-27,2274,Christian Doerr,Towson,-0.355175534544783,-0.150704152304128,-0.505879686848911,0,0,0,0,0,0,0,0,NA,NA,FR,91759652,False
2026-27,2275,Noah Rogers,Mount St. Mary's,-0.178540455411349,-0.327944231183782,-0.506484686595131,0,0,0,0,0,0,0,0,NA,NA,JR,2574549,False
2026-27,2276,Spence Sims,Winthrop,0.703612633023355,-1.21048653248033,-0.506873899456978,0,0,0,0,0,0,0,0,NA,NA,SO,2553894,False
2026-27,2277,Babacar Mbengue,Denver,-1.19740616956115,0.690521213171219,-0.506884956389934,0,0,0,0,0,0,0,0,NA,NA,JR,2313872,False
2026-27,2278,Sublime Gbiegba,Vermont,-0.440333220878823,-0.0684229900423192,-0.508756210921142,0,0,0,0,0,0,0,0,NA,NA,FR,39810653,False
2026-27,2279,Sean Cusano,Chattanooga,-0.0932477536769138,-0.416023697707063,-0.509271451383977,0,0,0,0,0,0,0,0,NA,NA,SR,2113893,False
2026-27,2280,Max Pikaar,Southern Illinois,-1.32102776754162,0.810778957733107,-0.51024880980851,0,0,0,0,0,0,0,0,NA,NA,JR,2325461,False
2026-27,2281,Jamari Phillips,Washington State,0.0802493504615234,-0.591866008273752,-0.511616657812229,0,0,0,0,0,0,0,0,NA,NA,JR,2306710,False
2026-27,2282,Sam Funches,Gonzaga,-0.582057942304611,0.0691302064302848,-0.512927735874326,0,0,0,0,0,0,0,0,NA,NA,FR,178578769,False
2026-27,2283,Titas Sargiunas,Lipscomb,0.130636350341454,-0.64480383156025,-0.514167481218796,0,0,0,0,0,0,0,0,NA,NA,SR,2110390,False
2026-27,2284,Jasai Miles,Loyola Marymount,-0.212635918662802,-0.302052019203063,-0.514687937865865,0,0,0,0,0,0,0,0,NA,NA,SR,2107330,False
2026-27,2285,Jonas Boulefaa,Murray State,0.256756135682999,-0.771871637365547,-0.515115501682547,0,0,0,0,0,0,0,0,NA,NA,FR,32090166,False
2026-27,2286,Chidi Chiakwelu,Presbyterian,-1.26524546655868,0.749416117535894,-0.515829349022785,0,0,0,0,0,0,0,0,NA,NA,SO,2349849,False
2026-27,2287,BJ Ward,East Tennessee State,0.484695649162519,-1.00222604771974,-0.517530398557217,0,0,0,0,0,0,0,0,NA,NA,SR,2143406,False
2026-27,2288,Guzman Vasilic,Cal Poly,0.691597365397339,-1.2092043474631,-0.517606982065759,0,0,0,0,0,0,0,0,NA,NA,JR,2161093,False
2026-27,2289,Bryce Quinet,Evansville,-0.417321483281649,-0.101376965216982,-0.518698448498631,0,0,0,0,0,0,0,0,NA,NA,SO,2548121,False
2026-27,2290,RJ Taylor,Oakland,-0.136245135302483,-0.383610687100975,-0.519855822403458,0,0,0,0,0,0,0,0,NA,NA,JR,2114197,False
2026-27,2291,Jimmy Oladokun Jr.,Rice,-1.09692301017704,0.576778647494855,-0.520144362682187,0,0,0,0,0,0,0,0,NA,NA,SR,2154000,False
2026-27,2292,Renars Sondors,Wyoming,0.082339175804113,-0.603082897463695,-0.520743721659582,0,0,0,0,0,0,0,0,NA,NA,JR,2331293,False
2026-27,2293,Ashton Pierce,Sacramento State,0.171640004198785,-0.692417329258348,-0.520777325059563,0,0,0,0,0,0,0,0,NA,NA,FR,191946766,False
2026-27,2294,Kevin de Kovachich,Middle Tennessee,-0.548391717172475,0.0264777692691184,-0.521913947903356,0,0,0,0,0,0,0,0,NA,NA,JR,2345960,False
2026-27,2295,Tyler King,SIU Edwardsville,0.243688648987301,-0.76597217655469,-0.522283527567389,0,0,0,0,0,0,0,0,NA,NA,SR,2506838,False
2026-27,2296,Bryce Slay,Marshall,-0.23674689694764,-0.287340448446795,-0.524087345394434,0,0,0,0,0,0,0,0,NA,NA,SO,2560966,False
2026-27,2297,Jack Bailey,Boston College,-0.791148868181091,0.266279297611017,-0.524869570570073,0,0,0,0,0,0,0,0,NA,NA,SO,2534671,False
2026-27,2298,Bastien Rieber,Niagara,0.188275892610513,-0.713640734183952,-0.525364841573439,0,0,0,0,0,0,0,0,NA,NA,SO,2543793,False
2026-27,2299,Kole Hanson,Holy Cross,0.236913053585042,-0.762915728209551,-0.526002674624509,0,0,0,0,0,0,0,0,NA,NA,JR,84827647,False
2026-27,2300,Moses Hipps,Drexel,-0.344970923720445,-0.182942562356304,-0.527913486076748,0,0,0,0,0,0,0,0,NA,NA,SO,2305529,False
2026-27,2301,Trey Buchanan,South Dakota State,0.0522428113911331,-0.581151228875836,-0.528908417484703,0,0,0,0,0,0,0,0,NA,NA,SO,2307599,False
2026-27,2302,Collin O'Connor,Stony Brook,0.123881674931904,-0.654084489646039,-0.530202814714135,0,0,0,0,0,0,0,0,NA,NA,JR,2283130,False
2026-27,2303,Andy Gemao,Penn State,-0.383457120756859,-0.149496008760967,-0.532953129517826,0,0,0,0,0,0,0,0,NA,NA,FR,224609998,False
2026-27,2304,Trey Boyd III,Hofstra,-0.239744193495605,-0.295233458909553,-0.534977652405158,0,0,0,0,0,0,0,0,NA,NA,SR,2147039,False
2026-27,2305,Jackson McVey,Georgia Tech,-1.03423532809617,0.496782722055906,-0.537452606040259,0,0,0,0,0,0,0,0,NA,NA,SO,2477834,False
2026-27,2306,Braden Pierce,College of Charleston,-0.626765792816502,0.0873741870495055,-0.539391605766996,0,0,0,0,0,0,0,0,NA,NA,JR,2110114,False
2026-27,2307,Langston Redfield,UC Irvine,-0.671925409288694,0.132213868901164,-0.53971154038753,0,0,0,0,0,0,0,0,NA,NA,SR,1720479,False
2026-27,2308,Ethan Sage,Belmont,-0.648080064436204,0.107808641762664,-0.540271422673541,0,0,0,0,0,0,0,0,NA,NA,SO,40100104,False
2026-27,2309,Bryce James,Arizona,-0.409394321401233,-0.131250860363695,-0.540645181764928,0,0,0,0,0,0,0,0,NA,NA,SO,2478065,False
2026-27,2310,King Sanders,Texas State,-0.442194032839017,-0.0996226584437441,-0.541816691282762,0,0,0,0,0,0,0,0,NA,NA,FR,64362717,False
2026-27,2311,Kellen Robinson,Lindenwood,-0.245176238417893,-0.29693176453737,-0.542108002955262,0,0,0,0,0,0,0,0,NA,NA,SO,2500900,False
2026-27,2312,Ned Hull,Virginia Tech,0.335619312638679,-0.878739791342944,-0.543120478704265,0,0,0,0,0,0,0,0,NA,NA,JR,2147106,False
2026-27,2313,Houran Dan,Hawaii,-0.98210326708985,0.437885497800831,-0.544217769289019,0,0,0,0,0,0,0,0,NA,NA,JR,2315037,False
2026-27,2314,Kade Unseld,Western Kentucky,-0.0507014671795256,-0.493735299358496,-0.544436766538022,0,0,0,0,0,0,0,0,NA,NA,SO,2335765,False
2026-27,2315,Dan Mukuna,Texas A&M-Corpus Christi,-0.60565860786257,0.0608223369945798,-0.54483627086799,0,0,0,0,0,0,0,0,NA,NA,JR,169720887,False
2026-27,2316,Maruan Cicic,Green Bay,-0.62815299941851,0.0825204000014516,-0.545632599417059,0,0,0,0,0,0,0,0,NA,NA,SO,2505131,False
2026-27,2317,Jordan Vick,Jacksonville State,0.126954376606465,-0.673485932049054,-0.546531555442589,0,0,0,0,0,0,0,0,NA,NA,SO,2533457,False
2026-27,2318,Oliver Kanden,Pepperdine,0.446613179227999,-0.994019083338524,-0.547405904110524,0,0,0,0,0,0,0,0,NA,NA,FR,65278319,False
2026-27,2319,Alfred Worrell Jr.,Morgan State,0.922795351651848,-1.47251125287447,-0.549715901222618,0,0,0,0,0,0,0,0,NA,NA,SR,2302594,False
2026-27,2320,Jaden Smith,Ball State,-0.955322538683442,0.405468738503995,-0.549853800179447,0,0,0,0,0,0,0,0,NA,NA,JR,2321284,False
2026-27,2321,Jackson Crawford,Charleston Southern,0.638088523707482,-1.18961675514219,-0.551528231434709,0,0,0,0,0,0,0,0,NA,NA,SR,83749427,False
2026-27,2322,Jalen Wilson,Northern Iowa,-0.643427353485349,0.0917032577635953,-0.551724095721754,0,0,0,0,0,0,0,0,NA,NA,SO,2481325,False
2026-27,2323,Julius Avent,Michigan State,-0.20666706391195,-0.346825238795578,-0.553492302707528,0,0,0,0,0,0,0,0,NA,NA,FR,2171139,False
2026-27,2324,Kieran Elliott,Cal Poly,0.276123742101477,-0.829988695838643,-0.553864953737166,0,0,0,0,0,0,0,0,NA,NA,SR,2132378,False
2026-27,2325,Declan Duru Jr.,UC Santa Barbara,-0.833119513859209,0.277696623808231,-0.555422890050978,0,0,0,0,0,0,0,0,NA,NA,SO,2505541,False
2026-27,2326,Cyr Malonga,Wichita State,-0.613251010825222,0.0558318916723652,-0.557419119152856,0,0,0,0,0,0,0,0,NA,NA,SR,2092578,False
2026-27,2327,Antonio Chol,UC Santa Barbara,-0.350666756165943,-0.206879077222078,-0.557545833388021,0,0,0,0,0,0,0,0,NA,NA,SR,1890494,False
2026-27,2328,Kyle Marshall,Bucknell,-0.680799035302312,0.122809079783371,-0.557989955518941,0,0,0,0,0,0,0,0,NA,NA,JR,2303181,False
2026-27,2329,Vladimir Khryapa,Tennessee-Martin,-1.95722752766155,1.39836778462765,-0.558859743033899,0,0,0,0,0,0,0,0,NA,NA,SO,2505179,False
2026-27,2330,Carson McDonald,American,-1.08235997226022,0.522620508427614,-0.559739463832606,0,0,0,0,0,0,0,0,NA,NA,SO,2478269,False
2026-27,2331,Xander Alarie,Bradley,-0.696686087952308,0.136896189428541,-0.559789898523767,0,0,0,0,0,0,0,0,NA,NA,SO,2319604,False
2026-27,2332,Jalen Stokes,UC Davis,-0.136637110508337,-0.424572648261922,-0.561209758770258,0,0,0,0,0,0,0,0,NA,NA,SO,2478327,False
2026-27,2333,Will Stevens,Clemson,-0.894982331419244,0.333284660118177,-0.561697671301067,0,0,0,0,0,0,0,0,NA,NA,FR,230724472,False
2026-27,2334,Austin Goode,Cal Poly,0.311657076874832,-0.873641991207908,-0.561984914333076,0,0,0,0,0,0,0,0,NA,NA,SO,2545362,False
2026-27,2335,Cbo Newton,Tennessee Tech,0.275497399467354,-0.83890060876413,-0.563403209296776,0,0,0,0,0,0,0,0,NA,NA,JR,2144728,False
2026-27,2336,Gabe Warren,New Mexico State,0.0109457162475299,-0.574403871367897,-0.563458155120367,0,0,0,0,0,0,0,0,NA,NA,SR,2127737,False
2026-27,2337,Chike Ndefo,Towson,-1.50076903767625,0.937204015122894,-0.563565022553354,0,0,0,0,0,0,0,0,NA,NA,JR,2311307,False
2026-27,2338,Wyatt Triestman,Maine,-0.157438854810952,-0.407195124785486,-0.564633979596438,0,0,0,0,0,0,0,0,NA,NA,JR,220944960,False
2026-27,2339,Kayden Fish,Belmont,-0.270570424351073,-0.294234629232559,-0.564805053583632,0,0,0,0,0,0,0,0,NA,NA,JR,2099045,False
2026-27,2340,Christian Humphrey-Rembert,Loyola Marymount,-0.442485407614716,-0.122527743863467,-0.565013151478183,0,0,0,0,0,0,0,0,NA,NA,SO,2536824,False
2026-27,2341,Isaiah Kerr,Hawaii,0.171948409213816,-0.737047953464825,-0.565099544251009,0,0,0,0,0,0,0,0,NA,NA,SR,1924310,False
2026-27,2342,Jasiah Cannady,UMass Lowell,0.128512432417752,-0.696735087640082,-0.56822265522233,0,0,0,0,0,0,0,0,NA,NA,FR,98312412,False
2026-27,2343,Jacen Holloway,Army,0.911170161538674,-1.47975361483549,-0.568583453296819,0,0,0,0,0,0,0,0,NA,NA,JR,2347023,False
2026-27,2344,Kadyn Betts,Nebraska,-0.656869727584403,0.0878748561026728,-0.56899487148173,0,0,0,0,0,0,0,0,NA,NA,SR,1906863,False
2026-27,2345,Brendan Johnson,Coppin State,-0.0819069705950299,-0.488313702734241,-0.570220673329271,0,0,0,0,0,0,0,0,NA,NA,JR,2289538,False
2026-27,2346,Parby Kabamba,Radford,-0.317328213867564,-0.254585705102668,-0.571913918970232,0,0,0,0,0,0,0,0,NA,NA,JR,2304233,False
2026-27,2347,Cam Ryans,Austin Peay,-0.331536156536254,-0.240930721297425,-0.572466877833678,0,0,0,0,0,0,0,0,NA,NA,FR,161889260,False
2026-27,2348,Bailey Nunn,Cal State Fullerton,0.320647138362255,-0.894894242737026,-0.574247104374771,0,0,0,0,0,0,0,0,NA,NA,SR,2119939,False
2026-27,2349,Jaden Zimmerman,Grand Canyon,0.205876554371853,-0.780216967477441,-0.574340413105588,0,0,0,0,0,0,0,0,NA,NA,JR,2350373,False
2026-27,2350,Douglas Langford,Columbia,-0.98549567738557,0.409367013450744,-0.576128663934826,0,0,0,0,0,0,0,0,NA,NA,SO,2542063,False
2026-27,2351,Jaxon Prunty,Western Carolina,0.14750630797347,-0.72407803351344,-0.57657172553997,0,0,0,0,0,0,0,0,NA,NA,JR,2302243,False
2026-27,2352,Demetrius Lilley,Binghamton,-0.538477652597596,-0.0383684480211846,-0.576846100618781,0,0,0,0,0,0,0,0,NA,NA,SR,1895930,False
2026-27,2353,Waka Mbatch,Montana State,-1.12993954562671,0.551027793297941,-0.578911752328765,0,0,0,0,0,0,0,0,NA,NA,JR,2120183,False
2026-27,2354,Omarr Smith,New Mexico State,-0.374553149595245,-0.205013226775127,-0.579566376370372,0,0,0,0,0,0,0,0,NA,NA,SO,2489401,False
2026-27,2355,Max Vanlaningham,Long Beach State,-0.46462857493429,-0.115725264361202,-0.580353839295492,0,0,0,0,0,0,0,0,NA,NA,FR,135768896,False
2026-27,2356,Elías Pálsson,Detroit,0.447372609238156,-1.02819002004061,-0.580817410802454,0,0,0,0,0,0,0,0,NA,NA,JR,117518470,False
2026-27,2357,Aleksa Milenkovic,California Baptist,-0.646992942023409,0.0656040151091704,-0.581388926914239,0,0,0,0,0,0,0,0,NA,NA,FR,82743287,False
2026-27,2358,Patrick Liburd,Michigan,-0.362428441706968,-0.219391585824484,-0.581820027531452,0,0,0,0,0,0,0,0,NA,NA,SO,2511344,False
2026-27,2359,Stas Sivka,William & Mary,-0.280911461814735,-0.301236931872958,-0.582148393687694,0,0,0,0,0,0,0,0,NA,NA,JR,2321355,False
2026-27,2360,Kash Polk,Jacksonville State,-0.928883650803016,0.345289166294711,-0.583594484508305,0,0,0,0,0,0,0,0,NA,NA,SO,2548122,False
2026-27,2361,Noah Smith,DePaul,-0.534500451819508,-0.0497488704080947,-0.584249322227602,0,0,0,0,0,0,0,0,NA,NA,FR,185419903,False
2026-27,2362,Jeremiah Evans,Louisiana-Lafayette,-2.00010036188093,1.4152513758723,-0.58484898600863,0,0,0,0,0,0,0,0,NA,NA,JR,2277279,False
2026-27,2363,Elijah Taylor,Coppin State,-1.0565699660799,0.471692085274886,-0.584877880805015,0,0,0,0,0,0,0,0,NA,NA,SR,1608034,False
2026-27,2364,Taye Moore,Western Illinois,-0.0149321894177305,-0.571005286555746,-0.585937475973476,0,0,0,0,0,0,0,0,NA,NA,SO,190519874,False
2026-27,2365,Juwan Ekanga-Ehawa,Gonzaga,-0.306332010469826,-0.280703720850207,-0.587035731320033,0,0,0,0,0,0,0,0,NA,NA,FR,94642058,False
2026-27,2366,Amari Barrett,Texas Tech,-0.947582880328346,0.359102835363602,-0.588480044964744,0,0,0,0,0,0,0,0,NA,NA,FR,111937977,False
2026-27,2367,Carmelo Adkins,Rice,0.115096280374721,-0.704102588924236,-0.589006308549515,0,0,0,0,0,0,0,0,NA,NA,JR,2345222,False
2026-27,2368,Ty Virgil,Idaho State,-0.442809284750746,-0.14632235025166,-0.589131635002406,0,0,0,0,0,0,0,0,NA,NA,SO,2471982,False
2026-27,2369,Max Langenfeld,Evansville,0.124269836546662,-0.714465962911964,-0.590196126365302,0,0,0,0,0,0,0,0,NA,NA,SO,2313747,False
2026-27,2370,Blake Forrest,Colgate,-0.349134647290017,-0.241996058548572,-0.591130705838589,0,0,0,0,0,0,0,0,NA,NA,JR,2334044,False
2026-27,2371,Zach Day,Ole Miss,-0.956208970728462,0.364824831150883,-0.591384139577578,0,0,0,0,0,0,0,0,NA,NA,SO,2287027,False
2026-27,2372,Riley Parker,Portland,0.175461441329908,-0.76709550554104,-0.591634064211132,0,0,0,0,0,0,0,0,NA,NA,SR,2319692,False
2026-27,2373,Tiefing Diawara,South Florida,-0.863951393549929,0.271387880158816,-0.592563513391113,0,0,0,0,0,0,0,0,NA,NA,SO,2531806,False
2026-27,2374,David Rochester,Brown,-0.828746601660519,0.23615470394616,-0.592591897714359,0,0,0,0,0,0,0,0,NA,NA,JR,2287294,False
2026-27,2375,Tony Williams,Fairfield,0.564202661887939,-1.15796028346873,-0.593757621580787,0,0,0,0,0,0,0,0,NA,NA,SO,2471925,False
2026-27,2376,Christian Jones,Long Beach State,-0.633681126479054,0.038319547450137,-0.595361579028917,0,0,0,0,0,0,0,0,NA,NA,JR,2505225,False
2026-27,2377,Brandon Gardner,Norfolk State,-0.903991841015407,0.308104967511033,-0.595886873504374,0,0,0,0,0,0,0,0,NA,NA,JR,2110385,False
2026-27,2378,Amire Robinson,Oral Roberts,-0.0902537187779058,-0.506667958007062,-0.596921676784968,0,0,0,0,0,0,0,0,NA,NA,SR,2096211,False
2026-27,2379,Warren Marshall IV,Oakland,-0.607672001302695,0.0101549268222263,-0.597517074480469,0,0,0,0,0,0,0,0,NA,NA,JR,2320921,False
2026-27,2380,Styles Clemmons,Utah,-0.187457143756311,-0.41019536411139,-0.597652507867701,0,0,0,0,0,0,0,0,NA,NA,FR,196402212,False
2026-27,2381,Jaquay Randolph,Portland State,0.0624340200322655,-0.660483245114879,-0.598049225082613,0,0,0,0,0,0,0,0,NA,NA,SO,177670157,False
2026-27,2382,Riccardo Greppi,Sam Houston State,-0.650076857517511,0.0516950302254642,-0.598381827292047,0,0,0,0,0,0,0,0,NA,NA,JR,2292665,False
2026-27,2383,Erik Taylor,Presbyterian,0.0998121154427228,-0.698974440186744,-0.599162324744022,0,0,0,0,0,0,0,0,NA,NA,JR,2313762,False
2026-27,2384,Vince Buzelis,South Dakota,-0.041510368454534,-0.558244649536953,-0.599755017991487,0,0,0,0,0,0,0,0,NA,NA,SO,2550066,False
2026-27,2385,Korie Corbett,UAB,-0.558456781661427,-0.044610833209983,-0.60306761487141,0,0,0,0,0,0,0,0,NA,NA,FR,105337251,False
2026-27,2386,Peyton Seals,Princeton,-0.576400665619907,-0.0267697933540656,-0.603170458973973,0,0,0,0,0,0,0,0,NA,NA,JR,2306437,False
2026-27,2387,Chiang Ring,Florida International,-0.508587019779234,-0.0969241019222211,-0.605511121701455,0,0,0,0,0,0,0,0,NA,NA,FR,266652246,False
2026-27,2388,Caleb Harrison,Samford,-0.429998253132445,-0.177203418446873,-0.607201671579318,0,0,0,0,0,0,0,0,NA,NA,JR,2311626,False
2026-27,2389,Lucas-Allan Lueth,Penn,-1.01988234204408,0.411523315364814,-0.608359026679265,0,0,0,0,0,0,0,0,NA,NA,JR,2532442,False
2026-27,2390,EJ Walker,Western Kentucky,-0.790814534546094,0.181957253615779,-0.608857280930314,0,0,0,0,0,0,0,0,NA,NA,SO,2480430,False
2026-27,2391,Cameron Grant,UNC Greensboro,-0.174608296203287,-0.434813595022472,-0.609421891225759,0,0,0,0,0,0,0,0,NA,NA,JR,2092658,False
2026-27,2392,Manu Manciel,Stephen F. Austin,-0.414954054465679,-0.196489696516953,-0.611443750982632,0,0,0,0,0,0,0,0,NA,NA,FR,114745290,False
2026-27,2393,John Squire,New Hampshire,-0.420948255300772,-0.19108766040845,-0.612035915709222,0,0,0,0,0,0,0,0,NA,NA,JR,2098971,False
2026-27,2394,Cade Pendleton,UC San Diego,-0.161391559875647,-0.450654500799046,-0.612046060674693,0,0,0,0,0,0,0,0,NA,NA,SR,1924053,False
2026-27,2395,Mazi Mosley,Loyola Marymount,-0.276857514612922,-0.335217272922995,-0.612074787535918,0,0,0,0,0,0,0,0,NA,NA,SO,2486085,False
2026-27,2396,Miles White,Lindenwood,-0.356061888586677,-0.257684909874792,-0.613746798461469,0,0,0,0,0,0,0,0,NA,NA,SR,1898053,False
2026-27,2397,Kennedy Okpara,Lipscomb,-1.12462849891814,0.509610758884695,-0.615017740033444,0,0,0,0,0,0,0,0,NA,NA,SO,2561044,False
2026-27,2398,Kelcy Phipps,UNC Asheville,-1.10957983751389,0.494500082793656,-0.615079754720238,0,0,0,0,0,0,0,0,NA,NA,SR,2112614,False
2026-27,2399,Louie Semona,Illinois State,0.164303189723241,-0.780347477767826,-0.616044288044585,0,0,0,0,0,0,0,0,NA,NA,SR,2140412,False
2026-27,2400,Jarred Hall,Middle Tennessee,-0.771531354523588,0.153135863781156,-0.618395490742432,0,0,0,0,0,0,0,0,NA,NA,SR,2126495,False
2026-27,2401,Aleksandar Zečević,Penn State,-0.476095764173095,-0.142318708298043,-0.618414472471139,0,0,0,0,0,0,0,0,NA,NA,FR,74354584,False
2026-27,2402,Will Mortimore,College of Charleston,-1.00196961191269,0.383179250669784,-0.618790361242906,0,0,0,0,0,0,0,0,NA,NA,JR,2353279,False
2026-27,2403,AJ Bates,Utah State,-0.713489698042378,0.094595682296905,-0.618894015745473,0,0,0,0,0,0,0,0,NA,NA,FR,89190318,False
2026-27,2404,Justin Burns,Drake,-0.182815763811527,-0.436730221235344,-0.61954598504687,0,0,0,0,0,0,0,0,NA,NA,FR,131533821,False
2026-27,2405,Andrés Amón,Siena,-0.663020740789108,0.0425488125224663,-0.620471928266641,0,0,0,0,0,0,0,0,NA,NA,FR,60984289,False
2026-27,2406,Gustavo Guimarães,Bradley,-0.927421266305999,0.306904641973134,-0.620516624332865,0,0,0,0,0,0,0,0,NA,NA,SO,2474405,False
2026-27,2407,Sean Felts,Utah State,-0.713489698042378,0.0927593065503663,-0.620730391492012,0,0,0,0,0,0,0,0,NA,NA,FR,92257249,False
2026-27,2408,Riley Jacobs,UMBC,-0.854715118851095,0.231700151830476,-0.623014967020618,0,0,0,0,0,0,0,0,NA,NA,SO,2550200,False
2026-27,2409,Quincy Allen,Southeastern Louisiana,-1.326950562224,0.702049649694796,-0.6249009125292,0,0,0,0,0,0,0,0,NA,NA,SR,1933859,False
2026-27,2410,Vaughn Karvala,Indiana,-0.539615286012054,-0.0853291425456831,-0.624944428557737,0,0,0,0,0,0,0,0,NA,NA,FR,2488069,False
2026-27,2411,Denton Forsythe,Tulsa,-0.274164498567839,-0.351184896796769,-0.625349395364608,0,0,0,0,0,0,0,0,NA,NA,FR,110572481,False
2026-27,2412,Shadrak Lasu,Eastern Kentucky,-0.724014542628662,0.0980006052986825,-0.62601393732998,0,0,0,0,0,0,0,0,NA,NA,JR,2303405,False
2026-27,2413,Justin Payne,Morehead State,0.855632837341266,-1.4819043269566,-0.626271489615337,0,0,0,0,0,0,0,0,NA,NA,JR,88925750,False
2026-27,2414,Ace Reiser,Utah State,-0.713489698042378,0.0865439006383063,-0.626945797404072,0,0,0,0,0,0,0,0,NA,NA,FR,105598570,False
2026-27,2415,Jordan Boyd,Utah State,-0.713489698042378,0.0862517961353765,-0.627237901907002,0,0,0,0,0,0,0,0,NA,NA,FR,206989235,False
2026-27,2416,Ethan Greenberg,Air Force,-0.0649445922189943,-0.562334851154523,-0.627279443373517,0,0,0,0,0,0,0,0,NA,NA,SO,2505121,False
2026-27,2417,Chidi Nwigwe,Sacramento State,-0.309024350825066,-0.319013089776903,-0.628037440601969,0,0,0,0,0,0,0,0,NA,NA,FR,97208186,False
2026-27,2418,Isaac Harrell,Tarleton State,0.406975526344049,-1.03528491416146,-0.628309387817408,0,0,0,0,0,0,0,0,NA,NA,SR,2147102,False
2026-27,2419,John Mattingly,Nevada,-0.0331666922870934,-0.596711878955036,-0.62987857124213,0,0,0,0,0,0,0,0,NA,NA,FR,251980174,False
2026-27,2420,Nicolas Mitrovic,California,-1.12872910538291,0.49746100829078,-0.631268097092125,0,0,0,0,0,0,0,0,NA,NA,FR,267967494,False
2026-27,2421,Bron Roberts,Utah State,-0.713489698042378,0.081081684577463,-0.632408013464915,0,0,0,0,0,0,0,0,NA,NA,FR,139843840,False
2026-27,2422,Mason Matulis,Drake,-0.196899789733384,-0.436730221235344,-0.633630010968728,0,0,0,0,0,0,0,0,NA,NA,FR,99938186,False
2026-27,2423,Eric Parnell,Georgia State,0.523814673894588,-1.15755812326233,-0.633743449367739,0,0,0,0,0,0,0,0,NA,NA,SR,2092557,False
2026-27,2424,Duce Paschal,Indiana State,-1.09078955067609,0.456215430432794,-0.634574120243299,0,0,0,0,0,0,0,0,NA,NA,SO,2541454,False
2026-27,2425,Kaleb Washington,Florida A&M,-1.06855370294708,0.433890035504536,-0.634663667442542,0,0,0,0,0,0,0,0,NA,NA,SR,1688545,False
2026-27,2426,Cam Wallace,Temple,-0.345623809241094,-0.289429437972097,-0.635053247213191,0,0,0,0,0,0,0,0,NA,NA,SO,2475137,False
2026-27,2427,Naz Price,UTSA,-0.25888441019805,-0.376307761384612,-0.635192171582662,0,0,0,0,0,0,0,0,NA,NA,FR,33485568,False
2026-27,2428,Noah Collier,La Salle,0.0752948040116841,-0.711665979682529,-0.636371175670845,0,0,0,0,0,0,0,0,NA,NA,SR,1599752,False
2026-27,2429,Chiante Tramble,Northern Colorado,0.15036794763564,-0.78780759502924,-0.6374396473936,0,0,0,0,0,0,0,0,NA,NA,JR,2496767,False
2026-27,2430,Lueth Awan,Hawaii,-0.55831218530671,-0.0803974382025601,-0.63870962350927,0,0,0,0,0,0,0,0,NA,NA,FR,94080836,False
2026-27,2431,Kyle Counts,St. Thomas (MN),-0.505689107366834,-0.133852671946695,-0.639541779313529,0,0,0,0,0,0,0,0,NA,NA,SO,2283312,False
2026-27,2432,Abdou Samb,Villanova,-0.71374692056423,0.0730525322093922,-0.640694388354837,0,0,0,0,0,0,0,0,NA,NA,SR,1700340,False
2026-27,2433,David Katoa,Utah,-0.531020873602321,-0.110083729030465,-0.641104602632786,0,0,0,0,0,0,0,0,NA,NA,FR,251908792,False
2026-27,2434,Truman Byrne,Lipscomb,0.144314383257143,-0.786198924276117,-0.641884541018974,0,0,0,0,0,0,0,0,NA,NA,SO,2559449,False
2026-27,2435,Tyler Weaver,Utah Valley,-0.634294704905006,-0.010598717393911,-0.644893422298917,0,0,0,0,0,0,0,0,NA,NA,SO,2340453,False
2026-27,2436,Andre Iguodala II,Baylor,-0.632129386721214,-0.0153723126078971,-0.647501699329111,0,0,0,0,0,0,0,0,NA,NA,SO,2481335,False
2026-27,2437,Tavaj Cope,Tarleton State,-0.404757564578003,-0.242999560012808,-0.647757124590811,0,0,0,0,0,0,0,0,NA,NA,SR,2489658,False
2026-27,2438,Rene D'Amelio,California Baptist,-1.11910760859307,0.47078268617518,-0.648324922417889,0,0,0,0,0,0,0,0,NA,NA,SO,2483425,False
2026-27,2439,Jax Allen,Utah State,-0.713489698042378,0.0631679217595551,-0.650321776282823,0,0,0,0,0,0,0,0,NA,NA,FR,209330017,False
2026-27,2440,Ian Imegwu,Cornell,0.273634133944355,-0.924286215848607,-0.650652081904251,0,0,0,0,0,0,0,0,NA,NA,SR,2125879,False
2026-27,2441,Jordan Chatman,Florida A&M,0.2112334867667,-0.86268700781103,-0.65145352104433,0,0,0,0,0,0,0,0,NA,NA,SR,1953452,False
2026-27,2442,Josh Manchester,Wisconsin,-0.486646871159498,-0.165301615421394,-0.651948486580893,0,0,0,0,0,0,0,0,NA,NA,FR,77139577,False
2026-27,2443,D'Andre Harrison,Loyola Maryland,-0.189653895485205,-0.464056416820069,-0.653710312305274,0,0,0,0,0,0,0,0,NA,NA,SO,2555657,False
2026-27,2444,Houston Holland,Chattanooga,0.0021452807069308,-0.655881062981036,-0.653735782274105,0,0,0,0,0,0,0,0,NA,NA,JR,2313767,False
2026-27,2445,Lamin Foon,Texas A&M-Corpus Christi,-0.553760033930201,-0.100253390159788,-0.654013424089989,0,0,0,0,0,0,0,0,NA,NA,FR,170836841,False
2026-27,2446,Wesley Celichowski,Air Force,-0.914624152457353,0.26025407114435,-0.654370081313003,0,0,0,0,0,0,0,0,NA,NA,SR,2118008,False
2026-27,2447,Brandon McCreesh,Incarnate Word,0.450504329934088,-1.10653728519451,-0.656032955260422,0,0,0,0,0,0,0,0,NA,NA,SR,2113903,False
2026-27,2448,Josh Farmer,Texas Southern,-1.25202067421522,0.595603982063755,-0.656416692151469,0,0,0,0,0,0,0,0,NA,NA,SR,1687797,False
2026-27,2449,Samuel Ariyibi,Utah Tech,-1.08239848115739,0.425519948308338,-0.656878532849056,0,0,0,0,0,0,0,0,NA,NA,SR,1688451,False
2026-27,2450,Cameron Patterson,Texas Southern,-0.153380634886021,-0.503796089958949,-0.65717672484497,0,0,0,0,0,0,0,0,NA,NA,SO,2284410,False
2026-27,2451,Djafar Silimana,Houston,-0.632357250953284,-0.0250025616174775,-0.657359812570761,0,0,0,0,0,0,0,0,NA,NA,FR,2066931,False
2026-27,2452,Myles Herro,Ohio State,-0.328935630980901,-0.328589429219527,-0.657525060200428,0,0,0,0,0,0,0,0,NA,NA,SO,2487485,False
2026-27,2453,Trevor Hennig,East Tennessee State,0.107249628021787,-0.766296374630621,-0.659046746608833,0,0,0,0,0,0,0,0,NA,NA,JR,2326108,False
2026-27,2454,Leopold Levillain,New Mexico State,-1.18655369909541,0.526508631415172,-0.660045067680243,0,0,0,0,0,0,0,0,NA,NA,SO,2505228,False
2026-27,2455,Christian Gibson,Utah Tech,-0.296690092398494,-0.363871579112856,-0.660561671511349,0,0,0,0,0,0,0,0,NA,NA,FR,26908255,False
2026-27,2456,Landyn Colyer,Middle Tennessee,-0.574752384923522,-0.0881144633572408,-0.662866848280762,0,0,0,0,0,0,0,0,NA,NA,FR,201037117,False
2026-27,2457,Jaxon Clark,Colorado State,-0.620635626681068,-0.0426910996850344,-0.663326726366103,0,0,0,0,0,0,0,0,NA,NA,FR,159879522,False
2026-27,2458,Aaron Womack,Milwaukee,-0.560091963993168,-0.105391130616001,-0.665483094609169,0,0,0,0,0,0,0,0,NA,NA,SO,2531809,False
2026-27,2459,Luka Damjanac,Massachusetts,0.0545655305954969,-0.720945393043565,-0.666379862448068,0,0,0,0,0,0,0,0,NA,NA,JR,2326235,False
2026-27,2460,Darius Washington III,Coastal Carolina,0.109430070727402,-0.776894328188432,-0.66746425746103,0,0,0,0,0,0,0,0,NA,NA,SO,2540418,False
2026-27,2461,Demarion Burch,Illinois State,0.000128154851048183,-0.668142083365142,-0.668013928514094,0,0,0,0,0,0,0,0,NA,NA,SR,2091388,False
2026-27,2462,Will Shortt,Northern Kentucky,-0.665807010912768,-0.00305429292320096,-0.668861303835969,0,0,0,0,0,0,0,0,NA,NA,JR,2321035,False
2026-27,2463,Michael Marcus Jr.,George Mason,-0.657105221615589,-0.0118128041047652,-0.668918025720354,0,0,0,0,0,0,0,0,NA,NA,JR,2302349,False
2026-27,2464,Mekhi Turner,Tennessee Tech,-0.945727409739222,0.276593683547861,-0.669133726191361,0,0,0,0,0,0,0,0,NA,NA,JR,2334146,False
2026-27,2465,Jalen Rougier-Roane,George Washington,-0.416687017343296,-0.254591037691069,-0.671278055034365,0,0,0,0,0,0,0,0,NA,NA,SO,2489655,False
2026-27,2466,Elijah Moore,McNeese State,0.546789620683621,-1.21808280580106,-0.671293185117438,0,0,0,0,0,0,0,0,NA,NA,JR,2324483,False
2026-27,2467,Koron Davis,Bethune-Cookman,0.027324293449442,-0.698958277503816,-0.671633984054373,0,0,0,0,0,0,0,0,NA,NA,SR,2115898,False
2026-27,2468,Brian Amuneke,Fresno State,-0.333323327356028,-0.339842519468487,-0.673165846824515,0,0,0,0,0,0,0,0,NA,NA,JR,2321411,False
2026-27,2469,Tucker Tornatta,Bellarmine,-1.08274527912002,0.407707271191139,-0.67503800792888,0,0,0,0,0,0,0,0,NA,NA,JR,2286444,False
2026-27,2470,Owen Verna,Saint Joseph's,-0.352728215515488,-0.32274383967204,-0.675472055187529,0,0,0,0,0,0,0,0,NA,NA,SO,2486699,False
2026-27,2471,Brad Longcor III,Santa Clara,-0.417062869828502,-0.258911075676515,-0.675973945505017,0,0,0,0,0,0,0,0,NA,NA,SO,2536843,False
2026-27,2472,Javonte Floyd,UCLA,-1.32370843598534,0.643439141802036,-0.680269294183301,0,0,0,0,0,0,0,0,NA,NA,FR,113515264,False
2026-27,2473,Brennan Miller,SIU Edwardsville,-1.00120036960888,0.320214334958381,-0.680986034650504,0,0,0,0,0,0,0,0,NA,NA,FR,166152351,False
2026-27,2474,Zamoku Weluche-Ume,Old Dominion,-0.782955449863836,0.0986681240641301,-0.684287325799706,0,0,0,0,0,0,0,0,NA,NA,JR,2099649,False
2026-27,2475,Charles Chukwu,Portland State,-1.00049730917054,0.315781301936572,-0.684716007233971,0,0,0,0,0,0,0,0,NA,NA,SR,1916387,False
2026-27,2476,Easton Reagan,UC Riverside,0.268237317227127,-0.953000868393512,-0.684763551166386,0,0,0,0,0,0,0,0,NA,NA,SR,19299728,False
2026-27,2477,Eli DeLaurier,East Carolina,-0.802287851232431,0.116890756607681,-0.68539709462475,0,0,0,0,0,0,0,0,NA,NA,JR,2110975,False
2026-27,2478,Daniel Emokhare,Niagara,-0.599479586012886,-0.0865900885261832,-0.686069674539069,0,0,0,0,0,0,0,0,NA,NA,FR,205280531,False
2026-27,2479,Dallin Grant,Utah Tech,-0.717284314116404,0.0307318278214693,-0.686552486294935,0,0,0,0,0,0,0,0,NA,NA,JR,2120096,False
2026-27,2480,Izzy Miles,Northwestern State,-0.110112106261715,-0.576956114543713,-0.687068220805428,0,0,0,0,0,0,0,0,NA,NA,SR,2128753,False
2026-27,2481,Seven Spurlock,Oregon,-0.460365867464489,-0.228368746671847,-0.688734614136336,0,0,0,0,0,0,0,0,NA,NA,FR,237658651,False
2026-27,2482,Amare James,Clemson,-0.408717011587626,-0.282700611253241,-0.691417622840867,0,0,0,0,0,0,0,0,NA,NA,FR,172460555,False
2026-27,2483,JaVaughn Hannah,San Jose State,-0.0771840358965531,-0.616262040660143,-0.693446076556696,0,0,0,0,0,0,0,0,NA,NA,SR,1903769,False
2026-27,2484,Nano Barrantes,Illinois-Chicago,-0.902336316677958,0.208598056326037,-0.693738260351921,0,0,0,0,0,0,0,0,NA,NA,SO,2531847,False
2026-27,2485,Josh Henderson,Akron,-0.0805585838619029,-0.613363477895726,-0.693922061757629,0,0,0,0,0,0,0,0,NA,NA,SO,2471860,False
2026-27,2486,Rashaun Porter,Toledo,-0.722271061311969,0.0278495773697968,-0.694421483942172,0,0,0,0,0,0,0,0,NA,NA,FR,22377865,False
2026-27,2487,Brayden Boe,Utah State,-0.713489698042378,0.0184342749823561,-0.695055423060022,0,0,0,0,0,0,0,0,NA,NA,SO,2531882,False
2026-27,2488,Vijay Wallace,Arizona State,-0.573684496347779,-0.122722475573983,-0.696406971921762,0,0,0,0,0,0,0,0,NA,NA,SR,2548124,False
2026-27,2489,Cameron McNamee,Dartmouth,-0.640821670503762,-0.0561251586104746,-0.696946829114236,0,0,0,0,0,0,0,0,NA,NA,JR,2305787,False
2026-27,2490,Rajan Roberts,Valparaiso,-0.831244010863647,0.134053718297814,-0.697190292565833,0,0,0,0,0,0,0,0,NA,NA,FR,89374797,False
2026-27,2491,Sinan Huan,Purdue,-1.85816754906271,1.16067627897549,-0.697491270087216,0,0,0,0,0,0,0,0,NA,NA,FR,240576311,False
2026-27,2492,Ryan Hunt,TCU,-0.678951066439134,-0.0185453353192396,-0.697496401758373,0,0,0,0,0,0,0,0,NA,NA,FR,1310814,False
2026-27,2493,Trevor Reed,Mississippi State,-0.655209851173297,-0.0439552362406655,-0.699165087413962,0,0,0,0,0,0,0,0,NA,NA,FR,175769931,False
2026-27,2494,ND Okafor,Mississippi State,-0.655209851173297,-0.0439552362406655,-0.699165087413962,0,0,0,0,0,0,0,0,NA,NA,FR,233972148,False
2026-27,2495,Christian Matos,Chattanooga,0.254914643402382,-0.954573751084014,-0.699659107681632,0,0,0,0,0,0,0,0,NA,NA,FR,31891368,False
2026-27,2496,Oliver Faubert,Maine,-0.588343008448007,-0.112419948558447,-0.700762957006455,0,0,0,0,0,0,0,0,NA,NA,JR,2268745,False
2026-27,2497,Dylan Williams,Northwestern,-0.0691242483029192,-0.633512103917318,-0.702636352220237,0,0,0,0,0,0,0,0,NA,NA,SR,2313827,False
2026-27,2498,Ethan Johnston,Marquette,-0.692781256895441,-0.0105597753468392,-0.70334103224228,0,0,0,0,0,0,0,0,NA,NA,FR,173366149,False
2026-27,2499,Isaiah Chappell,UC Davis,-0.434697554719861,-0.268891869396184,-0.703589424116045,0,0,0,0,0,0,0,0,NA,NA,JR,2349246,False
2026-27,2500,Shah Hall,NC State,-0.253260554405095,-0.45062596361973,-0.703886518024826,0,0,0,0,0,0,0,0,NA,NA,FR,149536324,False
2026-27,2501,Elijah Gelin,Hofstra,-0.516013742306439,-0.188802112905579,-0.704815855212019,0,0,0,0,0,0,0,0,NA,NA,FR,256268705,False
2026-27,2502,Brayden Crump,East Tennessee State,-0.103828678883411,-0.601823566565394,-0.705652245448806,0,0,0,0,0,0,0,0,NA,NA,JR,2302559,False
2026-27,2503,Gabrielius Jokubauskas,Northern Kentucky,-0.577062922182682,-0.131411742980898,-0.70847466516358,0,0,0,0,0,0,0,0,NA,NA,FR,101104881,False
2026-27,2504,Bryton Barrett,George Mason,-0.716654303600762,0.00658478008732028,-0.710069523513442,0,0,0,0,0,0,0,0,NA,NA,FR,175931166,False
2026-27,2505,Greg Gazarian,Cal State Northridge,-0.14412174562119,-0.568311339663399,-0.712433085284589,0,0,0,0,0,0,0,0,NA,NA,SO,2305537,False
2026-27,2506,Anthony Stennett,Hofstra,-0.540396645537383,-0.172676628173096,-0.713073273710479,0,0,0,0,0,0,0,0,NA,NA,FR,43959181,False
2026-27,2507,Hunter Carter,Nicholls State,-0.523658440099135,-0.191183930234849,-0.714842370333984,0,0,0,0,0,0,0,0,NA,NA,SO,2509537,False
2026-27,2508,Ethan Brown,Illinois,-0.547590428466341,-0.167618862915173,-0.715209291381515,0,0,0,0,0,0,0,0,NA,NA,FR,39157139,False
2026-27,2509,Nick Petronio,Delaware,-0.369369743796316,-0.346566857836603,-0.715936601632919,0,0,0,0,0,0,0,0,NA,NA,SO,2303673,False
2026-27,2510,Jaden Bailes,Seattle,-0.31885959498032,-0.397517873987158,-0.716377468967479,0,0,0,0,0,0,0,0,NA,NA,FR,98236694,False
2026-27,2511,Riley Dunn,Hofstra,-0.569039235718013,-0.150387043628515,-0.719426279346528,0,0,0,0,0,0,0,0,NA,NA,FR,52582834,False
2026-27,2512,Hermann Koffi,Appalachian State,0.594681941751159,-1.31458558514381,-0.719903643392651,0,0,0,0,0,0,0,0,NA,NA,JR,2305790,False
2026-27,2513,Ian Smikle,Northern Iowa,-1.24264443084864,0.52172144326244,-0.720922987586202,0,0,0,0,0,0,0,0,NA,NA,JR,2349988,False
2026-27,2514,Flynn Pavely,Saint Mary's,-0.803164109223108,0.0820812205929913,-0.721082888630117,0,0,0,0,0,0,0,0,NA,NA,FR,258536849,False
2026-27,2515,Cooper Lewis,Saint Mary's,-0.803164109223108,0.0820812205929913,-0.721082888630117,0,0,0,0,0,0,0,0,NA,NA,FR,199475727,False
2026-27,2516,Sam Curvy,Saint Mary's,-0.803164109223108,0.0820812205929913,-0.721082888630117,0,0,0,0,0,0,0,0,NA,NA,FR,249745448,False
2026-27,2517,Jalen Lewis,Saint Mary's,-0.803164109223108,0.0820812205929913,-0.721082888630117,0,0,0,0,0,0,0,0,NA,NA,FR,207528786,False
2026-27,2518,Malcolm Thomas,Dayton,-1.64139998008923,0.920292237681661,-0.72110774240757,0,0,0,0,0,0,0,0,NA,NA,SO,2302537,False
2026-27,2519,Jalyke Gaines-Wyatt,Southern Mississippi,0.436138956751191,-1.15834713651717,-0.722208179765982,0,0,0,0,0,0,0,0,NA,NA,SR,2118851,False
2026-27,2520,Eric Mejia,Fairfield,-0.273035736319368,-0.450705957629895,-0.723741693949263,0,0,0,0,0,0,0,0,NA,NA,JR,2471918,False
2026-27,2521,Dominick Harris,Pacific,-0.17555310441514,-0.548443960078062,-0.723997064493203,0,0,0,0,0,0,0,0,NA,NA,SR,1581174,False
2026-27,2522,Cortez Graham-Howard,North Alabama,-0.574651846543359,-0.149563399532474,-0.724215246075833,0,0,0,0,0,0,0,0,NA,NA,SO,2563754,False
2026-27,2523,Makhan Diouf,Lindenwood,-1.2014900639134,0.476569811272908,-0.724920252640487,0,0,0,0,0,0,0,0,NA,NA,JR,2321409,False
2026-27,2524,Dramane Camara,Norfolk State,-0.589412489587062,-0.135554222445265,-0.724966712032327,0,0,0,0,0,0,0,0,NA,NA,SR,2097920,False
2026-27,2525,Logan Carey,Saint Joseph's,-0.766565189956982,0.041410620291156,-0.725154569665826,0,0,0,0,0,0,0,0,NA,NA,SR,2116957,False
2026-27,2526,Cedric Tomes,Minnesota,-0.234236881865319,-0.491673825610157,-0.725910707475476,0,0,0,0,0,0,0,0,NA,NA,FR,127310753,False
2026-27,2527,Nick Jefferson,Hofstra,-0.552687253700627,-0.174697653692403,-0.72738490739303,0,0,0,0,0,0,0,0,NA,NA,FR,126525225,False
2026-27,2528,Rich Barron,Toledo,-0.0387309316436068,-0.688968317222856,-0.727699248866463,0,0,0,0,0,0,0,0,NA,NA,SR,2110976,False
2026-27,2529,Kyrone Alexander,Boston University,-0.676627177313385,-0.0513357932071075,-0.727962970520492,0,0,0,0,0,0,0,0,NA,NA,SR,2109104,False
2026-27,2530,Abu Yarmah,Longwood,-0.624239853126263,-0.106354144900734,-0.730593998026998,0,0,0,0,0,0,0,0,NA,NA,SO,2480431,False
2026-27,2531,Romain Valakou,Troy,-0.319672345140354,-0.411300506097908,-0.730972851238262,0,0,0,0,0,0,0,0,NA,NA,FR,5899753,False
2026-27,2532,Josiah Sabino,Manhattan,-0.664029283404643,-0.0676122157794577,-0.731641499184101,0,0,0,0,0,0,0,0,NA,NA,SR,1910672,False
2026-27,2533,Daniel Michelini-Jackson,Texas A&M-Corpus Christi,-0.848693413854878,0.116836145720506,-0.731857268134372,0,0,0,0,0,0,0,0,NA,NA,SR,2558062,False
2026-27,2534,Nate Fouts,Canisius,-0.357434128931639,-0.375443429881881,-0.73287755881352,0,0,0,0,0,0,0,0,NA,NA,SR,2110382,False
2026-27,2535,Eric Chatfield Jr,Bryant,0.00228061249387176,-0.735970877861405,-0.733690265367533,0,0,0,0,0,0,0,0,NA,NA,SO,2474259,False
2026-27,2536,Dante Kearse,Queens,-0.339117602733001,-0.3946136127505,-0.733731215483501,0,0,0,0,0,0,0,0,NA,NA,JR,2333233,False
2026-27,2537,Dylan Ducommun,Buffalo,-0.507254054126205,-0.227024183379039,-0.734278237505244,0,0,0,0,0,0,0,0,NA,NA,SO,2543677,False
2026-27,2538,BB Washington,Florida Gulf Coast,-0.578818550115313,-0.157205114210339,-0.736023664325652,0,0,0,0,0,0,0,0,NA,NA,FR,221302323,False
2026-27,2539,Myles Thompson,South Dakota State,-0.647349325404838,-0.0889928720287474,-0.736342197433585,0,0,0,0,0,0,0,0,NA,NA,SR,2321367,False
2026-27,2540,Jamie Phillips Jr.,Jacksonville,0.348997501534056,-1.08680089730002,-0.737803395765964,0,0,0,0,0,0,0,0,NA,NA,JR,2319500,False
2026-27,2541,David Simon,West Georgia,-0.881623668176259,0.142559674122757,-0.739063994053502,0,0,0,0,0,0,0,0,NA,NA,JR,2153997,False
2026-27,2542,Collin O'Neal,Furman,-0.30282150030898,-0.436249595586042,-0.739071095895022,0,0,0,0,0,0,0,0,NA,NA,SO,2495555,False
2026-27,2543,Kai Shinholster,Minnesota,-0.702125415709992,-0.0373199716065339,-0.739445387316526,0,0,0,0,0,0,0,0,NA,NA,SO,2553624,False
2026-27,2544,Michael Cascione,Hofstra,-0.560728289006215,-0.178726594024117,-0.739454883030333,0,0,0,0,0,0,0,0,NA,NA,FR,221666663,False
2026-27,2545,Trent Lincoln,TCU,-0.86129190433324,0.121666144068716,-0.739625760264524,0,0,0,0,0,0,0,0,NA,NA,FR,92083106,False
2026-27,2546,Killian Gribben,Maine,-1.02536764180307,0.284732933791449,-0.74063470801162,0,0,0,0,0,0,0,0,NA,NA,SR,1921730,False
2026-27,2547,Sin'Cere Jones,Virginia Tech,-0.909152808939831,0.168200425333478,-0.740952383606353,0,0,0,0,0,0,0,0,NA,NA,SO,2481297,False
2026-27,2548,Cavin Holden,Montana State,-0.00823653623450604,-0.733366803127685,-0.741603339362191,0,0,0,0,0,0,0,0,NA,NA,SR,2139003,False
2026-27,2549,Mason Blackwood,Saint Bonaventure,-0.111515172256488,-0.630857414506954,-0.742372586763443,0,0,0,0,0,0,0,0,NA,NA,SO,2506617,False
2026-27,2550,Matija Prodanovic,UNC Wilmington,-0.746783579238004,0.00188047699234073,-0.744903102245663,0,0,0,0,0,0,0,0,NA,NA,SO,2472558,False
2026-27,2551,James Morrow,Jacksonville,-0.596251778433833,-0.148946701179108,-0.745198479612942,0,0,0,0,0,0,0,0,NA,NA,SR,2153868,False
2026-27,2552,Benjamin Onwughai,Hofstra,-0.575945255313156,-0.169630161304877,-0.745575416618033,0,0,0,0,0,0,0,0,NA,NA,FR,237617677,False
2026-27,2553,Nikola Dzepina,Washington,-0.392744328536864,-0.353375692512133,-0.746120021048997,0,0,0,0,0,0,0,0,NA,NA,SO,2613494,False
2026-27,2554,Sterling Knox,Loyola Chicago,-0.724955488882657,-0.0219509164443737,-0.74690640532703,0,0,0,0,0,0,0,0,NA,NA,FR,22739279,False
2026-27,2555,Lilian Marville,George Mason,0.340456454794396,-1.08863512954192,-0.748178674747521,0,0,0,0,0,0,0,0,NA,NA,SO,2540607,False
2026-27,2556,Bhan Buom,Boise State,-0.606615346426819,-0.142323019325233,-0.748938365752052,0,0,0,0,0,0,0,0,NA,NA,SO,2550099,False
2026-27,2557,Deng Garang,Illinois State,0.014546531126129,-0.763530650377884,-0.748984119251755,0,0,0,0,0,0,0,0,NA,NA,JR,2337435,False
2026-27,2558,Jacob Hogarth,James Madison,-1.24213978717953,0.492495652175633,-0.749644135003896,0,0,0,0,0,0,0,0,NA,NA,JR,2297031,False
2026-27,2559,Luke Walsh,Southern Illinois,-0.330440605617064,-0.4203317538171,-0.750772359434164,0,0,0,0,0,0,0,0,NA,NA,SO,2563451,False
2026-27,2560,François Wibaut,Penn State,-0.741230401353277,-0.00960647484474885,-0.750836876198026,0,0,0,0,0,0,0,0,NA,NA,FR,134365813,False
2026-27,2561,Timeo Pons,Abilene Christian,-0.673886097473235,-0.0789094182549008,-0.752795515728135,0,0,0,0,0,0,0,0,NA,NA,SO,2543855,False
2026-27,2562,Trent Steinour,Clemson,-0.534854131750856,-0.220462570133647,-0.755316701884503,0,0,0,0,0,0,0,0,NA,NA,SO,2475395,False
2026-27,2563,Chase Hill,Colorado,-0.338429394406071,-0.417572529384642,-0.756001923790713,0,0,0,0,0,0,0,0,NA,NA,FR,126211348,False
2026-27,2564,Bryson Bahl,Drake,-0.320051214307455,-0.436730221235344,-0.756781435542799,0,0,0,0,0,0,0,0,NA,NA,SO,2480434,False
2026-27,2565,Jay Jones,Penn,-0.760300501519772,0.00228866495566931,-0.758011836564103,0,0,0,0,0,0,0,0,NA,NA,SO,2532438,False
2026-27,2566,Achille Lonati,Saint Bonaventure,-0.519092682141919,-0.239008738071355,-0.758101420213275,0,0,0,0,0,0,0,0,NA,NA,SO,2541336,False
2026-27,2567,Cameron Wallace,Southern Mississippi,-0.288351572168416,-0.470150897892544,-0.75850247006096,0,0,0,0,0,0,0,0,NA,NA,SR,1908347,False
2026-27,2568,Isaac Ondekane,Omaha,-1.10083988700314,0.341596783613325,-0.759243103389816,0,0,0,0,0,0,0,0,NA,NA,SR,2106206,False
2026-27,2569,Terry Copeland Jr.,Seton Hall,-0.710919836581918,-0.0484374482978664,-0.759357284879785,0,0,0,0,0,0,0,0,NA,NA,FR,182032423,False
2026-27,2570,Blake Smith,Oral Roberts,-0.219310803857526,-0.543961784726806,-0.763272588584332,0,0,0,0,0,0,0,0,NA,NA,SR,1924063,False
2026-27,2571,Colby Duggan,Boston College,0.704566546519745,-1.46784226841819,-0.763275721898449,0,0,0,0,0,0,0,0,NA,NA,SR,2143555,False
2026-27,2572,Josh Bowman,Chattanooga,-0.995044442484295,0.230130276210259,-0.764914166274036,0,0,0,0,0,0,0,0,NA,NA,SO,2486744,False
2026-27,2573,Jaden Alexander,Cal State Bakersfield,0.243580511515339,-1.0103567648707,-0.766776253355358,0,0,0,0,0,0,0,0,NA,NA,SR,1924163,False
2026-27,2574,Adam Stewart,BYU,-0.555324960131777,-0.213615593962986,-0.768940554094763,0,0,0,0,0,0,0,0,NA,NA,JR,2305306,False
2026-27,2575,Petar Osotojic,BYU,-0.555324960131777,-0.213615593962986,-0.768940554094763,0,0,0,0,0,0,0,0,NA,NA,FR,57025900,False
2026-27,2576,Dovydas Buikas,BYU,-0.555324960131777,-0.213615593962986,-0.768940554094763,0,0,0,0,0,0,0,0,NA,NA,FR,24455665,False
2026-27,2577,Jack Medalie,Stonehill,-0.00814580613048578,-0.762494548361152,-0.770640354491637,0,0,0,0,0,0,0,0,NA,NA,SO,123220668,False
2026-27,2578,Donovan Criss,UTEP,-0.515479967091032,-0.256959949350932,-0.772439916441964,0,0,0,0,0,0,0,0,NA,NA,FR,42150650,False
2026-27,2579,Ramel Bethea,The Citadel,-1.02977243747697,0.256359126145164,-0.77341331133181,0,0,0,0,0,0,0,0,NA,NA,JR,2505129,False
2026-27,2580,Nas Hart,Quinnipiac,-0.656298714818185,-0.119118700724031,-0.775417415542216,0,0,0,0,0,0,0,0,NA,NA,SO,2508978,False
2026-27,2581,Jaden Matingou,Hawaii,-0.0610789282477303,-0.715222530690005,-0.776301458937736,0,0,0,0,0,0,0,0,NA,NA,SR,69876579,False
2026-27,2582,Erich Harding,Marshall,-0.717654919384927,-0.0589328615374526,-0.77658778092238,0,0,0,0,0,0,0,0,NA,NA,JR,2322324,False
2026-27,2583,CohenJ Gonzales,Tennessee Tech,0.545837749422221,-1.32249168788029,-0.776653938458068,0,0,0,0,0,0,0,0,NA,NA,SO,200622864,False
2026-27,2584,Holden Pierre-Louis,Quinnipiac,-1.04503213543365,0.26739059930605,-0.777641536127604,0,0,0,0,0,0,0,0,NA,NA,JR,2287298,False
2026-27,2585,Enzo Boudouma,New Orleans,-0.495804709109083,-0.282299823043824,-0.778104532152907,0,0,0,0,0,0,0,0,NA,NA,SO,2489663,False
2026-27,2586,Raivo Butirins,Missouri-Kansas City,-0.548326253745491,-0.230886562519425,-0.779212816264916,0,0,0,0,0,0,0,0,NA,NA,FR,113034813,False
2026-27,2587,Ben Roseborough,Towson,-0.262946490077218,-0.519665830213162,-0.78261232029038,0,0,0,0,0,0,0,0,NA,NA,SO,2284411,False
2026-27,2588,Isaiah Campbell-Finch,Samford,0.407193249434004,-1.18995481342605,-0.782761563992044,0,0,0,0,0,0,0,0,NA,NA,SO,2524202,False
2026-27,2589,Jayden Forsythe,William & Mary,-0.147048457976954,-0.635729365655634,-0.782777823632588,0,0,0,0,0,0,0,0,NA,NA,SO,2505105,False
2026-27,2590,"Ashley Sims, II",Southeastern Louisiana,-0.289464525132929,-0.49663021325916,-0.786094738392089,0,0,0,0,0,0,0,0,NA,NA,SO,2481549,False
2026-27,2591,Jaylen Robinson,Sacred Heart,-0.857418484530609,0.0710787880389667,-0.786339696491642,0,0,0,0,0,0,0,0,NA,NA,SO,2322689,False
2026-27,2592,David Douglas Jr.,Northern Illinois,0.123711381912127,-0.910281256907487,-0.786569874995359,0,0,0,0,0,0,0,0,NA,NA,SR,2093340,False
2026-27,2593,Ridvan Tutic,Sacramento State,-0.825828094447178,0.0391027289844844,-0.786725365462694,0,0,0,0,0,0,0,0,NA,NA,SR,1909070,False
2026-27,2594,Chuck Love III,Austin Peay,0.628921799323882,-1.41579493990921,-0.786873140585331,0,0,0,0,0,0,0,0,NA,NA,SO,2535043,False
2026-27,2595,Jake Davis,Cal Poly,-0.641734400546436,-0.149011512548043,-0.79074591309448,0,0,0,0,0,0,0,0,NA,NA,SR,2544044,False
2026-27,2596,Rex Sunderland,Utah Tech,-1.25936422610184,0.462812728126868,-0.796551497974977,0,0,0,0,0,0,0,0,NA,NA,SR,1909057,False
2026-27,2597,Guillermo Del Pino,Maryland,-1.46289850883503,0.665076570396731,-0.797821938438303,0,0,0,0,0,0,0,0,NA,NA,SO,2532373,False
2026-27,2598,Ryan-Preston Mendy,George Mason,-0.791097478739844,-0.00852915810486219,-0.799626636844707,0,0,0,0,0,0,0,0,NA,NA,SO,2495585,False
2026-27,2599,Caleb Smith,Cal State Northridge,-0.590051167251481,-0.210911782257839,-0.800962949509321,0,0,0,0,0,0,0,0,NA,NA,SR,2567147,False
2026-27,2600,Tyler Shirley,Florida A&M,-0.64247300337625,-0.158763725037809,-0.801236728414059,0,0,0,0,0,0,0,0,NA,NA,SR,1687739,False
2026-27,2601,Dayton Williams,Loyola Chicago,-0.753102421735686,-0.0507437328900445,-0.803846154625731,0,0,0,0,0,0,0,0,NA,NA,FR,67788228,False
2026-27,2602,Malachi Johnson,Idaho State,-0.493647307955142,-0.310242376223471,-0.803889684178613,0,0,0,0,0,0,0,0,NA,NA,SO,155755251,False
2026-27,2603,Louis O'Keefe,Princeton,-0.710933991631598,-0.0936012681379627,-0.804535259769561,0,0,0,0,0,0,0,0,NA,NA,FR,213008713,False
2026-27,2604,Lawson Rice,Western Kentucky,-0.661585095000616,-0.143521607161777,-0.805106702162393,0,0,0,0,0,0,0,0,NA,NA,SO,2504129,False
2026-27,2605,Kellum Brown,UNC Wilmington,-0.507275218002232,-0.297872165639848,-0.80514738364208,0,0,0,0,0,0,0,0,NA,NA,FR,252095314,False
2026-27,2606,Jonathan Moss,Appalachian State,-0.575491331283884,-0.230277118420424,-0.805768449704308,0,0,0,0,0,0,0,0,NA,NA,FR,154187495,False
2026-27,2607,Victor Payne,Central Connecticut,-0.0939965544037276,-0.712036021891385,-0.806032576295113,0,0,0,0,0,0,0,0,NA,NA,JR,2319684,False
2026-27,2608,Taj Glover,Sacramento State,0.108586198261902,-0.91463653206138,-0.806050333799478,0,0,0,0,0,0,0,0,NA,NA,SO,2281733,False
2026-27,2609,Favour Aire,Coppin State,-0.699915772886564,-0.108737851652325,-0.808653624538888,0,0,0,0,0,0,0,0,NA,NA,SR,1945156,False
2026-27,2610,Nes Emeneke,UC Irvine,-1.6034079938677,0.794296820438228,-0.809111173429469,0,0,0,0,0,0,0,0,NA,NA,SO,2475000,False
2026-27,2611,Sean Van Dorn Jr.,Southern,-0.545154068488168,-0.264065188602019,-0.809219257090187,0,0,0,0,0,0,0,0,NA,NA,SO,2472417,False
2026-27,2612,Alex Touomou,Harvard,-0.732048747024636,-0.0776253444081497,-0.809674091432786,0,0,0,0,0,0,0,0,NA,NA,SO,2477437,False
2026-27,2613,Ché Brogan,Ohio,-0.685547018685189,-0.124984028666793,-0.810531047351982,0,0,0,0,0,0,0,0,NA,NA,FR,145328888,False
2026-27,2614,Darrae Goodwin,Incarnate Word,-0.330617811693062,-0.481343104413892,-0.811960916106954,0,0,0,0,0,0,0,0,NA,NA,SO,2533776,False
2026-27,2615,Jac Mani,Tarleton State,-1.11233920794003,0.294486119281856,-0.817853088658177,0,0,0,0,0,0,0,0,NA,NA,SR,1942786,False
2026-27,2616,Christian Beam,Temple,-0.95587527341028,0.137866561713433,-0.818008711696847,0,0,0,0,0,0,0,0,NA,NA,JR,2511312,False
2026-27,2617,Kean Webb,Albany,-1.03279223062438,0.212871540522566,-0.819920690101814,0,0,0,0,0,0,0,0,NA,NA,JR,2351050,False
2026-27,2618,Bryceson Melvin,Stephen F. Austin,-0.571766247546021,-0.248646473317456,-0.820412720863477,0,0,0,0,0,0,0,0,NA,NA,SO,2549891,False
2026-27,2619,Ryan Sullivan,Harvard,-1.01721722760019,0.196715333618071,-0.820501893982116,0,0,0,0,0,0,0,0,NA,NA,SO,2477436,False
2026-27,2620,Dimitrije Vukicevic,UC San Diego,-0.830503082498708,0.00884000844053929,-0.821663074058169,0,0,0,0,0,0,0,0,NA,NA,SO,2282763,False
2026-27,2621,Jaylen Cross,Coastal Carolina,-4.6609050050103e-05,-0.82210763965499,-0.822154248705041,0,0,0,0,0,0,0,0,NA,NA,SO,2505101,False
2026-27,2622,William Seward,UNC Wilmington,-0.519603378639295,-0.302963681467618,-0.822567060106913,0,0,0,0,0,0,0,0,NA,NA,FR,134695072,False
2026-27,2623,Dorian McMillian,Jackson State,-0.135380348379829,-0.687758658570077,-0.823139006949906,0,0,0,0,0,0,0,0,NA,NA,JR,2321174,False
2026-27,2624,Lance Carr,Louisiana-Monroe,-0.73535008244419,-0.0886442847463935,-0.823994367190583,0,0,0,0,0,0,0,0,NA,NA,SO,2491799,False
2026-27,2625,Tai Perkins,Akron,-0.27724540020892,-0.547401872880268,-0.824647273089188,0,0,0,0,0,0,0,0,NA,NA,SO,2471859,False
2026-27,2626,JJ Frakes,Buffalo,-0.575714626158392,-0.252272797282438,-0.82798742344083,0,0,0,0,0,0,0,0,NA,NA,SO,2531876,False
2026-27,2627,Hayden Tibbits,St. Thomas (MN),0.223780895667008,-1.05255439278134,-0.82877349711433,0,0,0,0,0,0,0,0,NA,NA,JR,2106780,False
2026-27,2628,Siebe Ledegen,Ohio,-0.0697269507575697,-0.759289808783048,-0.829016759540617,0,0,0,0,0,0,0,0,NA,NA,FR,227171000,False
2026-27,2629,Clyde Walters,Providence,-0.784920051893991,-0.0450426605823118,-0.829962712476303,0,0,0,0,0,0,0,0,NA,NA,FR,213245467,False
2026-27,2630,Ahmad Torrence,Norfolk State,-0.584584815308913,-0.245920455887629,-0.830505271196542,0,0,0,0,0,0,0,0,NA,NA,SO,2507560,False
2026-27,2631,Josh Pratt,Columbia,-0.616224078966471,-0.217615527589657,-0.833839606556128,0,0,0,0,0,0,0,0,NA,NA,FR,201470379,False
2026-27,2632,Daniel Macgregor,Stetson,-0.726898589536322,-0.10705892111505,-0.833957510651372,0,0,0,0,0,0,0,0,NA,NA,JR,2319518,False
2026-27,2633,Anthony Parker,Delaware State,-0.209625194855457,-0.626784412560215,-0.836409607415672,0,0,0,0,0,0,0,0,NA,NA,JR,131678455,False
2026-27,2634,Docker Tedeschi,Colorado State,-0.620635626681068,-0.216009396146993,-0.836645022828061,0,0,0,0,0,0,0,0,NA,NA,SO,2536820,False
2026-27,2635,Derek Goodman,Mercer,0.196789055936708,-1.03362494194342,-0.836835886006711,0,0,0,0,0,0,0,0,NA,NA,JR,150615648,False
2026-27,2636,Azmar Abdullah,Boston University,0.374604457531107,-1.21203762550475,-0.837433167973642,0,0,0,0,0,0,0,0,NA,NA,JR,2304747,False
2026-27,2637,Hakeem Weems,Georgia,-1.00887333211588,0.171248831106128,-0.83762450100975,0,0,0,0,0,0,0,0,NA,NA,FR,152095645,False
2026-27,2638,Graydon Lemke,Belmont,-0.848080064436205,0.00972957940377838,-0.838350485032426,0,0,0,0,0,0,0,0,NA,NA,SO,2281215,False
2026-27,2639,Abijah Franklin,Furman,-0.73927421933673,-0.0997978835652946,-0.839072102902025,0,0,0,0,0,0,0,0,NA,NA,SO,2495551,False
2026-27,2640,Chris Pohl,Wyoming,-0.243773718091068,-0.59557026950312,-0.839343987594189,0,0,0,0,0,0,0,0,NA,NA,FR,110770421,False
2026-27,2641,LJ Rush,Drake,-0.320051214307455,-0.519975867710009,-0.840027082017464,0,0,0,0,0,0,0,0,NA,NA,SO,2495570,False
2026-27,2642,Darnell Lloyd IV,Boston University,-0.630374252687419,-0.209874326774433,-0.840248579461852,0,0,0,0,0,0,0,0,NA,NA,FR,134946183,False
2026-27,2643,Tyler Nelson,UNC Wilmington,-0.538576908874802,-0.302451990531634,-0.841028899406435,0,0,0,0,0,0,0,0,NA,NA,FR,229647799,False
2026-27,2644,Corbin Pack,Queens,0.339245308517801,-1.18039871209276,-0.841153403574961,0,0,0,0,0,0,0,0,NA,NA,SR,62257512,False
2026-27,2645,Ray Adams,Seattle,-0.793088537954393,-0.0499070497740461,-0.84299558772844,0,0,0,0,0,0,0,0,NA,NA,SO,2315039,False
2026-27,2646,James Evans Jr.,UC Riverside,-0.345912049825677,-0.498575733712971,-0.844487783538648,0,0,0,0,0,0,0,0,NA,NA,SO,2345778,False
2026-27,2647,Jordan Briggs,Detroit,0.386246592519859,-1.23141851298244,-0.845171920462585,0,0,0,0,0,0,0,0,NA,NA,SR,115969335,False
2026-27,2648,Isaiah Shaw,Connecticut,-0.223255883730566,-0.622274401221925,-0.845530284952491,0,0,0,0,0,0,0,0,NA,NA,SR,1686901,False
2026-27,2649,Brennan Peterson,Northern Arizona,0.722974232650888,-1.56853592502003,-0.84556169236914,0,0,0,0,0,0,0,0,NA,NA,SO,2545378,False
2026-27,2650,Tyler Robbins,Miami (OH),-1.04474051362692,0.198142490749995,-0.846598022876925,0,0,0,0,0,0,0,0,NA,NA,SO,2543693,False
2026-27,2651,Gabriel Landeira,Georgetown,-0.55888578968754,-0.288903905747836,-0.847789695435376,0,0,0,0,0,0,0,0,NA,NA,SO,2619596,False
2026-27,2652,Andrin Njock,Appalachian State,-0.538449669660851,-0.309474294234701,-0.847923963895552,0,0,0,0,0,0,0,0,NA,NA,SO,2302348,False
2026-27,2653,Halon Rawlins,Fairfield,-1.01582124084962,0.166497976912563,-0.849323263937053,0,0,0,0,0,0,0,0,NA,NA,SO,2471919,False
2026-27,2654,Jermaurhiyun Anderson,UNC Asheville,-0.599649207858106,-0.251607688440877,-0.851256896298983,0,0,0,0,0,0,0,0,NA,NA,JR,2532388,False
2026-27,2655,Manny Green,Tennessee,-0.564456126493894,-0.287981571034066,-0.85243769752796,0,0,0,0,0,0,0,0,NA,NA,FR,196856187,False
2026-27,2656,David Burnett,Navy,-0.893609835758294,0.0356136061790432,-0.857996229579251,0,0,0,0,0,0,0,0,NA,NA,JR,2321142,False
2026-27,2657,Tsvet Sotirov,Georgia Southern,-0.24370590642675,-0.614763022747564,-0.858468929174314,0,0,0,0,0,0,0,0,NA,NA,JR,2134406,False
2026-27,2658,Keller Hanson,Northern Illinois,-0.126716693805177,-0.733463197940014,-0.860179891745191,0,0,0,0,0,0,0,0,NA,NA,FR,33135658,False
2026-27,2659,Nick Allen,Illinois State,-0.95611201611774,0.0957674034119376,-0.860344612705802,0,0,0,0,0,0,0,0,NA,NA,SO,2481867,False
2026-27,2660,Dom Aekins,Youngstown State,0.192886018467887,-1.06236751394461,-0.869481495476722,0,0,0,0,0,0,0,0,NA,NA,SO,2539328,False
2026-27,2661,Sam Hughes,Boston University,0.465170513505287,-1.33513860224345,-0.86996808873816,0,0,0,0,0,0,0,0,NA,NA,SO,2482547,False
2026-27,2662,James Jones,Central Connecticut,-0.480819200943373,-0.391304732329912,-0.872123933273285,0,0,0,0,0,0,0,0,NA,NA,JR,2301213,False
2026-27,2663,EJ Ryans,South Dakota State,0.0708865108799249,-0.945621480003802,-0.874734969123877,0,0,0,0,0,0,0,0,NA,NA,JR,2302940,False
2026-27,2664,Eternity Eguagie,Rice,-0.435394609845417,-0.44027691253628,-0.875671522381696,0,0,0,0,0,0,0,0,NA,NA,JR,2540352,False
2026-27,2665,Robert Davis Jr.,Troy,0.446181816693226,-1.32303399323671,-0.876852176543481,0,0,0,0,0,0,0,0,NA,NA,SR,2140328,False
2026-27,2666,Deng Manyang,George Washington,-0.747675307459469,-0.12929435130161,-0.876969658761078,0,0,0,0,0,0,0,0,NA,NA,FR,211694753,False
2026-27,2667,James Graham,Alabama A&M,-0.147772178192244,-0.7308130379727,-0.878585216164943,0,0,0,0,0,0,0,0,NA,NA,SR,1622777,False
2026-27,2668,Trey Hall,Texas Tech,-1.14758288032835,0.268966798415548,-0.878616081912799,0,0,0,0,0,0,0,0,NA,NA,FR,196005357,False
2026-27,2669,Jovan Ristic,UMBC,0.471498219888203,-1.35017130553104,-0.878673085642833,0,0,0,0,0,0,0,0,NA,NA,SO,108121731,False
2026-27,2670,Myles Blackley,New Hampshire,-0.595009121454081,-0.284107110660698,-0.879116232114779,0,0,0,0,0,0,0,0,NA,NA,SO,2493071,False
2026-27,2671,Brenden Moss,Kent State,-0.583003751911507,-0.296772632827704,-0.87977638473921,0,0,0,0,0,0,0,0,NA,NA,SR,1908233,False
2026-27,2672,Sean Pouedet,Cal State Bakersfield,-0.0505657785777,-0.829662206156522,-0.880227984734222,0,0,0,0,0,0,0,0,NA,NA,SO,2615186,False
2026-27,2673,Trevon Blassingame,William & Mary,-0.671678997432139,-0.209279304546707,-0.880958301978846,0,0,0,0,0,0,0,0,NA,NA,SR,1934522,False
2026-27,2674,Jayden Jones,Tennessee State,-0.304640486302311,-0.578032321263619,-0.882672807565931,0,0,0,0,0,0,0,0,NA,NA,SO,2547130,False
2026-27,2675,Isaiah Sullivan,Delaware State,0.369351429650829,-1.25392993319838,-0.884578503547547,0,0,0,0,0,0,0,0,NA,NA,SO,227689059,False
2026-27,2676,Solomon Davis,Virginia Tech,-1.09125225320274,0.206638115118052,-0.884614138084688,0,0,0,0,0,0,0,0,NA,NA,SO,2481296,False
2026-27,2677,Alexandros Skliros,Portland State,-0.609858322387596,-0.274896256009734,-0.884754578397329,0,0,0,0,0,0,0,0,NA,NA,FR,23292732,False
2026-27,2678,Moustapha Diop,Georgia Tech,-0.672168237481989,-0.213262450421002,-0.88543068790299,0,0,0,0,0,0,0,0,NA,NA,FR,7855879,False
2026-27,2679,Landon Vanderwarker,Kent State,-0.464365014502988,-0.42139245760375,-0.885757472106738,0,0,0,0,0,0,0,0,NA,NA,SO,2550192,False
2026-27,2680,Steven Huan,UMBC,-0.688306978242297,-0.199774188302472,-0.88808116654477,0,0,0,0,0,0,0,0,NA,NA,FR,145293501,False
2026-27,2681,Deshawn Jean-Charles,Long Island,-0.665511524233251,-0.224381149906174,-0.889892674139425,0,0,0,0,0,0,0,0,NA,NA,SR,1914079,False
2026-27,2682,Viktor Mikic,Florida,-0.861501317076033,-0.028667303897616,-0.890168620973649,0,0,0,0,0,0,0,0,NA,NA,JR,2298480,False
2026-27,2683,Ty Laur,Southern Illinois,-0.661880379414213,-0.228750296435049,-0.890630675849261,0,0,0,0,0,0,0,0,NA,NA,FR,49227977,False
2026-27,2684,Melo Sanchez,South Dakota,0.386812186672016,-1.27753697470735,-0.890724788035332,0,0,0,0,0,0,0,0,NA,NA,SR,1925402,False
2026-27,2685,Calvin Robins Jr.,Howard,-0.995758446189571,0.102824342603036,-0.892934103586535,0,0,0,0,0,0,0,0,NA,NA,JR,2363147,False
2026-27,2686,Kenan Gilao,Marshall,-0.621275923922769,-0.272880872238107,-0.894156796160876,0,0,0,0,0,0,0,0,NA,NA,FR,205716934,False
2026-27,2687,Kyle Waltz,Miami (OH),-0.6654897545748,-0.232417435675919,-0.897907190250719,0,0,0,0,0,0,0,0,NA,NA,SO,2543684,False
2026-27,2688,Fynn Lastring,New Mexico,-0.311444877027527,-0.587996338715332,-0.899441215742858,0,0,0,0,0,0,0,0,NA,NA,FR,128731758,False
2026-27,2689,Jeremiah Johnson,Howard,-0.730570054583361,-0.171341998629271,-0.901912053212632,0,0,0,0,0,0,0,0,NA,NA,SO,2567180,False
2026-27,2690,Pavle Stosic,Fairleigh Dickinson,-1.01593476061727,0.11355284167111,-0.90238191894616,0,0,0,0,0,0,0,0,NA,NA,JR,2127713,False
2026-27,2691,Aaron Goldstein,South Alabama,0.827323276161626,-1.73023698725947,-0.902913711097843,0,0,0,0,0,0,0,0,NA,NA,SR,227701987,False
2026-27,2692,Jayden Reid,Quinnipiac,-1.00887671800943,0.105740203196302,-0.903136514813125,0,0,0,0,0,0,0,0,NA,NA,SO,2559870,False
2026-27,2693,Caden Miller,High Point,-0.808975225328173,-0.0942939153808477,-0.903269140709021,0,0,0,0,0,0,0,0,NA,NA,SO,2548909,False
2026-27,2694,Martin Tonejc,Rutgers,-0.742657381776312,-0.16111698984576,-0.903774371622071,0,0,0,0,0,0,0,0,NA,NA,FR,247562542,False
2026-27,2695,Tamarion Siddle,UNC Wilmington,-0.579041936861257,-0.327170909855056,-0.906212846716314,0,0,0,0,0,0,0,0,NA,NA,FR,101669080,False
2026-27,2696,Jaxson Thompson,Rice,-0.703437346945081,-0.203467076677933,-0.906904423623013,0,0,0,0,0,0,0,0,NA,NA,FR,22135761,False
2026-27,2697,Luke Rasmussen,Marshall,-0.936545607704945,0.029410453669262,-0.907135154035683,0,0,0,0,0,0,0,0,NA,NA,SR,2119961,False
2026-27,2698,RJ Jones,Akron,-0.293853539278472,-0.613363477895726,-0.907217017174198,0,0,0,0,0,0,0,0,NA,NA,FR,259182025,False
2026-27,2699,Joseph Adebayo,Western Kentucky,-0.748989892122264,-0.158402442899989,-0.907392335022253,0,0,0,0,0,0,0,0,NA,NA,FR,191722247,False
2026-27,2700,Ladarius Givan,UCF,-0.804425747253379,-0.104133002548096,-0.908558749801476,0,0,0,0,0,0,0,0,NA,NA,FR,245084073,False
2026-27,2701,Linus Ruf,Wyoming,-0.301857412257658,-0.608627809475512,-0.91048522173317,0,0,0,0,0,0,0,0,NA,NA,FR,149614403,False
2026-27,2702,Ethan Simmon,Stony Brook,0.675442133196366,-1.58738564404076,-0.911943510844396,0,0,0,0,0,0,0,0,NA,NA,SR,1956398,False
2026-27,2703,Jon Mani,UNC Greensboro,-1.09846100321962,0.186157251984738,-0.91230375123488,0,0,0,0,0,0,0,0,NA,NA,JR,2306702,False
2026-27,2704,Kyle Jones,Buffalo,-0.552393052237662,-0.360277620600339,-0.912670672838001,0,0,0,0,0,0,0,0,NA,NA,SR,1910135,False
2026-27,2705,Aiden Miller,Houston Christian,-0.98673232210139,0.0734787231341397,-0.91325359896725,0,0,0,0,0,0,0,0,NA,NA,JR,2324268,False
2026-27,2706,Liam Koelsch,Northeastern,-0.310527897417559,-0.602776123857749,-0.913304021275308,0,0,0,0,0,0,0,0,NA,NA,SO,2474096,False
2026-27,2707,KJ Torbert,Bowling Green,-0.454274663026809,-0.460067200627737,-0.914341863654546,0,0,0,0,0,0,0,0,NA,NA,FR,179279636,False
2026-27,2708,Aidan Chronister,Missouri,-0.695741889042935,-0.219934281425621,-0.915676170468556,0,0,0,0,0,0,0,0,NA,NA,FR,235993316,False
2026-27,2709,Faruk Biberovic,Pepperdine,0.0991208690232656,-1.01480898013657,-0.915688111113301,0,0,0,0,0,0,0,0,NA,NA,FR,95725912,False
2026-27,2710,CJ Purdie,Montana State,-0.55984059139681,-0.356210114040372,-0.916050705437182,0,0,0,0,0,0,0,0,NA,NA,SO,2568056,False
2026-27,2711,Kyle Pock,Northern Iowa,-0.750449420076244,-0.166076398776367,-0.916525818852611,0,0,0,0,0,0,0,0,NA,NA,SR,2114195,False
2026-27,2712,Alex Charlotin,Marshall,-0.629829911674626,-0.286804663182341,-0.916634574856967,0,0,0,0,0,0,0,0,NA,NA,FR,161527687,False
2026-27,2713,Jordan Matthews,Nicholls State,-0.365035765075387,-0.552986611251195,-0.918022376326582,0,0,0,0,0,0,0,0,NA,NA,SO,2567138,False
2026-27,2714,Aleksej Kostić,Northwestern,0.309642103218077,-1.22774424129851,-0.918102138080434,0,0,0,0,0,0,0,0,NA,NA,SO,2478374,False
2026-27,2715,Brady Muller,Villanova,-0.36292985160234,-0.555699794848156,-0.918629646450496,0,0,0,0,0,0,0,0,NA,NA,SR,1924277,False
2026-27,2716,Emil Skytta,Portland State,-0.597601442588612,-0.321751624810494,-0.919353067399106,0,0,0,0,0,0,0,0,NA,NA,SR,1910775,False
2026-27,2717,Braeden MacVicar,Samford,-0.660126713466478,-0.259791522682005,-0.919918236148482,0,0,0,0,0,0,0,0,NA,NA,SR,2119871,False
2026-27,2718,Will Moore,Marshall,-0.649754596256954,-0.270555372519199,-0.920309968776153,0,0,0,0,0,0,0,0,NA,NA,JR,2322325,False
2026-27,2719,Jordan Skyers,Norfolk State,-0.991371948535918,0.0709786342064646,-0.920393314329453,0,0,0,0,0,0,0,0,NA,NA,FR,32011743,False
2026-27,2720,Jimma James,Southern,-0.72384201734541,-0.198578064345141,-0.922420081690552,0,0,0,0,0,0,0,0,NA,NA,SR,2549969,False
2026-27,2721,Jack Graham,Marist,-0.544115152594314,-0.380042252480296,-0.92415740507461,0,0,0,0,0,0,0,0,NA,NA,SR,2106654,False
2026-27,2722,Cedric Horton,Texas A&M-Corpus Christi,-0.750812280245437,-0.173949195914578,-0.924761476160015,0,0,0,0,0,0,0,0,NA,NA,SO,2558069,False
2026-27,2723,Griffin Barrouk,Sacred Heart,0.572108089400601,-1.49825977598231,-0.926151686581707,0,0,0,0,0,0,0,0,NA,NA,SR,1691371,False
2026-27,2724,Brayden Young,Northeastern,-0.867400316239283,-0.0588798926229031,-0.926280208862186,0,0,0,0,0,0,0,0,NA,NA,JR,2313681,False
2026-27,2725,Brogan Madson,St. Thomas (MN),0.464547394343671,-1.39274783425289,-0.928200439909216,0,0,0,0,0,0,0,0,NA,NA,SO,147409673,False
2026-27,2726,Chabi Barre,Akron,-0.315700507465631,-0.613363477895726,-0.929063985361357,0,0,0,0,0,0,0,0,NA,NA,FR,253683818,False
2026-27,2727,Mabil Mawut,Arizona,-1.03854546649045,0.10780844909226,-0.930737017398189,0,0,0,0,0,0,0,0,NA,NA,SO,2478067,False
2026-27,2728,Corbin Allen,Appalachian State,-0.657697919248812,-0.273271413826709,-0.93096933307552,0,0,0,0,0,0,0,0,NA,NA,SO,2483800,False
2026-27,2729,Tyler Jones,Albany,-0.908487710308451,-0.0233102520115764,-0.931797962320027,0,0,0,0,0,0,0,0,NA,NA,FR,4709075,False
2026-27,2730,Kase Wynott,Idaho,0.149248375874069,-1.08151809320505,-0.932269717330978,0,0,0,0,0,0,0,0,NA,NA,JR,2282765,False
2026-27,2731,Brayden Rivers,UNC Asheville,-0.807426995785232,-0.129324297475149,-0.936751293260381,0,0,0,0,0,0,0,0,NA,NA,SO,2541681,False
2026-27,2732,Gavin Murphy,Western Kentucky,-0.773005483289645,-0.164027834967912,-0.937033318257557,0,0,0,0,0,0,0,0,NA,NA,FR,106423263,False
2026-27,2733,Cody Head,Akron,-0.0551761360005927,-0.88226429520208,-0.937440431202672,0,0,0,0,0,0,0,0,NA,NA,SR,2122526,False
2026-27,2734,Jackson Kiss,UNLV,-1.87987635198735,0.942308325254844,-0.937568026732502,0,0,0,0,0,0,0,0,NA,NA,FR,157909897,False
2026-27,2735,Jacob Wassler,Bellarmine,-0.695487534493546,-0.245405806060379,-0.940893340553925,0,0,0,0,0,0,0,0,NA,NA,SO,2552860,False
2026-27,2736,Moussa Konare,Western Kentucky,-0.770621285127616,-0.170408426206217,-0.941029711333833,0,0,0,0,0,0,0,0,NA,NA,FR,81981808,False
2026-27,2737,Dean Shepherd,Delaware State,-0.340389372420522,-0.601796021412039,-0.942185393832561,0,0,0,0,0,0,0,0,NA,NA,SR,2144431,False
2026-27,2738,Ramone Seals,Florida International,-0.675288857932521,-0.267281657687901,-0.942570515620422,0,0,0,0,0,0,0,0,NA,NA,JR,2334141,False
2026-27,2739,Deraje Agbaosi,Mercyhurst,-0.831329594522364,-0.111412739334965,-0.942742333857329,0,0,0,0,0,0,0,0,NA,NA,SO,113571222,False
2026-27,2740,Shelton Henton,Lafayette,0.744877224839,-1.68859561164481,-0.943718386805814,0,0,0,0,0,0,0,0,NA,NA,SO,122731690,False
2026-27,2741,Curtis Stinson Jr.,Cleveland State,-0.693123752384572,-0.250657876689206,-0.943781629073778,0,0,0,0,0,0,0,0,NA,NA,SO,2561239,False
2026-27,2742,Jayden Tyler,Youngstown State,-0.160204177630413,-0.783711925571227,-0.94391610320164,0,0,0,0,0,0,0,0,NA,NA,SO,2475429,False
2026-27,2743,Jaziah Harper,North Dakota State,-0.806437852999883,-0.140212574418605,-0.946650427418488,0,0,0,0,0,0,0,0,NA,NA,SO,2532374,False
2026-27,2744,Dwayne Pierce,Grambling,-0.33080208460718,-0.615959529191585,-0.946761613798765,0,0,0,0,0,0,0,0,NA,NA,JR,2548128,False
2026-27,2745,Mason Smith,Furman,-0.881077547360615,-0.0661062927738197,-0.947183840134434,0,0,0,0,0,0,0,0,NA,NA,JR,2306968,False
2026-27,2746,Elisha Warren,South Dakota,0.0571081255443111,-1.00439379020128,-0.947285664656971,0,0,0,0,0,0,0,0,NA,NA,JR,237655935,False
2026-27,2747,Phoenix Gill,Northwestern,-0.627713679624362,-0.323299987383321,-0.951013667007683,0,0,0,0,0,0,0,0,NA,NA,SO,2567232,False
2026-27,2748,Steven Reynolds III,California Baptist,-1.08618473556503,0.13496267803062,-0.951222057534406,0,0,0,0,0,0,0,0,NA,NA,FR,49748043,False
2026-27,2749,Petar Ivancic,Cal State Bakersfield,-0.910588297320606,-0.0421223547957457,-0.952710652116352,0,0,0,0,0,0,0,0,NA,NA,FR,1957722,False
2026-27,2750,Devan Christion,Akron,-0.340390996835,-0.613363477895726,-0.953754474730726,0,0,0,0,0,0,0,0,NA,NA,FR,119343658,False
2026-27,2751,Sherman Weatherspoon IV,Utah Valley,-0.272054670595098,-0.68267679749153,-0.954731468086628,0,0,0,0,0,0,0,0,NA,NA,SR,2117913,False
2026-27,2752,JT Elder,Eastern Illinois,-0.558008139852283,-0.397604532119041,-0.955612671971324,0,0,0,0,0,0,0,0,NA,NA,SR,1947536,False
2026-27,2753,Daylon Dickerson,West Florida,-0.49213589962561,-0.465017559587874,-0.957153459213484,0,0,0,0,0,0,0,0,NA,NA,SR,2350327,False
2026-27,2754,Onyx Nnani,Bryant,-0.65334259007396,-0.303842220255087,-0.957184810329047,0,0,0,0,0,0,0,0,NA,NA,SO,2560108,False
2026-27,2755,Kade Speckman,Indiana State,-0.663631104749134,-0.294050766610936,-0.95768187136007,0,0,0,0,0,0,0,0,NA,NA,FR,26709397,False
2026-27,2756,EJ Hazelett,Indiana State,-0.7437239108574,-0.214779754385232,-0.958503665242631,0,0,0,0,0,0,0,0,NA,NA,FR,50747511,False
2026-27,2757,Mikal Bell Jr.,Marshall,-0.655970939367232,-0.305103192204704,-0.961074131571936,0,0,0,0,0,0,0,0,NA,NA,FR,210278474,False
2026-27,2758,Iverson King,Presbyterian,-0.949782538286861,-0.0120922148933668,-0.961874753180228,0,0,0,0,0,0,0,0,NA,NA,JR,2349846,False
2026-27,2759,Nolan Groves,Minnesota,-0.726804432743384,-0.236034460391914,-0.962838893135298,0,0,0,0,0,0,0,0,NA,NA,SO,2505047,False
2026-27,2760,Luke Laczkowski,Saint Louis,-0.895095000050618,-0.069995664066571,-0.965090664117189,0,0,0,0,0,0,0,0,NA,NA,SO,2536852,False
2026-27,2761,Josiah Dotzler,South Dakota,-0.44942587294606,-0.516109694968917,-0.965535567914976,0,0,0,0,0,0,0,0,NA,NA,JR,2113958,False
2026-27,2762,Elijah Hulsewe,UCF,-0.937324992770572,-0.0304613665293447,-0.967786359299917,0,0,0,0,0,0,0,0,NA,NA,SR,1936783,False
2026-27,2763,Adrean Newton,Norfolk State,-0.585264514126665,-0.38296238836314,-0.968226902489805,0,0,0,0,0,0,0,0,NA,NA,SO,2507553,False
2026-27,2764,Seth Joba,Idaho,-0.622218499325225,-0.346361364403367,-0.968579863728591,0,0,0,0,0,0,0,0,NA,NA,SR,2143474,False
2026-27,2765,Joshua Wyche,VCU,-0.978807298927237,0.00793031479469689,-0.97087698413254,0,0,0,0,0,0,0,0,NA,NA,SR,2119966,False
2026-27,2766,Vasilije Kuridza,Marshall,-0.647507051131846,-0.324072383929646,-0.971579435061492,0,0,0,0,0,0,0,0,NA,NA,FR,247302958,False
2026-27,2767,Dimp Pernell,Texas State,-0.575116474216418,-0.396588951290908,-0.971705425507327,0,0,0,0,0,0,0,0,NA,NA,SR,2505171,False
2026-27,2768,Lyndell Buckingham Jr.,Jacksonville,-0.440838922246257,-0.531456359212059,-0.972295281458316,0,0,0,0,0,0,0,0,NA,NA,FR,185972150,False
2026-27,2769,Tristan Thompson,Coastal Carolina,-0.716028853257518,-0.257184971112769,-0.973213824370287,0,0,0,0,0,0,0,0,NA,NA,SO,2533923,False
2026-27,2770,Tanner Braketa,Northern Colorado,-0.242848847190979,-0.730847597407421,-0.973696444598399,0,0,0,0,0,0,0,0,NA,NA,SO,2529755,False
2026-27,2771,Wyatt Nausadis,American,-0.388710006367542,-0.58585042510549,-0.974560431473032,0,0,0,0,0,0,0,0,NA,NA,JR,2321207,False
2026-27,2772,Trey Moss,La Salle,0.158276246661819,-1.13348705287697,-0.975210806215149,0,0,0,0,0,0,0,0,NA,NA,SR,1695249,False
2026-27,2773,Lucas Orchard,Monmouth,-0.62174850844444,-0.35874217805362,-0.980490686498059,0,0,0,0,0,0,0,0,NA,NA,JR,2314235,False
2026-27,2774,Dietrich Richardson,Bradley,-0.835118351217149,-0.145681647512379,-0.980799998729528,0,0,0,0,0,0,0,0,NA,NA,SO,2474402,False
2026-27,2775,Jack Sawyer,Grand Canyon,-0.716776472093045,-0.26408982776639,-0.980866299859435,0,0,0,0,0,0,0,0,NA,NA,JR,2313777,False
2026-27,2776,Sir Marius Jones,Weber State,-0.471398521025585,-0.514075969686837,-0.985474490712423,0,0,0,0,0,0,0,0,NA,NA,SO,2543852,False
2026-27,2777,Nehemiah Lawrence,Hampton,-0.646224330940309,-0.340092813944007,-0.986317144884316,0,0,0,0,0,0,0,0,NA,NA,FR,74511932,False
2026-27,2778,Justin Johnson,Long Island,-1.19750792010415,0.211164220443302,-0.986343699660846,0,0,0,0,0,0,0,0,NA,NA,JR,2287928,False
2026-27,2779,Max Ortega,Loyola Maryland,-0.0815085049381866,-0.904885487570968,-0.986393992509154,0,0,0,0,0,0,0,0,NA,NA,SO,2475428,False
2026-27,2780,LaTrell Hoover,Texas Tech,-1.14758288032835,0.159102835363602,-0.988480044964745,0,0,0,0,0,0,0,0,NA,NA,SO,2505057,False
2026-27,2781,Navon Shabazz,Murray State,-0.397577117900761,-0.593189008084505,-0.990766125985265,0,0,0,0,0,0,0,0,NA,NA,FR,93981461,False
2026-27,2782,Howie Keene,Montana State,-0.964191201042657,-0.0269499663313689,-0.991141167374026,0,0,0,0,0,0,0,0,NA,NA,SO,2568055,False
2026-27,2783,Latif Diouf,Kent State,-0.938342056810302,-0.0529872437743098,-0.991329300584612,0,0,0,0,0,0,0,0,NA,NA,JR,2313774,False
2026-27,2784,Yusef Gray Jr.,Iowa State,-0.866381593203062,-0.125941275598945,-0.992322868802007,0,0,0,0,0,0,0,0,NA,NA,FR,90293564,False
2026-27,2785,Mekhi Ragland,Oklahoma State,-1.14927155299514,0.155616060363413,-0.993655492631725,0,0,0,0,0,0,0,0,NA,NA,SO,2533173,False
2026-27,2786,Matai Baptiste,Boston University,-1.10834060764103,0.113834454987554,-0.994506152653476,0,0,0,0,0,0,0,0,NA,NA,SR,2109103,False
2026-27,2787,Lucas Langarita,Utah,-0.909959696076563,-0.0862213895115882,-0.996181085588151,0,0,0,0,0,0,0,0,NA,NA,SO,2687480,False
2026-27,2788,Ajak Nyuon,Arizona State,-0.673512023644749,-0.322722475573983,-0.996234499218733,0,0,0,0,0,0,0,0,NA,NA,FR,177998341,False
2026-27,2789,Maddox Huff,East Tennessee State,-0.547441879572239,-0.449833291108193,-0.997275170680431,0,0,0,0,0,0,0,0,NA,NA,SO,2506759,False
2026-27,2790,Preston Copeland,Miami (OH),-1.30944859981924,0.309571092939104,-0.999877506880135,0,0,0,0,0,0,0,0,NA,NA,SO,2506610,False
2026-27,2791,Dyllan Thompson,Weber State,-0.684117032854563,-0.316059907058899,-1.00017693991346,0,0,0,0,0,0,0,0,NA,NA,JR,2304017,False
2026-27,2792,Luca Ace-Nasteski,Harvard,-0.744382684288472,-0.257964839315431,-1.0023475236039,0,0,0,0,0,0,0,0,NA,NA,SR,2111765,False
2026-27,2793,Ty Francis,Le Moyne,-0.750779011364327,-0.25306044484802,-1.00383945621235,0,0,0,0,0,0,0,0,NA,NA,SO,2474100,False
2026-27,2794,Anthony Swift,Chattanooga,-1.1457132014825,0.138462541810681,-1.00725065967182,0,0,0,0,0,0,0,0,NA,NA,SO,15386602,False
2026-27,2795,Moustapha Loum,UNLV,-1.24879249594847,0.241010434916949,-1.00778206103152,0,0,0,0,0,0,0,0,NA,NA,JR,2569009,False
2026-27,2796,Gerard O'Keefe,Columbia,1.22989086999916,-2.23792420368026,-1.00803333368111,0,0,0,0,0,0,0,0,NA,NA,JR,2289017,False
2026-27,2797,Kameron Foman,Chicago State,-0.530660381000603,-0.479455373002745,-1.01011575400335,0,0,0,0,0,0,0,0,NA,NA,SO,129900364,False
2026-27,2798,Ty Owens,Tennessee Tech,-0.0670366632767472,-0.943259877016856,-1.0102965402936,0,0,0,0,0,0,0,0,NA,NA,SR,2550001,False
2026-27,2799,Zach Bleshoy,Chattanooga,-0.617264944893248,-0.395844092723099,-1.01310903761635,0,0,0,0,0,0,0,0,NA,NA,SO,2486743,False
2026-27,2800,Marcus Scurry,Stephen F. Austin,-0.467730887128873,-0.546274467764745,-1.01400535489362,0,0,0,0,0,0,0,0,NA,NA,SO,2549893,False
2026-27,2801,Jacobe Whitted,North Alabama,-0.66699410792718,-0.348291715832274,-1.01528582375945,0,0,0,0,0,0,0,0,NA,NA,SO,2550019,False
2026-27,2802,Lincoln Cosby,Michigan,-0.984497888457902,-0.0333304304234711,-1.01782831888137,0,0,0,0,0,0,0,0,NA,NA,FR,53756968,False
2026-27,2803,Aidan Rice,UC Riverside,0.0689326022449434,-1.08840439412385,-1.0194717918789,0,0,0,0,0,0,0,0,NA,NA,JR,19095304,False
2026-27,2804,Kamden McGilveary,Ball State,-0.99767822225975,-0.0223081879960769,-1.01998641025583,0,0,0,0,0,0,0,0,NA,NA,FR,66124640,False
2026-27,2805,Mohamed Keita,Temple,-1.13138567529992,0.110686868624659,-1.02069880667526,0,0,0,0,0,0,0,0,NA,NA,SR,1908699,False
2026-27,2806,Clarence Massamba,UC Davis,-0.335577128905887,-0.685773575961403,-1.02135070486729,0,0,0,0,0,0,0,0,NA,NA,SO,2505208,False
2026-27,2807,Jamal Ambrose,Texas A&M-Corpus Christi,-0.533417614126398,-0.488185174612909,-1.02160278873931,0,0,0,0,0,0,0,0,NA,NA,SR,1917964,False
2026-27,2808,Gasper Kocevar,Howard,-1.00480296634699,-0.0183683247926001,-1.02317129113959,0,0,0,0,0,0,0,0,NA,NA,SO,2543790,False
2026-27,2809,Tanner Jones,UCF,-0.634382278919717,-0.390170379207043,-1.02455265812676,0,0,0,0,0,0,0,0,NA,NA,SO,2475396,False
2026-27,2810,Kosy Akametu,Iona,-0.219647598655713,-0.805619094478173,-1.02526669313389,0,0,0,0,0,0,0,0,NA,NA,SR,1920275,False
2026-27,2811,Nicholas Errica,Charleston Southern,-0.845008045488367,-0.181196648178923,-1.02620469366729,0,0,0,0,0,0,0,0,NA,NA,SO,2396433,False
2026-27,2812,Anto Balian,Pepperdine,-0.938953396444571,-0.0874068599275619,-1.02636025637213,0,0,0,0,0,0,0,0,NA,NA,SO,2471995,False
2026-27,2813,Trey Patterson,Saint Peter's,-0.936529056836837,-0.0917790944788665,-1.0283081513157,0,0,0,0,0,0,0,0,NA,NA,SR,1635482,False
2026-27,2814,Mason Abittan,Weber State,-0.624919368947586,-0.406346235024657,-1.03126560397224,0,0,0,0,0,0,0,0,NA,NA,SO,2550759,False
2026-27,2815,Atticus Richmond,Kansas,-0.530639179846159,-0.502014045859777,-1.03265322570594,0,0,0,0,0,0,0,0,NA,NA,FR,181607074,False
2026-27,2816,Tyshawn Duncan,Louisiana-Lafayette,-1.20896545504872,0.174980120987272,-1.03398533406145,0,0,0,0,0,0,0,0,NA,NA,FR,220009489,False
2026-27,2817,Shaedon Simpson,Saint Peter's,-0.290768560671905,-0.743331888639954,-1.03410044931186,0,0,0,0,0,0,0,0,NA,NA,JR,2110218,False
2026-27,2818,Tom Koppens,Cal State Bakersfield,-0.786052350812434,-0.248692572529711,-1.03474492334215,0,0,0,0,0,0,0,0,NA,NA,FR,103086058,False
2026-27,2819,Cameron Boone,Missouri State,-1.21707637639466,0.181577848480136,-1.03549852791453,0,0,0,0,0,0,0,0,NA,NA,SR,2535230,False
2026-27,2820,AJ Patterson,Air Force,-1.43149092940487,0.395809392657875,-1.035681536747,0,0,0,0,0,0,0,0,NA,NA,JR,2303157,False
2026-27,2821,Anthony Enoh,Kennesaw State,-1.04754066939996,0.0108569630944179,-1.03668370630554,0,0,0,0,0,0,0,0,NA,NA,SR,2511342,False
2026-27,2822,Brady Swartz,Oakland,-0.186678745687282,-0.850055638266507,-1.03673438395379,0,0,0,0,0,0,0,0,NA,NA,SO,2501091,False
2026-27,2823,Cameron Elwer,Furman,-0.488898016181619,-0.549234358989583,-1.0381323751712,0,0,0,0,0,0,0,0,NA,NA,FR,236763498,False
2026-27,2824,Ethan Lin,Penn,-0.816161083745594,-0.224458974199884,-1.04062005794548,0,0,0,0,0,0,0,0,NA,NA,FR,47336260,False
2026-27,2825,Trey Scott III,College of Charleston,-0.994461700981306,-0.0466923581343321,-1.04115405911564,0,0,0,0,0,0,0,0,NA,NA,JR,2305851,False
2026-27,2826,Isaiah Ward,UTEP,-1.13741690321894,0.0961361283097102,-1.04128077490923,0,0,0,0,0,0,0,0,NA,NA,FR,115894567,False
2026-27,2827,Milhan Charles,Florida Atlantic,-0.387485297540755,-0.654619207480652,-1.04210450502141,0,0,0,0,0,0,0,0,NA,NA,SO,2547382,False
2026-27,2828,Javon Perry,Rhode Island,-1.0121143443323,-0.0300825604260004,-1.0421969047583,0,0,0,0,0,0,0,0,NA,NA,SO,2472927,False
2026-27,2829,Ryan Altman,Penn,-0.777097460726385,-0.265566199881243,-1.04266366060763,0,0,0,0,0,0,0,0,NA,NA,SO,2532435,False
2026-27,2830,Travelle Bryson,Western Carolina,0.301460923568471,-1.34570508594865,-1.04424416238018,0,0,0,0,0,0,0,0,NA,NA,JR,2567182,False
2026-27,2831,Dutch Dowdell,Harvard,-0.724565404956804,-0.320048806355149,-1.04461421131195,0,0,0,0,0,0,0,0,NA,NA,JR,2292722,False
2026-27,2832,Tybo Bailey,Southeastern Louisiana,-0.476541869403919,-0.569478553578089,-1.04602042298201,0,0,0,0,0,0,0,0,NA,NA,JR,2268712,False
2026-27,2833,JJ Apathjang,Northern Kentucky,-0.624229113835991,-0.422406664243844,-1.04663577807983,0,0,0,0,0,0,0,0,NA,NA,SO,2549970,False
2026-27,2834,Isaiah Henry,Queens,0.0211597166739787,-1.06819431635353,-1.04703459967955,0,0,0,0,0,0,0,0,NA,NA,SO,2549966,False
2026-27,2835,Cam Hutson,Saint Louis,-0.928114371748996,-0.119041269888247,-1.04715564163724,0,0,0,0,0,0,0,0,NA,NA,SO,2536850,False
2026-27,2836,Romari Robinson,Sacramento State,-1.35005650729165,0.302247351849716,-1.04780915544193,0,0,0,0,0,0,0,0,NA,NA,SO,2505269,False
2026-27,2837,Adam Boyd,Louisiana Tech,-0.645317421248874,-0.403275177798814,-1.04859259904769,0,0,0,0,0,0,0,0,NA,NA,FR,130849129,False
2026-27,2838,Ilia Ermakov,Saint Bonaventure,-1.10168181324931,0.0529971822790895,-1.04868463097022,0,0,0,0,0,0,0,0,NA,NA,SO,2541330,False
2026-27,2839,Carter Berg-McLean,Loyola Maryland,-0.62875892454351,-0.420546550604788,-1.0493054751483,0,0,0,0,0,0,0,0,NA,NA,SO,2492975,False
2026-27,2840,Elliot Moskowitz,Missouri-Kansas City,-0.882583578145955,-0.167996701426785,-1.05058027957274,0,0,0,0,0,0,0,0,NA,NA,FR,103507866,False
2026-27,2841,Nasir Hines,South Carolina,-0.93878312925052,-0.115587717347435,-1.05437084659796,0,0,0,0,0,0,0,0,NA,NA,FR,34033708,False
2026-27,2842,Zion Ibekwe,Hampton,-0.406090344495272,-0.648869113411786,-1.05495945790706,0,0,0,0,0,0,0,0,NA,NA,FR,206946109,False
2026-27,2843,Steven Ramirez,Northern Colorado,-0.641029764132382,-0.414056171132076,-1.05508593526446,0,0,0,0,0,0,0,0,NA,NA,SO,2530890,False
2026-27,2844,Quentin Duncan,NJIT,-0.261916108556308,-0.793706371620009,-1.05562248017632,0,0,0,0,0,0,0,0,NA,NA,JR,2337441,False
2026-27,2845,Nico Onyekwere,Villanova,-1.338955487833,0.281404521929152,-1.05755096590385,0,0,0,0,0,0,0,0,NA,NA,SO,2540492,False
2026-27,2846,Jazz Henderson,Ball State,-0.480154286482618,-0.578190268611343,-1.05834455509396,0,0,0,0,0,0,0,0,NA,NA,SO,2305703,False
2026-27,2847,Desmond Bellot Jr.,Fordham,-0.559905323171322,-0.49887628940915,-1.05878161258047,0,0,0,0,0,0,0,0,NA,NA,FR,84368349,False
2026-27,2848,Abdoul Bare,Loyola Marymount,-0.735254834057486,-0.324054508031814,-1.0593093420893,0,0,0,0,0,0,0,0,NA,NA,FR,191453377,False
2026-27,2849,Ryan Pettis,Wagner,-0.522220378790103,-0.538087718741173,-1.06030809753128,0,0,0,0,0,0,0,0,NA,NA,JR,2321289,False
2026-27,2850,Gavin Paull,Tennessee,-0.318317695311623,-0.742128691577061,-1.06044638688868,0,0,0,0,0,0,0,0,NA,NA,JR,2302227,False
2026-27,2851,Filip Radaković,Lamar,-0.58850414519074,-0.472368138597448,-1.06087228378819,0,0,0,0,0,0,0,0,NA,NA,JR,2311798,False
2026-27,2852,Daniel Thomas,UNC Asheville,-1.24177594686215,0.180261648910972,-1.06151429795118,0,0,0,0,0,0,0,0,NA,NA,JR,2316887,False
2026-27,2853,Cade Bennett,Northern Arizona,-0.659422697094098,-0.402561657270265,-1.06198435436436,0,0,0,0,0,0,0,0,NA,NA,SR,1908433,False
2026-27,2854,Mikhail Dulkay,Louisiana-Lafayette,-0.839030375926686,-0.223267392239639,-1.06229776816633,0,0,0,0,0,0,0,0,NA,NA,FR,70765086,False
2026-27,2855,Preston Murphy Jr.,Alabama,-0.818018153179166,-0.244941804086339,-1.06295995726551,0,0,0,0,0,0,0,0,NA,NA,SR,1927830,False
2026-27,2856,Mathias Alessanco,South Carolina,-0.93878312925052,-0.125202858506064,-1.06398598775658,0,0,0,0,0,0,0,0,NA,NA,FR,161874613,False
2026-27,2857,Keelan Steele,Mercer,-1.62928877367531,0.56525766636413,-1.06403110731118,0,0,0,0,0,0,0,0,NA,NA,JR,1924190,False
2026-27,2858,George Turkson Jr.,Maryland,-0.923482468376276,-0.140774269977539,-1.06425673835381,0,0,0,0,0,0,0,0,NA,NA,JR,2319960,False
2026-27,2859,Nicholas Randall,Missouri,-1.6008623105356,0.53588943391713,-1.06497287661847,0,0,0,0,0,0,0,0,NA,NA,SO,2500881,False
2026-27,2860,Keonte Greybear,West Virginia,-0.347758416881122,-0.717469137176743,-1.06522755405787,0,0,0,0,0,0,0,0,NA,NA,FR,106166526,False
2026-27,2861,Arop Arop,Nicholls State,-0.84829988347583,-0.21698169620839,-1.06528157968422,0,0,0,0,0,0,0,0,NA,NA,SR,2096486,False
2026-27,2862,Gevonte Ware,Rutgers,-2.62401742391979,1.55778401800817,-1.06623340591162,0,0,0,0,0,0,0,0,NA,NA,SO,2474213,False
2026-27,2863,Boden Williams,Oral Roberts,-0.437462426718473,-0.630646784841917,-1.06810921156039,0,0,0,0,0,0,0,0,NA,NA,FR,174010156,False
2026-27,2864,JJ Harris,Loyola Marymount,-0.755415114118636,-0.313630452005077,-1.06904556612371,0,0,0,0,0,0,0,0,NA,NA,FR,100609228,False
2026-27,2865,Ethan Lathan,Boise State,-1.58874308080946,0.518847661106907,-1.06989541970255,0,0,0,0,0,0,0,0,NA,NA,SO,2305531,False
2026-27,2866,Ayden Evans,Maine,-0.930157051413428,-0.139977207663679,-1.07013425907711,0,0,0,0,0,0,0,0,NA,NA,JR,2316407,False
2026-27,2867,Micah Bays,Cleveland State,0.0615280530928948,-1.13197141710134,-1.07044336400845,0,0,0,0,0,0,0,0,NA,NA,JR,134150733,False
2026-27,2868,Daniel Ntambwe,Eastern Illinois,-0.848973593217478,-0.221496464239402,-1.07047005745688,0,0,0,0,0,0,0,0,NA,NA,FR,122506767,False
2026-27,2869,Evan Boisdur,Abilene Christian,-0.498042784066885,-0.572595065750781,-1.07063784981767,0,0,0,0,0,0,0,0,NA,NA,SO,2478445,False
2026-27,2870,Joel Cwik,Winthrop,-0.0528546717382531,-1.01807385812226,-1.07092852986051,0,0,0,0,0,0,0,0,NA,NA,FR,229078209,False
2026-27,2871,Tristan Devers,Washington,-0.371108006165825,-0.700449851315287,-1.07155785748111,0,0,0,0,0,0,0,0,NA,NA,FR,234878172,False
2026-27,2872,Donovan Miller,Loyola Marymount,-0.762497332515529,-0.309123351977462,-1.07162068449299,0,0,0,0,0,0,0,0,NA,NA,FR,247076167,False
2026-27,2873,David Tubek,South Carolina Upstate,-0.496230078928446,-0.576832867347038,-1.07306294627548,0,0,0,0,0,0,0,0,NA,NA,SR,2101702,False
2026-27,2874,Eli Brown,Belmont,-0.848080064436205,-0.225140624941498,-1.0732206893777,0,0,0,0,0,0,0,0,NA,NA,FR,258095648,False
2026-27,2875,Elijah Kelly,Longwood,-0.749079473289865,-0.324545072008718,-1.07362454529858,0,0,0,0,0,0,0,0,NA,NA,SO,2538828,False
2026-27,2876,"Dwayne Wimbley, Jr.",Massachusetts,-0.919356509634612,-0.154377271980229,-1.07373378161484,0,0,0,0,0,0,0,0,NA,NA,SO,2472226,False
2026-27,2877,Makhi Leach,Bowling Green,-1.05198327235959,-0.0223262901262035,-1.0743095624858,0,0,0,0,0,0,0,0,NA,NA,SO,2472550,False
2026-27,2878,Nathan Ramus,Northern Illinois,-0.480887609008863,-0.593688018370724,-1.07457562737959,0,0,0,0,0,0,0,0,NA,NA,FR,141941227,False
2026-27,2879,Elhadji Diallo,UMass Lowell,-1.77961956668671,0.704936667342877,-1.07468289934383,0,0,0,0,0,0,0,0,NA,NA,FR,250459071,False
2026-27,2880,Noah Badibanga,Santa Clara,-0.617062869828502,-0.458911075676515,-1.07597394550502,0,0,0,0,0,0,0,0,NA,NA,SO,2536836,False
2026-27,2881,Eli Jolin,Santa Clara,-0.617062869828502,-0.458911075676515,-1.07597394550502,0,0,0,0,0,0,0,0,NA,NA,FR,4275526,False
2026-27,2882,Brayde Kuykendall,Santa Clara,-0.617062869828502,-0.458911075676515,-1.07597394550502,0,0,0,0,0,0,0,0,NA,NA,FR,235207572,False
2026-27,2883,Alex Ensor,Santa Clara,-0.617062869828502,-0.458911075676515,-1.07597394550502,0,0,0,0,0,0,0,0,NA,NA,FR,125452618,False
2026-27,2884,Cam Estevez,Wagner,0.109593165132512,-1.18706573973036,-1.07747257459785,0,0,0,0,0,0,0,0,NA,NA,SR,2125950,False
2026-27,2885,Jeremiah Hammond,Northern Colorado,-0.38581318069942,-0.693556814282751,-1.07936999498217,0,0,0,0,0,0,0,0,NA,NA,FR,154574771,False
2026-27,2886,Magnus Entenmann,Stetson,-0.302860918167796,-0.776644969066524,-1.07950588723432,0,0,0,0,0,0,0,0,NA,NA,SR,1908234,False
2026-27,2887,Elijah Brooks,Florida Gulf Coast,-0.593864726914942,-0.486358870613194,-1.08022359752814,0,0,0,0,0,0,0,0,NA,NA,SR,1925434,False
2026-27,2888,Peter Kramer,Lehigh,-0.131074083318564,-0.95194281479102,-1.08301689810958,0,0,0,0,0,0,0,0,NA,NA,JR,2313905,False
2026-27,2889,Ethan Croley,Jacksonville State,-0.649570839947645,-0.434128825987004,-1.08369966593465,0,0,0,0,0,0,0,0,NA,NA,SO,2545400,False
2026-27,2890,Aleks Szymczyk,UC Davis,-0.912377277885058,-0.171582932671008,-1.08396021055607,0,0,0,0,0,0,0,0,NA,NA,SR,1890523,False
2026-27,2891,Erwann Bussing,Albany,-1.14102029959862,0.0558042556198298,-1.08521604397879,0,0,0,0,0,0,0,0,NA,NA,FR,229250470,False
2026-27,2892,Cooper Knowles,Belmont,-0.848080064436205,-0.238118456392747,-1.08619852082895,0,0,0,0,0,0,0,0,NA,NA,FR,89913756,False
2026-27,2893,Matthew Quinlan,Cal State Fullerton,-0.356413710093806,-0.729959753836372,-1.08637346393018,0,0,0,0,0,0,0,0,NA,NA,SO,2483456,False
2026-27,2894,Nehemiah Pollard,Portland State,0.230219103518226,-1.31760067470595,-1.08738157118772,0,0,0,0,0,0,0,0,NA,NA,SO,13927209,False
2026-27,2895,Petar Pinter,Northeastern,-0.895463112657737,-0.19225930772745,-1.08772242038519,0,0,0,0,0,0,0,0,NA,NA,SO,2474099,False
2026-27,2896,Charlie Gersmehl,Belmont,-0.848080064436205,-0.240552660601115,-1.08863272503732,0,0,0,0,0,0,0,0,NA,NA,FR,110180114,False
2026-27,2897,Trey Perry,Coastal Carolina,0.308471099084794,-1.39908998342545,-1.09061888434066,0,0,0,0,0,0,0,0,NA,NA,SO,2543687,False
2026-27,2898,Julian Johnson,Howard,-0.870258677721998,-0.221680852374334,-1.09193953009633,0,0,0,0,0,0,0,0,NA,NA,SO,2567178,False
2026-27,2899,Jaden Tengan,Long Beach State,0.749778845531583,-1.84275966818339,-1.09298082265181,0,0,0,0,0,0,0,0,NA,NA,SR,201572330,False
2026-27,2900,Hayden Jones,Wisconsin,-0.831245050710069,-0.262107834213927,-1.093352884924,0,0,0,0,0,0,0,0,NA,NA,SO,2491504,False
2026-27,2901,Arminas Vilkas,Tennessee-Martin,-0.54719700506651,-0.548634615172064,-1.09583162023857,0,0,0,0,0,0,0,0,NA,NA,FR,141819577,False
2026-27,2902,Shanon Simango,Dartmouth,-0.6743049457528,-0.422683673421896,-1.0969886191747,0,0,0,0,0,0,0,0,NA,NA,JR,2305788,False
2026-27,2903,Jayden Harris,UMass Lowell,-0.00174858756581091,-1.09634902261547,-1.09809761018128,0,0,0,0,0,0,0,0,NA,NA,SO,2334509,False
2026-27,2904,Tai Hamilton,Winthrop,-1.90722252770132,0.807902485972726,-1.09932004172859,0,0,0,0,0,0,0,0,NA,NA,SR,2119894,False
2026-27,2905,Louis Bond,Northeastern,-0.496292976009583,-0.603880537407143,-1.10017351341673,0,0,0,0,0,0,0,0,NA,NA,SO,2472218,False
2026-27,2906,Kavien Jones,Tennessee State,-0.262365917757068,-0.838381874990708,-1.10074779274778,0,0,0,0,0,0,0,0,NA,NA,JR,2335902,False
2026-27,2907,Eddie Placer,North Florida,-0.0606615692916187,-1.04038274999005,-1.10104431928167,0,0,0,0,0,0,0,0,NA,NA,SR,2141800,False
2026-27,2908,Jackson Sheffield,Vanderbilt,-1.1564133734792,0.0541719757142261,-1.10224139776498,0,0,0,0,0,0,0,0,NA,NA,FR,246436535,False
2026-27,2909,Jaylohn Allen,Toledo,-0.740775217728947,-0.361813631525466,-1.10258884925441,0,0,0,0,0,0,0,0,NA,NA,FR,23579979,False
2026-27,2910,Colton Crowdis,Marquette,-0.892781256895441,-0.210559775346839,-1.10334103224228,0,0,0,0,0,0,0,0,NA,NA,FR,9662806,False
2026-27,2911,Afan Trnka,Southern Indiana,-0.561217514443683,-0.542998242486303,-1.10421575692999,0,0,0,0,0,0,0,0,NA,NA,SR,2311788,False
2026-27,2912,Kristers Skrinda,Stanford,-0.963190488874609,-0.142021275431919,-1.10521176430653,0,0,0,0,0,0,0,0,NA,NA,SO,2484133,False
2026-27,2913,Austin Nunez,LSU,-0.66512585023191,-0.440528188752425,-1.10565403898433,0,0,0,0,0,0,0,0,NA,NA,SR,1911032,False
2026-27,2914,Austin Foxwell,Portland,-0.686337853024345,-0.420265834608855,-1.1066036876332,0,0,0,0,0,0,0,0,NA,NA,FR,32088580,False
2026-27,2915,Adrian Petkovic,Drexel,-0.492198679735724,-0.61531096668178,-1.1075096464175,0,0,0,0,0,0,0,0,NA,NA,FR,230713675,False
2026-27,2916,Thiago Sucatzky,Stetson,0.129585043830393,-1.2377955102406,-1.10821046641021,0,0,0,0,0,0,0,0,NA,NA,SO,2541678,False
2026-27,2917,Ethan McComb,Butler,-0.650944396596991,-0.457720078282354,-1.10866447487935,0,0,0,0,0,0,0,0,NA,NA,SR,2092577,False
2026-27,2918,Cole Scherer,Eastern Washington,-0.866578589750788,-0.242289403677758,-1.10886799342855,0,0,0,0,0,0,0,0,NA,NA,SO,2550537,False
2026-27,2919,Easton Hupp,Stephen F. Austin,-0.660559723657648,-0.448646473317456,-1.1092061969751,0,0,0,0,0,0,0,0,NA,NA,SO,2474252,False
2026-27,2920,RJ Smith,La Salle,-0.759039199701274,-0.352231194618825,-1.1112703943201,0,0,0,0,0,0,0,0,NA,NA,FR,134073844,False
2026-27,2921,Rontavious Blackshear,Niagara,-0.480904833127368,-0.630467844027557,-1.11137267715492,0,0,0,0,0,0,0,0,NA,NA,SR,2541964,False
2026-27,2922,Kedrick Osby,New Orleans,-0.221675967208663,-0.890681789768627,-1.11235775697729,0,0,0,0,0,0,0,0,NA,NA,SR,2489662,False
2026-27,2923,Alex Bruskotter,Cleveland State,-0.475962136774048,-0.636450057954212,-1.11241219472826,0,0,0,0,0,0,0,0,NA,NA,SO,2320399,False
2026-27,2924,Yakhya Diop,Mount St. Mary's,-2.36199660200615,1.24953069620916,-1.11246590579699,0,0,0,0,0,0,0,0,NA,NA,SO,2550064,False
2026-27,2925,Aginaldo Neto,Boise State,-1.03509433582521,-0.0776959325965783,-1.11279026842179,0,0,0,0,0,0,0,0,NA,NA,SO,2550175,False
2026-27,2926,Matar Wade,Morgan State,-1.25546535614432,0.139840918146303,-1.11562443799802,0,0,0,0,0,0,0,0,NA,NA,JR,2320978,False
2026-27,2927,Elijah Mitchell,Prairie View,-0.355752253656253,-0.759929370539804,-1.11568162419606,0,0,0,0,0,0,0,0,NA,NA,JR,2565495,False
2026-27,2928,Osiris Grady,Sacramento State,-0.944605437423897,-0.171373882544764,-1.11597931996866,0,0,0,0,0,0,0,0,NA,NA,SR,2114043,False
2026-27,2929,Jah'Likai King,Arkansas-Little Rock,0.378560317763281,-1.49731788295668,-1.1187575651934,0,0,0,0,0,0,0,0,NA,NA,SR,2138845,False
2026-27,2930,Thomas Duchamp De La Geneste,East Texas A&M,-0.925591485537875,-0.194117800756202,-1.11970928629408,0,0,0,0,0,0,0,0,NA,NA,FR,88749906,False
2026-27,2931,Halvine Dzellat,Seattle,-0.759836988784413,-0.36142551775922,-1.12126250654363,0,0,0,0,0,0,0,0,NA,NA,JR,2321268,False
2026-27,2932,Josh Kori,Missouri-Kansas City,-0.902028010454109,-0.220245070057593,-1.1222730805117,0,0,0,0,0,0,0,0,NA,NA,FR,220013675,False
2026-27,2933,Ewan Steele,Stonehill,-0.477004272789971,-0.646303574841524,-1.1233078476315,0,0,0,0,0,0,0,0,NA,NA,JR,2313972,False
2026-27,2934,Wyatt DeGraaf,Brown,-1.50103274209502,0.377375659466123,-1.12365708262889,0,0,0,0,0,0,0,0,NA,NA,JR,2287293,False
2026-27,2935,Wilguens Jr. Exacte,Mount St. Mary's,-0.688489586688081,-0.435310189454524,-1.1237997761426,0,0,0,0,0,0,0,0,NA,NA,SR,1890576,False
2026-27,2936,Jemai Lake,Oregon State,-0.706874434135904,-0.418267106940665,-1.12514154107657,0,0,0,0,0,0,0,0,NA,NA,FR,118198006,False
2026-27,2937,Jaden Shoultz,Richmond,-0.359582777884524,-0.76627046031589,-1.12585323820041,0,0,0,0,0,0,0,0,NA,NA,FR,97733776,False
2026-27,2938,Reggie Grodin,Penn State,-0.769537795383283,-0.358572089761586,-1.12810988514487,0,0,0,0,0,0,0,0,NA,NA,SO,2506630,False
2026-27,2939,Josh Goodwin,Northeastern,-0.516855136954532,-0.612291485877173,-1.12914662283171,0,0,0,0,0,0,0,0,NA,NA,FR,247179297,False
2026-27,2940,Jackson Furman,Southeastern Louisiana,-0.4254778385139,-0.703930811600058,-1.12940865011396,0,0,0,0,0,0,0,0,NA,NA,SO,2483393,False
2026-27,2941,Mikkel Tyne,Buffalo,-0.433655850200538,-0.696089174436808,-1.12974502463735,0,0,0,0,0,0,0,0,NA,NA,SR,2106662,False
2026-27,2942,Darnez Slater,Montana State,-0.632480936783287,-0.499564107058238,-1.13204504384153,0,0,0,0,0,0,0,0,NA,NA,JR,2321344,False
2026-27,2943,Ryan Burbach,Cornell,-0.918717257819072,-0.213375684119371,-1.13209294193844,0,0,0,0,0,0,0,0,NA,NA,SO,2543623,False
2026-27,2944,Kole Grandison,Texas State,-0.504092505126767,-0.628006368461468,-1.13209887358823,0,0,0,0,0,0,0,0,NA,NA,FR,43739932,False
2026-27,2945,Giorgi Sulaberidze,Tennessee-Martin,-0.794528592847815,-0.337812982052787,-1.1323415749006,0,0,0,0,0,0,0,0,NA,NA,FR,15566649,False
2026-27,2946,Chip Brunt,Jackson State,-1.18147861203044,0.0491072357673281,-1.13237137626311,0,0,0,0,0,0,0,0,NA,NA,SR,2122809,False
2026-27,2947,Lionel Larvadain,Southern,-0.928092833656637,-0.204338282295316,-1.13243111595195,0,0,0,0,0,0,0,0,NA,NA,JR,2569046,False
2026-27,2948,ArDarius Grayson,Weber State,-1.26458961596838,0.130574833370038,-1.13401478259834,0,0,0,0,0,0,0,0,NA,NA,SO,2541455,False
2026-27,2949,Gavin Murphy,TCU,-1.06129190433324,-0.0783338559312835,-1.13962576026452,0,0,0,0,0,0,0,0,NA,NA,FR,2397502,False
2026-27,2950,Miloš Šojić,TCU,-1.06129190433324,-0.0783338559312835,-1.13962576026452,0,0,0,0,0,0,0,0,NA,NA,FR,183676906,False
2026-27,2951,Sam Fleming,TCU,-1.06129190433324,-0.0783338559312835,-1.13962576026452,0,0,0,0,0,0,0,0,NA,NA,FR,264957777,False
2026-27,2952,Frank Siaca Bey,Fordham,-0.987263959115347,-0.156735325273308,-1.14399928438865,0,0,0,0,0,0,0,0,NA,NA,FR,223461046,False
2026-27,2953,Chuck Bailey III,Delaware,-0.500074198698368,-0.645914303115803,-1.14598850181417,0,0,0,0,0,0,0,0,NA,NA,SR,2143526,False
2026-27,2954,Kahu Treacher,Oregon State,-0.71545590806751,-0.430843931672016,-1.14629983973953,0,0,0,0,0,0,0,0,NA,NA,FR,35188457,False
2026-27,2955,Kevin McCarthy,Army,0.604257020808489,-1.75159016292315,-1.14733314211466,0,0,0,0,0,0,0,0,NA,NA,JR,2347034,False
2026-27,2956,Steven Solano,Delaware,-1.44593629609527,0.29720240544273,-1.14873389065254,0,0,0,0,0,0,0,0,NA,NA,JR,2322191,False
2026-27,2957,Blake Anderson,Miami (OH),-0.942079571221158,-0.206659595639563,-1.14873916686072,0,0,0,0,0,0,0,0,NA,NA,SR,2137344,False
2026-27,2958,Aidan Haskins,Hampton,-0.139380973817426,-1.01085043249547,-1.15023140631289,0,0,0,0,0,0,0,0,NA,NA,SO,2531818,False
2026-27,2959,Steven Sherman,Rhode Island,-0.968001545737103,-0.183502629723879,-1.15150417546098,0,0,0,0,0,0,0,0,NA,NA,FR,30633659,False
2026-27,2960,Donovan Hill,Southern Illinois,-0.873411495909365,-0.278486140492545,-1.15189763640191,0,0,0,0,0,0,0,0,NA,NA,SR,250306506,False
2026-27,2961,O'Marion Harvey,Monmouth,-1.06660122932705,-0.0858752289825978,-1.15247645830965,0,0,0,0,0,0,0,0,NA,NA,SO,2567134,False
2026-27,2962,JJ Chaikovsky,Long Beach State,-0.952208288099228,-0.200513961141038,-1.15272224924027,0,0,0,0,0,0,0,0,NA,NA,JR,2117670,False
2026-27,2963,Tyrese Elliott,Mississippi Valley State,-0.73323801776573,-0.42071332812527,-1.153951345891,0,0,0,0,0,0,0,0,NA,NA,FR,256927769,False
2026-27,2964,Cooper Wright,Colgate,-1.03401454484058,-0.121705079735152,-1.15571962457574,0,0,0,0,0,0,0,0,NA,NA,SR,2122311,False
2026-27,2965,Elliott Taite,Air Force,-0.840618662582826,-0.316078279051183,-1.15669694163401,0,0,0,0,0,0,0,0,NA,NA,JR,2303166,False
2026-27,2966,Tim Martin II,Rhode Island,-0.984624515188388,-0.172804054560764,-1.15742856974915,0,0,0,0,0,0,0,0,NA,NA,FR,227493931,False
2026-27,2967,Landon Williams,Dartmouth,-0.541957551378326,-0.615687618333802,-1.15764516971213,0,0,0,0,0,0,0,0,NA,NA,SO,2321014,False
2026-27,2968,Gavin Lowe,Weber State,-0.76673016752216,-0.39223349797771,-1.15896366549987,0,0,0,0,0,0,0,0,NA,NA,FR,132951512,False
2026-27,2969,Campbell Blogg,Northern Colorado,-0.759597065081841,-0.402620929700427,-1.16221799478227,0,0,0,0,0,0,0,0,NA,NA,FR,221434869,False
2026-27,2970,Gasper Skorjanc,East Texas A&M,-0.0910680776571973,-1.07247101196401,-1.16353908962121,0,0,0,0,0,0,0,0,NA,NA,FR,170528132,False
2026-27,2971,Eli Herbert,Liberty,-0.486888547814736,-0.677313131703726,-1.16420167951846,0,0,0,0,0,0,0,0,NA,NA,FR,104394768,False
2026-27,2972,Avery Brown,St. John's,-0.647757195057861,-0.516969737796888,-1.16472693285475,0,0,0,0,0,0,0,0,NA,NA,SR,1930364,False
2026-27,2973,Eltramon Smith Jr.,Georgia Southern,-0.917251120491953,-0.249370861671165,-1.16662198216312,0,0,0,0,0,0,0,0,NA,NA,JR,2549896,False
2026-27,2974,Jason Clarke Jr.,IU Indy,-0.204404896545328,-0.962786901312135,-1.16719179785746,0,0,0,0,0,0,0,0,NA,NA,JR,2302341,False
2026-27,2975,Jake Holmes,UC San Diego,-0.855731042485316,-0.312277750955738,-1.16800879344105,0,0,0,0,0,0,0,0,NA,NA,FR,108373357,False
2026-27,2976,Jack McCaffery,Richmond,-0.847118791375353,-0.321624221336242,-1.1687430127116,0,0,0,0,0,0,0,0,NA,NA,SO,2472769,False
2026-27,2977,Michael Collins,Lamar,-0.48811757945282,-0.680766803103069,-1.16888438255589,0,0,0,0,0,0,0,0,NA,NA,SO,2484761,False
2026-27,2978,Jesse Mcintosh,William & Mary,-0.663075374828742,-0.5066754764606,-1.16975085128934,0,0,0,0,0,0,0,0,NA,NA,SO,2550087,False
2026-27,2979,Dashiell Mabilon,Rhode Island,-1.0122745943931,-0.158071964786262,-1.17034655917936,0,0,0,0,0,0,0,0,NA,NA,FR,147514764,False
2026-27,2980,Blake Ellwein,South Dakota State,-0.953562730330941,-0.217140107548533,-1.17070283787947,0,0,0,0,0,0,0,0,NA,NA,FR,105983027,False
2026-27,2981,Luke Fennell,Saint Mary's,-0.754192375677515,-0.416713301267776,-1.17090567694529,0,0,0,0,0,0,0,0,NA,NA,SO,2531807,False
2026-27,2982,Brandon Hall,Duquesne,-0.836324007928364,-0.335886629382588,-1.17221063731095,0,0,0,0,0,0,0,0,NA,NA,SR,1707266,False
2026-27,2983,Chamberlain Burgess,Weber State,-0.753223098239046,-0.419196600956654,-1.1724196991957,0,0,0,0,0,0,0,0,NA,NA,FR,11868785,False
2026-27,2984,Demarris Winters,Canisius,0.00544202811768813,-1.17795417030111,-1.17251214218342,0,0,0,0,0,0,0,0,NA,NA,SO,2534679,False
2026-27,2985,Grgur Brcic,Long Beach State,-0.986438616004188,-0.186346074914618,-1.17278469091881,0,0,0,0,0,0,0,0,NA,NA,SR,2121785,False
2026-27,2986,Samson Reilly,Sacred Heart,0.53060035645735,-1.7054430666627,-1.17484271020535,0,0,0,0,0,0,0,0,NA,NA,SO,2350355,False
2026-27,2987,Moussa Camara,New Haven,-0.565115732145479,-0.609768937084039,-1.17488466922952,0,0,0,0,0,0,0,0,NA,NA,SO,34609096,False
2026-27,2988,Federico Grani,New Mexico,-0.388147114522574,-0.787996338715332,-1.17614345323791,0,0,0,0,0,0,0,0,NA,NA,FR,45977016,False
2026-27,2989,Jordan Muller,California Baptist,0.0850244091054007,-1.26231347667645,-1.17728906757105,0,0,0,0,0,0,0,0,NA,NA,SO,2483426,False
2026-27,2990,AJ Pierre-Jerome,New Mexico,-0.390395195216892,-0.787996338715332,-1.17839153393222,0,0,0,0,0,0,0,0,NA,NA,FR,172443863,False
2026-27,2991,Isaiah Theodile,Oakland,-0.591586990159291,-0.588353462375685,-1.17994045253498,0,0,0,0,0,0,0,0,NA,NA,FR,159162139,False
2026-27,2992,Parker Robinson,Oklahoma State,-0.0919533095452131,-1.08799109000186,-1.17994439954708,0,0,0,0,0,0,0,0,NA,NA,FR,178770796,False
2026-27,2993,Michael Nee,South Dakota,-0.857437183100491,-0.32377516225327,-1.18121234535376,0,0,0,0,0,0,0,0,NA,NA,FR,247278113,False
2026-27,2994,Maximillian Russell,Weber State,-0.783909729063988,-0.399904099908383,-1.18381382897237,0,0,0,0,0,0,0,0,NA,NA,FR,50066477,False
2026-27,2995,Hunter Caldwell,Northern Colorado,-0.728783768531819,-0.455994224676452,-1.18477799320827,0,0,0,0,0,0,0,0,NA,NA,JR,2353100,False
2026-27,2996,Erik Oliver-Bush,New Hampshire,-0.605260622097544,-0.579848939981137,-1.18510956207868,0,0,0,0,0,0,0,0,NA,NA,JR,2359804,False
2026-27,2997,Blake Muschalek,Auburn,-1.00097683492763,-0.185415679552092,-1.18639251447972,0,0,0,0,0,0,0,0,NA,NA,SR,2106217,False
2026-27,2998,Jamil Miller,Eastern Washington,-0.891270192104011,-0.296556574831736,-1.18782676693575,0,0,0,0,0,0,0,0,NA,NA,SO,2334143,False
2026-27,2999,Janusz Ratowski,UTEP,-1.60805887382463,0.420156991155928,-1.1879018826687,0,0,0,0,0,0,0,0,NA,NA,SO,2319957,False
2026-27,3000,Chris Adlam,East Texas A&M,-0.674915357424003,-0.513495978036029,-1.18841133546003,0,0,0,0,0,0,0,0,NA,NA,JR,2345898,False
2026-27,3001,Chris Dockery,Omaha,-0.677482102269927,-0.510973454875024,-1.18845555714495,0,0,0,0,0,0,0,0,NA,NA,SR,1932438,False
2026-27,3002,Kaleb Siler,Middle Tennessee,-1.00606695702777,-0.182744167240325,-1.18881112426809,0,0,0,0,0,0,0,0,NA,NA,FR,252847219,False
2026-27,3003,Tommy Clark,Bellarmine,-0.71848019546254,-0.470785050454121,-1.18926524591666,0,0,0,0,0,0,0,0,NA,NA,SO,2552846,False
2026-27,3004,Davis Bynum,Prairie View,-1.08323602322941,-0.107442898524718,-1.19067892175413,0,0,0,0,0,0,0,0,NA,NA,JR,2311683,False
2026-27,3005,Aleksa Vlajic,Indiana State,-0.77601566173379,-0.414779754385232,-1.19079541611902,0,0,0,0,0,0,0,0,NA,NA,SO,2472150,False
2026-27,3006,Jordan Gabriel,Marist,-1.34266383148371,0.148363492849758,-1.19430033863395,0,0,0,0,0,0,0,0,NA,NA,SO,2536886,False
2026-27,3007,Amare Anderson,Presbyterian,-0.93028970003591,-0.264199101315927,-1.19448880135184,0,0,0,0,0,0,0,0,NA,NA,SO,2550131,False
2026-27,3008,Benjamin Schuch,New Mexico,-0.407032187884761,-0.787996338715332,-1.19502852660009,0,0,0,0,0,0,0,0,NA,NA,FR,101717075,False
2026-27,3009,Marko Vuckovic,Fresno State,-0.654496483487694,-0.541362663268762,-1.19585914675646,0,0,0,0,0,0,0,0,NA,NA,FR,193572423,False
2026-27,3010,Noah Norgaard,Western Kentucky,-0.272670821503394,-0.923560760652089,-1.19623158215548,0,0,0,0,0,0,0,0,NA,NA,SO,2540608,False
2026-27,3011,Esyah Pippa-White,Houston Christian,-0.642679062428661,-0.554042315508055,-1.19672137793672,0,0,0,0,0,0,0,0,NA,NA,SR,2321274,False
2026-27,3012,Ari Gooch,Southern Indiana,-0.749131067495653,-0.448378714035276,-1.19750978153093,0,0,0,0,0,0,0,0,NA,NA,JR,2491801,False
2026-27,3013,EJ McQuillan,Indiana State,-0.9437239108574,-0.254293324012959,-1.19801723487036,0,0,0,0,0,0,0,0,NA,NA,FR,161518654,False
2026-27,3014,Augustine Ekwe,Weber State,-1.35928861682569,0.160978191724682,-1.19831042510101,0,0,0,0,0,0,0,0,NA,NA,SO,2489405,False
2026-27,3015,Gustav Winther,Evansville,-1.00212554427467,-0.197773375387033,-1.1998989196617,0,0,0,0,0,0,0,0,NA,NA,SO,2543678,False
2026-27,3016,Nate Ahner,Oakland,-0.636394740660194,-0.563602681547394,-1.19999742220759,0,0,0,0,0,0,0,0,NA,NA,FR,73894202,False
2026-27,3017,Martin Kheil,Iona,0.278548528116955,-1.47869889737439,-1.20015036925743,0,0,0,0,0,0,0,0,NA,NA,JR,2472221,False
2026-27,3018,Malachi Arrington,George Washington,-1.24746611444248,0.0467024253777435,-1.20076368906473,0,0,0,0,0,0,0,0,NA,NA,JR,2337453,False
2026-27,3019,CJ Beaumont,Kennesaw State,-1.02470145752927,-0.177545724260829,-1.2022471817901,0,0,0,0,0,0,0,0,NA,NA,SR,2146538,False
2026-27,3020,Gus Rugaard,Bradley,-0.409158493197452,-0.79883263301759,-1.20799112621504,0,0,0,0,0,0,0,0,NA,NA,JR,2269290,False
2026-27,3021,Braylin Davis,Middle Tennessee,-1.01139540140844,-0.198805887360081,-1.21020128876853,0,0,0,0,0,0,0,0,NA,NA,FR,196152832,False
2026-27,3022,Deuce Hamilton,Oakland,-0.633710686906858,-0.577143631490659,-1.21085431839752,0,0,0,0,0,0,0,0,NA,NA,FR,3257979,False
2026-27,3023,Hunter Hansen,Weber State,-0.806009785967245,-0.405072337679089,-1.21108212364633,0,0,0,0,0,0,0,0,NA,NA,FR,534489,False
2026-27,3024,Jaden Brown,Fairfield,-0.796503626018471,-0.415113589672975,-1.21161721569145,0,0,0,0,0,0,0,0,NA,NA,FR,50788818,False
2026-27,3025,Kingston Land,Indiana State,-0.9437239108574,-0.267963210833524,-1.21168712169092,0,0,0,0,0,0,0,0,NA,NA,FR,97790181,False
2026-27,3026,Davi Remagen,Tennessee-Martin,-1.03226895662152,-0.180606519805414,-1.21287547642694,0,0,0,0,0,0,0,0,NA,NA,SO,2474282,False
2026-27,3027,Tyler Garrett,Dartmouth,-0.745804020288994,-0.467179020584283,-1.21298304087328,0,0,0,0,0,0,0,0,NA,NA,SO,2560011,False
2026-27,3028,Kyle Morgan,Winthrop,-0.25781170071891,-0.955808077368722,-1.21361977808763,0,0,0,0,0,0,0,0,NA,NA,SO,73433357,False
2026-27,3029,Isaac Finlinson,Western Michigan,-0.588497471844076,-0.626250060498257,-1.21474753234233,0,0,0,0,0,0,0,0,NA,NA,SR,1912475,False
2026-27,3030,Je'kel Cotton,Detroit,-1.07721485865858,-0.139902620569293,-1.21711747922787,0,0,0,0,0,0,0,0,NA,NA,SO,2550392,False
2026-27,3031,Dax Hall,New Mexico,-0.430571446570238,-0.787996338715332,-1.21856778528557,0,0,0,0,0,0,0,0,NA,NA,FR,29138546,False
2026-27,3032,Gregory Lawson,Eastern Michigan,0.547779511890382,-1.76715005387879,-1.21937054198841,0,0,0,0,0,0,0,0,NA,NA,SO,2494529,False
2026-27,3033,Andrew Jensen,DePaul,-0.922014431605809,-0.299427866380705,-1.22144229798651,0,0,0,0,0,0,0,0,NA,NA,FR,163620079,False
2026-27,3034,Yannis Steger,Siena,-0.95950752111067,-0.261988613951649,-1.22149613506232,0,0,0,0,0,0,0,0,NA,NA,FR,257167213,False
2026-27,3035,Shey Eberwein,UTSA,-0.342234736967514,-0.879787085208345,-1.22202182217586,0,0,0,0,0,0,0,0,NA,NA,JR,2119901,False
2026-27,3036,Camden Thompson,Oakland,-0.620497744724248,-0.602197312334734,-1.22269505705898,0,0,0,0,0,0,0,0,NA,NA,FR,80796219,False
2026-27,3037,Alessio Calamita,Indiana State,-0.9437239108574,-0.279114932784456,-1.22283884364186,0,0,0,0,0,0,0,0,NA,NA,FR,181219636,False
2026-27,3038,Modestas Babraitis,Utah Valley,-0.686217354237081,-0.538074435589973,-1.22429178982705,0,0,0,0,0,0,0,0,NA,NA,FR,61909171,False
2026-27,3039,Chase Martin,Oral Roberts,-0.789646385055692,-0.434911639002758,-1.22455802405845,0,0,0,0,0,0,0,0,NA,NA,SR,1889969,False
2026-27,3040,Mekhi Cooper,Louisiana-Lafayette,-0.659935746947937,-0.564877988838589,-1.22481373578653,0,0,0,0,0,0,0,0,NA,NA,SR,2137341,False
2026-27,3041,Tobias Brinkley,Tulane,-0.724903388098601,-0.500676483318851,-1.22557987141745,0,0,0,0,0,0,0,0,NA,NA,FR,230829547,False
2026-27,3042,Nathan Kirk,Iona,-0.902747807150658,-0.323003902817014,-1.22575170996767,0,0,0,0,0,0,0,0,NA,NA,FR,216191290,False
2026-27,3043,Mady Traore,Washington,-0.678995560646406,-0.547844253895036,-1.22683981454144,0,0,0,0,0,0,0,0,NA,NA,SR,1981009,False
2026-27,3044,Andrew Bhesania,Boston University,-1.07548760358509,-0.15177130835822,-1.22725891194331,0,0,0,0,0,0,0,0,NA,NA,SO,2482545,False
2026-27,3045,Keith Richard,Morgan State,-0.86807748943925,-0.359193020482967,-1.22727050992222,0,0,0,0,0,0,0,0,NA,NA,FR,213755171,False
2026-27,3046,Asier Miguel Torrero,Manhattan,-0.992514344632,-0.235286335122484,-1.22780067975448,0,0,0,0,0,0,0,0,NA,NA,SO,2547187,False
2026-27,3047,Duane Thompson,Bryant,-0.819544205025399,-0.409566014090008,-1.22911021911541,0,0,0,0,0,0,0,0,NA,NA,FR,64767417,False
2026-27,3048,Julian Bowie,Boise State,0.0314313811133796,-1.26059356475955,-1.22916218364617,0,0,0,0,0,0,0,0,NA,NA,JR,2305528,False
2026-27,3049,Bryson Wheatfall,Texas A&M-Corpus Christi,-1.47841975886562,0.249163049020307,-1.22925670984532,0,0,0,0,0,0,0,0,NA,NA,SO,2558061,False
2026-27,3050,Nate Muriithi,New Mexico,-0.441683223021674,-0.787996338715332,-1.22967956173701,0,0,0,0,0,0,0,0,NA,NA,FR,81591395,False
2026-27,3051,Ivan Stojanovski,Oakland,-0.659527434932655,-0.570779909731323,-1.23030734466398,0,0,0,0,0,0,0,0,NA,NA,FR,78021122,False
2026-27,3052,Lachlan Crate,Murray State,-0.438291806622113,-0.793189008084505,-1.23148081470662,0,0,0,0,0,0,0,0,NA,NA,SO,2481896,False
2026-27,3053,Yohandry Ortiz,New Orleans,-0.734069965092401,-0.498186541492526,-1.23225650658493,0,0,0,0,0,0,0,0,NA,NA,FR,56600819,False
2026-27,3054,Connor Dubsky,UNC Asheville,-0.244907890155875,-0.987529318170352,-1.23243720832623,0,0,0,0,0,0,0,0,NA,NA,SR,2125958,False
2026-27,3055,Justin Houser,Florida Gulf Coast,-1.32711063712323,0.0944391062685688,-1.23267153085466,0,0,0,0,0,0,0,0,NA,NA,SO,2506633,False
2026-27,3056,DeShawn Denson II,Indiana State,-0.9437239108574,-0.29084386343148,-1.23456777428888,0,0,0,0,0,0,0,0,NA,NA,FR,53479370,False
2026-27,3057,Nick Shrewsberry,Notre Dame,-0.743989659728837,-0.490926659878804,-1.23491631960764,0,0,0,0,0,0,0,0,NA,NA,FR,94298183,False
2026-27,3058,Djordje Curcic,College of Charleston,-0.838516431424914,-0.398081134851692,-1.23659756627661,0,0,0,0,0,0,0,0,NA,NA,SR,2134397,False
2026-27,3059,Maddox Monson,Eastern Washington,-0.749161100800055,-0.488293939288509,-1.23745504008856,0,0,0,0,0,0,0,0,NA,NA,SR,1908660,False
2026-27,3060,BJ Brown Jr.,Drexel,-0.725813521432666,-0.511705742156386,-1.23751926358905,0,0,0,0,0,0,0,0,NA,NA,FR,90591205,False
2026-27,3061,Grant Mordini,Kansas,-0.855511065223998,-0.382092321686598,-1.2376033869106,0,0,0,0,0,0,0,0,NA,NA,FR,91669921,False
2026-27,3062,Ian Thomas,Indiana State,-0.9437239108574,-0.294204735767488,-1.23792864662489,0,0,0,0,0,0,0,0,NA,NA,FR,158827882,False
2026-27,3063,Sam King,Purdue,-0.748949676866702,-0.489080459827232,-1.23803013669393,0,0,0,0,0,0,0,0,NA,NA,SR,1911502,False
2026-27,3064,Stephaun Walker,Alabama A&M,-0.366319676652069,-0.872715771001534,-1.2390354476536,0,0,0,0,0,0,0,0,NA,NA,SR,1930368,False
2026-27,3065,Alex Kazanecki,Delaware,-0.0130918420852425,-1.2259658054941,-1.23905764757934,0,0,0,0,0,0,0,0,NA,NA,SO,2507044,False
2026-27,3066,Tyler McQuaid,Fairleigh Dickinson,-0.748417162720213,-0.49250299057213,-1.24092015329234,0,0,0,0,0,0,0,0,NA,NA,SO,2563841,False
2026-27,3067,Will Underwood,Wake Forest,-0.726137228304865,-0.514838172545915,-1.24097540085078,0,0,0,0,0,0,0,0,NA,NA,SR,2125517,False
2026-27,3068,Iwo Baganc,SIU Edwardsville,-0.916274471172874,-0.326305527220441,-1.24257999839332,0,0,0,0,0,0,0,0,NA,NA,SO,2506848,False
2026-27,3069,Henry Thengvall,Wichita State,-0.742487519776516,-0.50069355918703,-1.24318107896355,0,0,0,0,0,0,0,0,NA,NA,SR,1890655,False
2026-27,3070,Melakih Cunningham,Missouri State,-0.734748932985353,-0.508607813305611,-1.24335674629096,0,0,0,0,0,0,0,0,NA,NA,SO,2535231,False
2026-27,3071,Jackson Cooper,Indiana State,-0.9437239108574,-0.302675591127509,-1.24639950198491,0,0,0,0,0,0,0,0,NA,NA,FR,174315165,False
2026-27,3072,Tamiel Green,Northern Arizona,-0.713430191749453,-0.533685672588557,-1.24711586433801,0,0,0,0,0,0,0,0,NA,NA,FR,218455909,False
2026-27,3073,Jake Feldhaus,South Florida,-0.746706587147995,-0.50144535891685,-1.24815194606485,0,0,0,0,0,0,0,0,NA,NA,FR,165694464,False
2026-27,3074,Aidan Able,UMBC,-0.737848317653562,-0.511116452936724,-1.24896477059029,0,0,0,0,0,0,0,0,NA,NA,FR,97975399,False
2026-27,3075,Brayden Barron,Portland State,-1.35462966264625,0.105424891942303,-1.24920477070394,0,0,0,0,0,0,0,0,NA,NA,SO,2505274,False
2026-27,3076,Gedeon Basson,Xavier,-0.758667934695925,-0.49281538829145,-1.25148332298737,0,0,0,0,0,0,0,0,NA,NA,FR,180603621,False
2026-27,3077,Makai Grant,Dayton,-0.766570954426745,-0.485278720595085,-1.25184967502183,0,0,0,0,0,0,0,0,NA,NA,SR,2119757,False
2026-27,3078,Jonas Oware,Yale,-0.74647683375766,-0.506149870036201,-1.25262670379386,0,0,0,0,0,0,0,0,NA,NA,FR,70811145,False
2026-27,3079,Aiden Bolden,Middle Tennessee,-1.0187281278991,-0.234350060223649,-1.25307818812275,0,0,0,0,0,0,0,0,NA,NA,FR,90853383,False
2026-27,3080,Tobi Raji,Navy,-1.18911280192843,-0.0645820240640973,-1.25369482599253,0,0,0,0,0,0,0,0,NA,NA,JR,2321157,False
2026-27,3081,Stephon Ashley Wright,Towson,-0.629007021933451,-0.624859084159841,-1.25386610609329,0,0,0,0,0,0,0,0,NA,NA,FR,258638597,False
2026-27,3082,Joshua Hughes,Samford,-0.738481944384084,-0.516887881167994,-1.25536982555208,0,0,0,0,0,0,0,0,NA,NA,SR,1894342,False
2026-27,3083,Ian Bailey,UNC Asheville,-0.81322067278117,-0.442222012695816,-1.25544268547699,0,0,0,0,0,0,0,0,NA,NA,FR,93671523,False
2026-27,3084,Jhett Carter,Wofford,-0.932730331243335,-0.323555209284004,-1.25628554052734,0,0,0,0,0,0,0,0,NA,NA,FR,51633735,False
2026-27,3085,Ylan Esso Essis,UC Davis,-1.19325719737319,-0.0642401529283073,-1.2574973503015,0,0,0,0,0,0,0,0,NA,NA,JR,2478323,False
2026-27,3086,Jeremiah Harshman,Seattle,-0.993088537954394,-0.264644450846792,-1.25773298880119,0,0,0,0,0,0,0,0,NA,NA,SO,2506950,False
2026-27,3087,Cameron Brown,Arkansas-Little Rock,-0.752700129901934,-0.505772587287287,-1.25847271718922,0,0,0,0,0,0,0,0,NA,NA,FR,202543744,False
2026-27,3088,Christian Dedivanaj,Bowling Green,-0.747169061194943,-0.512164924538642,-1.25933398573359,0,0,0,0,0,0,0,0,NA,NA,SO,2570523,False
2026-27,3089,Martin Kaupanger,Indiana State,-0.9437239108574,-0.315914190636784,-1.25963810149418,0,0,0,0,0,0,0,0,NA,NA,SO,2503127,False
2026-27,3090,Noah Limol,Mount St. Mary's,-1.1565039112026,-0.103657858645301,-1.2601617698479,0,0,0,0,0,0,0,0,NA,NA,FR,86296332,False
2026-27,3091,Victor Yimga Moukouri,Abilene Christian,-1.14373646385615,-0.117574526775167,-1.26131099063132,0,0,0,0,0,0,0,0,NA,NA,FR,148487586,False
2026-27,3092,Devan Kirk,Towson,-0.745004335343165,-0.516535733423844,-1.26154006876701,0,0,0,0,0,0,0,0,NA,NA,FR,214430140,False
2026-27,3093,Josh Reed,Drexel,-1.17856221539527,-0.0855394811516696,-1.26410169654694,0,0,0,0,0,0,0,0,NA,NA,JR,2307535,False
2026-27,3094,Bodey Howell,Rice,-0.5014900044889,-0.762780525024019,-1.26427052951292,0,0,0,0,0,0,0,0,NA,NA,SO,2540350,False
2026-27,3095,Lureon Walker,Monmouth,-0.318246470592678,-0.946204960160947,-1.26445143075362,0,0,0,0,0,0,0,0,NA,NA,JR,1908358,False
2026-27,3096,Quentin Morgan,Fort Wayne,-0.996266766837477,-0.268349642136731,-1.26461640897421,0,0,0,0,0,0,0,0,NA,NA,SO,2540068,False
2026-27,3097,Juanma Ruiz,Northern Kentucky,-0.935623871979652,-0.329696258264371,-1.26532013024402,0,0,0,0,0,0,0,0,NA,NA,FR,195829295,False
2026-27,3098,Keaton Frisch,Air Force,-0.767010782029411,-0.498457993978173,-1.26546877600758,0,0,0,0,0,0,0,0,NA,NA,SO,2505119,False
2026-27,3099,Cannon Richards,Wofford,-1.11964331140702,-0.145892665259692,-1.26553597666672,0,0,0,0,0,0,0,0,NA,NA,JR,2285478,False
2026-27,3100,Jadyn Cascio Jensen,South Dakota State,-0.766196087882088,-0.500127496206631,-1.26632358408872,0,0,0,0,0,0,0,0,NA,NA,SO,2307445,False
2026-27,3101,Elijah Elliott,North Florida,-0.648961198197807,-0.617514871941906,-1.26647607013971,0,0,0,0,0,0,0,0,NA,NA,JR,2316418,False
2026-27,3102,Derelle Desiré,Tulsa,-0.915295335727927,-0.351287207237635,-1.26658254296556,0,0,0,0,0,0,0,0,NA,NA,FR,30936787,False
2026-27,3103,Martin Carrere,Virginia,-1.03011723166732,-0.236498375087725,-1.26661560675505,0,0,0,0,0,0,0,0,NA,NA,SO,2296823,False
2026-27,3104,Rex Stirling,Jacksonville,-0.704515163818067,-0.562187516437338,-1.2667026802554,0,0,0,0,0,0,0,0,NA,NA,SR,2475434,False
2026-27,3105,Anthony Ruffolo,Charleston Southern,-0.477158211024216,-0.790469067025165,-1.26762727804938,0,0,0,0,0,0,0,0,NA,NA,SR,189970596,False
2026-27,3106,Akiva McBirney-Griffin,Northern Illinois,-1.36457394531557,0.0967231172555921,-1.26785082805998,0,0,0,0,0,0,0,0,NA,NA,SR,1720480,False
2026-27,3107,Patrick Otto Mäe,Northern Kentucky,-0.91105036934337,-0.35685561301438,-1.26790598235775,0,0,0,0,0,0,0,0,NA,NA,FR,223119982,False
2026-27,3108,Tucker Wadsworth,Troy,-0.77886121221138,-0.489275136829899,-1.26813634904128,0,0,0,0,0,0,0,0,NA,NA,FR,137597402,False
2026-27,3109,Samuel Onu,Alabama A&M,-1.702759366238,0.434173335657944,-1.26858603058005,0,0,0,0,0,0,0,0,NA,NA,SR,1701221,False
2026-27,3110,Luke Kearney,Portland State,-0.762822742764039,-0.505878505453148,-1.26870124821719,0,0,0,0,0,0,0,0,NA,NA,SR,2117989,False
2026-27,3111,Mason Costello,Appalachian State,-0.773015811767567,-0.495705443927983,-1.26872125569555,0,0,0,0,0,0,0,0,NA,NA,FR,135298262,False
2026-27,3112,JJ Rembert,McNeese State,-0.873407642197471,-0.397525158903751,-1.27093280110122,0,0,0,0,0,0,0,0,NA,NA,SO,2321263,False
2026-27,3113,Ayomide Bamisile,Arkansas-Little Rock,-1.00572427701832,-0.265624650577499,-1.27134892759582,0,0,0,0,0,0,0,0,NA,NA,JR,2102044,False
2026-27,3114,Travis Torain,Fairleigh Dickinson,-0.843185870089431,-0.428771143602138,-1.27195701369157,0,0,0,0,0,0,0,0,NA,NA,JR,2474116,False
2026-27,3115,Marvin Christie III,Jacksonville State,-0.758951297831254,-0.513644085506794,-1.27259538333805,0,0,0,0,0,0,0,0,NA,NA,FR,257690188,False
2026-27,3116,Lincoln Goodwin,Missouri-Kansas City,-0.73324901668296,-0.539517821885341,-1.2727668385683,0,0,0,0,0,0,0,0,NA,NA,FR,15313884,False
2026-27,3117,Josh Jones,North Dakota,-1.48822229558246,0.215188794887781,-1.27303350069468,0,0,0,0,0,0,0,0,NA,NA,SR,2110049,False
2026-27,3118,Emilis Butkus,Campbell,-0.763514801101577,-0.509826359352732,-1.27334116045431,0,0,0,0,0,0,0,0,NA,NA,SR,1904044,False
2026-27,3119,Willan Marie-Anais,Abilene Christian,-1.16166058687252,-0.111721117432239,-1.27338170430476,0,0,0,0,0,0,0,0,NA,NA,FR,30033193,False
2026-27,3120,Billy Rayer,Saint Joseph's,-0.749158503887676,-0.524415045435089,-1.27357354932277,0,0,0,0,0,0,0,0,NA,NA,JR,2322196,False
2026-27,3121,Seydina N'Diaye,Florida International,-0.773067941958256,-0.500575128845784,-1.27364307080404,0,0,0,0,0,0,0,0,NA,NA,FR,219814341,False
2026-27,3122,Trap Johnson,VMI,-0.425159284668086,-0.848848050007779,-1.27400733467586,0,0,0,0,0,0,0,0,NA,NA,SO,2302206,False
2026-27,3123,Mekai Johnson,Saint Joseph's,-0.900957378277378,-0.373158737815279,-1.27411611609266,0,0,0,0,0,0,0,0,NA,NA,JR,2322197,False
2026-27,3124,Max Miller,Fordham,-0.764310966668919,-0.510640041648139,-1.27495100831706,0,0,0,0,0,0,0,0,NA,NA,JR,2321304,False
2026-27,3125,Vincent Ricchiuti,Wake Forest,-0.770397238421521,-0.50476511187265,-1.27516235029417,0,0,0,0,0,0,0,0,NA,NA,SR,2125518,False
2026-27,3126,Tommy Humphries,St. Thomas (MN),-0.831912495599998,-0.443734963141975,-1.27564745874197,0,0,0,0,0,0,0,0,NA,NA,JR,2146833,False
2026-27,3127,Christian Jones,UMass Lowell,0.37754486095211,-1.65333490138758,-1.27579004043547,0,0,0,0,0,0,0,0,NA,NA,SO,2506619,False
2026-27,3128,Trevor Roe,Le Moyne,-0.45141374868122,-0.824443882384178,-1.2758576310654,0,0,0,0,0,0,0,0,NA,NA,JR,2116834,False
2026-27,3129,Henry Burt,Nebraska,-0.776863712859239,-0.499601665031863,-1.2764653778911,0,0,0,0,0,0,0,0,NA,NA,SR,1898625,False
2026-27,3130,Charlie OSullivan,Brown,-0.652875495385516,-0.623803998257864,-1.27667949364338,0,0,0,0,0,0,0,0,NA,NA,SO,2478759,False
2026-27,3131,Clem Edomwonyin,Drexel,-1.33964262742748,0.0625172710198899,-1.27712535640759,0,0,0,0,0,0,0,0,NA,NA,JR,2307540,False
2026-27,3132,Jose Martins,Western Carolina,-0.767715231273702,-0.509697619627435,-1.27741285090114,0,0,0,0,0,0,0,0,NA,NA,FR,50400314,False
2026-27,3133,Ryan Tolliver,Northern Kentucky,-0.881766151730711,-0.395920996321555,-1.27768714805227,0,0,0,0,0,0,0,0,NA,NA,SO,2549991,False
2026-27,3134,Rollie Castineyra,Massachusetts,-0.746540564088244,-0.531196770754928,-1.27773733484317,0,0,0,0,0,0,0,0,NA,NA,SR,2140312,False
2026-27,3135,Aleksa Ristic,Belmont,-0.848080064436205,-0.430811226068904,-1.27889129050511,0,0,0,0,0,0,0,0,NA,NA,SO,2506622,False
2026-27,3136,Antonio Munoz,San Diego,-1.26725744827759,-0.0117736829288638,-1.27903113120646,0,0,0,0,0,0,0,0,NA,NA,SO,2566982,False
2026-27,3137,James Sanderson,Louisiana Tech,-0.863474377902158,-0.415641386621856,-1.27911576452401,0,0,0,0,0,0,0,0,NA,NA,FR,109029429,False
2026-27,3138,Baron Walker,Butler,-0.780094174484636,-0.49925449594234,-1.27934867042698,0,0,0,0,0,0,0,0,NA,NA,FR,127154442,False
2026-27,3139,Ernas Valauskas,Dartmouth,-0.760949849344147,-0.518539741628127,-1.27948959097227,0,0,0,0,0,0,0,0,NA,NA,FR,206029932,False
2026-27,3140,Adrian Uchidiuno,Brown,-1.09729330054137,-0.184506872129798,-1.28180017267117,0,0,0,0,0,0,0,0,NA,NA,SR,2110963,False
2026-27,3141,Drew Haffner,Abilene Christian,-1.17101069972555,-0.111439484125442,-1.28245018385099,0,0,0,0,0,0,0,0,NA,NA,FR,179306855,False
2026-27,3142,Khalil Badru,Vermont,-0.896222888212836,-0.386295064233349,-1.28251795244619,0,0,0,0,0,0,0,0,NA,NA,JR,2336170,False
2026-27,3143,Xabi Lopez,Abilene Christian,-1.17435168859624,-0.108194370116342,-1.28254605871259,0,0,0,0,0,0,0,0,NA,NA,FR,2823905,False
2026-27,3144,Evan Dickey,Dayton,-0.746521671145048,-0.536118348340983,-1.28264001948603,0,0,0,0,0,0,0,0,NA,NA,SR,2119738,False
2026-27,3145,Ziyade Ndancky,Louisiana-Monroe,-0.759694786183113,-0.523136291380778,-1.28283107756389,0,0,0,0,0,0,0,0,NA,NA,FR,76050707,False
2026-27,3146,Jack Anderson,American,-0.782720939632546,-0.500423044209263,-1.28314398384181,0,0,0,0,0,0,0,0,NA,NA,SO,2478253,False
2026-27,3147,Bryce Dixon,Louisiana Tech,-1.19413844959764,-0.0892098247837202,-1.28334827438136,0,0,0,0,0,0,0,0,NA,NA,FR,219329179,False
2026-27,3148,Nicolo Romanelli,Columbia,-0.476027906277103,-0.807677274132904,-1.28370518041001,0,0,0,0,0,0,0,0,NA,NA,SR,2096477,False
2026-27,3149,Miller McGowan,Stetson,-0.774090273295663,-0.509831497778675,-1.28392177107434,0,0,0,0,0,0,0,0,NA,NA,SO,2536205,False
2026-27,3150,Matyas Vrabel,Tarleton State,-1.09978598226065,-0.184482622311738,-1.28426860457239,0,0,0,0,0,0,0,0,NA,NA,JR,2324227,False
2026-27,3151,Olivier Rioux,UC Irvine,-0.92821952921953,-0.357572781676405,-1.28579231089594,0,0,0,0,0,0,0,0,NA,NA,SO,2298483,False
2026-27,3152,Brady Kester,Liberty,-0.77305919603608,-0.51289160341452,-1.2859507994506,0,0,0,0,0,0,0,0,NA,NA,SO,2533264,False
2026-27,3153,Alexander Daushvili,VMI,-0.851007355738446,-0.435308458678468,-1.28631581441691,0,0,0,0,0,0,0,0,NA,NA,SO,2532376,False
2026-27,3154,Alexandros Alexakis,High Point,-0.764805882556393,-0.521587835504987,-1.28639371806138,0,0,0,0,0,0,0,0,NA,NA,FR,86169534,False
2026-27,3155,Andrew Canda,Fairleigh Dickinson,-0.763773052963338,-0.524375298942697,-1.28814835190603,0,0,0,0,0,0,0,0,NA,NA,JR,2339774,False
2026-27,3156,Breon Barnett,Morgan State,-0.76887930596512,-0.521796583141259,-1.29067588910638,0,0,0,0,0,0,0,0,NA,NA,SO,2477334,False
2026-27,3157,Willie Foster,Northern Kentucky,-0.939452080843036,-0.352311096482797,-1.29176317732583,0,0,0,0,0,0,0,0,NA,NA,FR,241816870,False
2026-27,3158,Kobe McDowell-White,Chattanooga,-0.924490549370995,-0.367500807144655,-1.29199135651565,0,0,0,0,0,0,0,0,NA,NA,FR,171454655,False
2026-27,3159,Riley Massey,North Dakota State,-0.902482141883029,-0.390513296448558,-1.29299543833159,0,0,0,0,0,0,0,0,NA,NA,SO,2547288,False
2026-27,3160,Talan Staley,Bowling Green,-0.79477822058945,-0.499780198620639,-1.29455841921009,0,0,0,0,0,0,0,0,NA,NA,FR,147911668,False
2026-27,3161,Kyle Layton,Grambling,-0.155788402111643,-1.13897021607802,-1.29475861818966,0,0,0,0,0,0,0,0,NA,NA,SR,2122610,False
2026-27,3162,Jayan Walker,Alcorn State,-0.730503858215261,-0.56460946652594,-1.2951133247412,0,0,0,0,0,0,0,0,NA,NA,JR,2322662,False
2026-27,3163,Filip Petkovski,Tennessee-Martin,-0.217249024088105,-1.07807572266456,-1.29532474675267,0,0,0,0,0,0,0,0,NA,NA,SO,2505185,False
2026-27,3164,Braylon Barnes,North Texas,-0.786682206552984,-0.509105642864713,-1.2957878494177,0,0,0,0,0,0,0,0,NA,NA,FR,22099338,False
2026-27,3165,Stetson Rowley,Abilene Christian,-1.176032282281,-0.119947985988065,-1.29598026826907,0,0,0,0,0,0,0,0,NA,NA,FR,201445496,False
2026-27,3166,J'Den Shields,Abilene Christian,-1.17037340638155,-0.126146716876305,-1.29652012325785,0,0,0,0,0,0,0,0,NA,NA,FR,252494588,False
2026-27,3167,Niccolo Kalischer-Stork,SMU,-0.783109073070424,-0.513943200832031,-1.29705227390245,0,0,0,0,0,0,0,0,NA,NA,SO,2315132,False
2026-27,3168,BJ Plummer,North Florida,-0.0707801459840602,-1.22641208491216,-1.29719223089622,0,0,0,0,0,0,0,0,NA,NA,SO,2475164,False
2026-27,3169,Emmanuel Manyuon,Marshall,-0.761267296613974,-0.537267576851131,-1.29853487346511,0,0,0,0,0,0,0,0,NA,NA,SR,2539092,False
2026-27,3170,Da'Mori Lytch,Appalachian State,-0.78058908151669,-0.520867838526283,-1.30145692004297,0,0,0,0,0,0,0,0,NA,NA,FR,119167793,False
2026-27,3171,Tolu Samuels,Northern Illinois,-1.1382056195452,-0.164726657529411,-1.30293227707461,0,0,0,0,0,0,0,0,NA,NA,SR,2507470,False
2026-27,3172,Dionjahe Thomas,Northwestern State,-0.840462773728676,-0.462799212574562,-1.30326198630324,0,0,0,0,0,0,0,0,NA,NA,SR,1925426,False
2026-27,3173,Orion Wilson,Georgia State,-0.790126292549368,-0.513515513435055,-1.30364180598442,0,0,0,0,0,0,0,0,NA,NA,FR,161451606,False
2026-27,3174,Jayden Cooper,East Tennessee State,-0.441907169903197,-0.862695694478334,-1.30460286438153,0,0,0,0,0,0,0,0,NA,NA,SR,2281196,False
2026-27,3175,Cameron Johnson,Mercyhurst,-0.857442689573846,-0.447728694107201,-1.30517138368105,0,0,0,0,0,0,0,0,NA,NA,SR,2172460,False
2026-27,3176,Ryan Mandes,Princeton,-0.977976218628151,-0.327866140812193,-1.30584235944034,0,0,0,0,0,0,0,0,NA,NA,SO,2505008,False
2026-27,3177,Jasteven Walker,Alabama State,-0.809496945611207,-0.499565548430982,-1.30906249404219,0,0,0,0,0,0,0,0,NA,NA,SR,1920165,False
2026-27,3178,Amare Larane,Seattle,-1.05921204689095,-0.249907049774046,-1.309119096665,0,0,0,0,0,0,0,0,NA,NA,FR,73793007,False
2026-27,3179,Jeremiah Jacobs,Sacred Heart,-0.790401970135566,-0.518956795148315,-1.30935876528388,0,0,0,0,0,0,0,0,NA,NA,SO,2533880,False
2026-27,3180,Shamarrie Hugie,Austin Peay,-0.560366220869752,-0.749992072929055,-1.31035829379881,0,0,0,0,0,0,0,0,NA,NA,SR,2560960,False
2026-27,3181,Marcus Glover,Incarnate Word,-0.828690896618212,-0.482288241660503,-1.31097913827871,0,0,0,0,0,0,0,0,NA,NA,SR,2161675,False
2026-27,3182,Luke Susko,Southern Illinois,-0.801268689163479,-0.510030313965191,-1.31129900312867,0,0,0,0,0,0,0,0,NA,NA,FR,185287089,False
2026-27,3183,Chas Lewless,West Georgia,-0.675190019848301,-0.636162328065751,-1.31135234791405,0,0,0,0,0,0,0,0,NA,NA,SO,2351021,False
2026-27,3184,Amare Robinson,Florida State,-0.799868469571341,-0.512504767058278,-1.31237323662962,0,0,0,0,0,0,0,0,NA,NA,FR,63802889,False
2026-27,3185,Isaac Holmes,Saint Louis,-0.842211582756863,-0.470811469924907,-1.31302305268177,0,0,0,0,0,0,0,0,NA,NA,SR,1935254,False
2026-27,3186,Abdou Khadre Kébé,Mount St. Mary's,-1.76711802911572,0.453319672952585,-1.31379835616314,0,0,0,0,0,0,0,0,NA,NA,JR,2306724,False
2026-27,3187,Gus Salem,Abilene Christian,-1.18888319791393,-0.127790216008381,-1.31667341392231,0,0,0,0,0,0,0,0,NA,NA,FR,247405242,False
2026-27,3188,Baron Smith Jr.,Wagner,-1.44457628871391,0.127822908009083,-1.31675338070483,0,0,0,0,0,0,0,0,NA,NA,JR,2319740,False
2026-27,3189,Tamarion Hoover,Jackson State,0.409478411121387,-1.72786758727541,-1.31838917615402,0,0,0,0,0,0,0,0,NA,NA,JR,2321172,False
2026-27,3190,Quan Lax,North Alabama,-0.929576661063915,-0.390632460710985,-1.3202091217749,0,0,0,0,0,0,0,0,NA,NA,SR,2334135,False
2026-27,3191,John Ikpotokin,Saint Bonaventure,-0.442209794805658,-0.87962490832184,-1.3218347031275,0,0,0,0,0,0,0,0,NA,NA,SO,2541335,False
2026-27,3192,Mani Sajid,Towson,-0.946589459845913,-0.376120336686566,-1.32270979653248,0,0,0,0,0,0,0,0,NA,NA,FR,251939402,False
2026-27,3193,Owen Schlager,Siena,-1.12554203756859,-0.197957233349998,-1.32349927091858,0,0,0,0,0,0,0,0,NA,NA,SO,2506626,False
2026-27,3194,Armani Theus,Abilene Christian,-1.19558809247317,-0.128148343853572,-1.32373643632674,0,0,0,0,0,0,0,0,NA,NA,FR,25035599,False
2026-27,3195,Aleks Alston,UAB,-0.832981024647999,-0.490889353909097,-1.3238703785571,0,0,0,0,0,0,0,0,NA,NA,SO,2532369,False
2026-27,3196,Isaiah Stewart,Tennessee State,-0.576128897694227,-0.748775086725481,-1.32490398441971,0,0,0,0,0,0,0,0,NA,NA,SO,2543672,False
2026-27,3197,Phoenix Glassnor,Saint Peter's,-0.671646991565162,-0.659263992947173,-1.33091098451234,0,0,0,0,0,0,0,0,NA,NA,SO,2488773,False
2026-27,3198,Daniil Glazkov,Vermont,-0.925011306206411,-0.406836426533946,-1.33184773274036,0,0,0,0,0,0,0,0,NA,NA,JR,2313676,False
2026-27,3199,Martins Kilups,Oral Roberts,0.156821991841708,-1.49139498107036,-1.33457298922865,0,0,0,0,0,0,0,0,NA,NA,SO,2561373,False
2026-27,3200,Codrut Dinu,East Texas A&M,-0.571260550436559,-0.763614880729253,-1.33487543116581,0,0,0,0,0,0,0,0,NA,NA,FR,154329647,False
2026-27,3201,Vukasin Todorovic,Niagara,-1.19375712553849,-0.141153281256915,-1.3349104067954,0,0,0,0,0,0,0,0,NA,NA,SO,2505137,False
2026-27,3202,Jaiden Arnold,Fort Wayne,-0.864834407846704,-0.47128358968497,-1.33611799753167,0,0,0,0,0,0,0,0,NA,NA,FR,75826727,False
2026-27,3203,Daniil Stolbetskiy,Robert Morris,-0.965321878260515,-0.371332006580912,-1.33665388484143,0,0,0,0,0,0,0,0,NA,NA,FR,15294747,False
2026-27,3204,Grady Payton,Bryant,-0.968674971489607,-0.368287596898856,-1.33696256838846,0,0,0,0,0,0,0,0,NA,NA,FR,27533637,False
2026-27,3205,Mana Martin,Siena,-0.727525803610493,-0.609702380284207,-1.3372281838947,0,0,0,0,0,0,0,0,NA,NA,FR,249287221,False
2026-27,3206,Will Cooper,Nebraska,-0.612709359501718,-0.726853979421153,-1.33956333892287,0,0,0,0,0,0,0,0,NA,NA,JR,2303158,False
2026-27,3207,Kolier Pruett,Radford,-1.38357743166946,0.0436597662826282,-1.33991766538683,0,0,0,0,0,0,0,0,NA,NA,JR,7492758,False
2026-27,3208,DJ Johnson,Montana State,-0.784186435156026,-0.556210114040372,-1.3403965491964,0,0,0,0,0,0,0,0,NA,NA,FR,226163328,False
2026-27,3209,ZZ Clark,William & Mary,-0.763629493527878,-0.577078535447659,-1.34070802897554,0,0,0,0,0,0,0,0,NA,NA,JR,2305478,False
2026-27,3210,Mikah Ballew,Cal State Northridge,-0.459318777193107,-0.881750347777328,-1.34106912497044,0,0,0,0,0,0,0,0,NA,NA,JR,2324520,False
2026-27,3211,Jaymen Townsend,Kent State,-0.737245798857349,-0.604020393511014,-1.34126619236836,0,0,0,0,0,0,0,0,NA,NA,SO,2550190,False
2026-27,3212,Eltayeb Eltayeb,Virginia Tech,-1.29125225320274,-0.0500476313635916,-1.34129988456633,0,0,0,0,0,0,0,0,NA,NA,FR,32066273,False
2026-27,3213,Misha Bednostin,Lafayette,-1.35034212432017,0.00860671338662434,-1.34173541093354,0,0,0,0,0,0,0,0,NA,NA,SR,2119963,False
2026-27,3214,Tomas Valentiny,Stony Brook,-0.211885068373357,-1.13012862471533,-1.34201369308869,0,0,0,0,0,0,0,0,NA,NA,SO,2477829,False
2026-27,3215,Tim Nwankwo,Bryant,-0.974455355168859,-0.37047560315782,-1.34493095832668,0,0,0,0,0,0,0,0,NA,NA,FR,222159014,False
2026-27,3216,Marcus Zelee,North Texas,-0.887938581371251,-0.458702041329374,-1.34664062270062,0,0,0,0,0,0,0,0,NA,NA,FR,174329618,False
2026-27,3217,DJ Sandi,American,-1.01304240502759,-0.336748032234505,-1.34979043726209,0,0,0,0,0,0,0,0,NA,NA,FR,83957295,False
2026-27,3218,Pasha Goodarzi,San Jose State,0.112459179398281,-1.46263332351215,-1.35017414411387,0,0,0,0,0,0,0,0,NA,NA,JR,2152656,False
2026-27,3219,Connor Dick,Montana,-1.20608017340916,-0.144115034137357,-1.35019520754652,0,0,0,0,0,0,0,0,NA,NA,SR,2125502,False
2026-27,3220,Cam Haffner,Oral Roberts,-0.709371959096171,-0.642453716002049,-1.35182567509822,0,0,0,0,0,0,0,0,NA,NA,FR,168181546,False
2026-27,3221,Roi Behar,Bryant,-0.96137024590882,-0.390839209372095,-1.35220945528091,0,0,0,0,0,0,0,0,NA,NA,FR,93895366,False
2026-27,3222,Ryan Lafferty,Idaho,-1.01883325809802,-0.33389259736337,-1.35272585546139,0,0,0,0,0,0,0,0,NA,NA,JR,2283309,False
2026-27,3223,Lattimore Ford,Washington,-1.20911013562168,-0.143747055538599,-1.35285719116028,0,0,0,0,0,0,0,0,NA,NA,FR,252408114,False
2026-27,3224,Elijah Crispin,Bryant,-0.987712846878513,-0.365917738692432,-1.35363058557094,0,0,0,0,0,0,0,0,NA,NA,FR,162855356,False
2026-27,3225,Drew Paine,Northern Colorado,-0.565858753369651,-0.788462602961527,-1.35432135633118,0,0,0,0,0,0,0,0,NA,NA,FR,70562628,False
2026-27,3226,Japhet Moupadele,Youngstown State,-1.28184574756298,-0.0736239597720249,-1.35546970733501,0,0,0,0,0,0,0,0,NA,NA,SO,2542061,False
2026-27,3227,Zeplin Kidd,Southern Utah,-0.742388683448388,-0.613086685610068,-1.35547536905846,0,0,0,0,0,0,0,0,NA,NA,SO,2540200,False
2026-27,3228,Iker Garmendia,Elon,-0.989493232982193,-0.366026338064351,-1.35551957104654,0,0,0,0,0,0,0,0,NA,NA,SO,2474914,False
2026-27,3229,Alberto Blanco,Oral Roberts,-0.715853648787816,-0.640071108803269,-1.35592475759108,0,0,0,0,0,0,0,0,NA,NA,FR,191094242,False
2026-27,3230,Nikk Williams,Jackson State,-1.26196961249491,-0.0949901303443649,-1.35695974283927,0,0,0,0,0,0,0,0,NA,NA,SR,120984562,False
2026-27,3231,James Caldarella,Virginia Tech,-1.29125225320274,-0.0663337761099001,-1.35758602931264,0,0,0,0,0,0,0,0,NA,NA,FR,231877542,False
2026-27,3232,DaJohn Craig,Coastal Carolina,-0.113613075695599,-1.24579087194071,-1.35940394763631,0,0,0,0,0,0,0,0,NA,NA,JR,2126486,False
2026-27,3233,Ladji Coulibaly,Seattle,-1.11209430753786,-0.249907049774046,-1.3620013573119,0,0,0,0,0,0,0,0,NA,NA,FR,133757102,False
2026-27,3234,Ken Walker,Saint Peter's,0.0796416427708154,-1.44186083194891,-1.3622191891781,0,0,0,0,0,0,0,0,NA,NA,SO,150056697,False
2026-27,3235,Akil Watson,Saint Peter's,-0.953255223098691,-0.40987151241924,-1.36312673551793,0,0,0,0,0,0,0,0,NA,NA,SR,2110075,False
2026-27,3236,Jeremy Foumena,UNLV,-1.22460141039726,-0.138563114277977,-1.36316452467524,0,0,0,0,0,0,0,0,NA,NA,SR,1925929,False
2026-27,3237,Thor Grissom,Bryant,-0.961475431922304,-0.402404355100205,-1.36387978702251,0,0,0,0,0,0,0,0,NA,NA,FR,263503860,False
2026-27,3238,Ashton Reynolds,Central Connecticut,-0.600824383804763,-0.763070036317182,-1.36389442012194,0,0,0,0,0,0,0,0,NA,NA,SO,2509091,False
2026-27,3239,Cameron Blankenberg,Saint Bonaventure,-0.48482374638198,-0.87962490832184,-1.36444865470382,0,0,0,0,0,0,0,0,NA,NA,FR,228917738,False
2026-27,3240,JP Ndong,UMBC,-0.785463426548357,-0.580991113824065,-1.36645454037242,0,0,0,0,0,0,0,0,NA,NA,FR,98593627,False
2026-27,3241,Matt Reed,Lamar,-0.781600155538022,-0.585392425837757,-1.36699258137578,0,0,0,0,0,0,0,0,NA,NA,SR,2126488,False
2026-27,3242,Jaiden Reynolds,UMBC,-0.792431232033818,-0.57494834956565,-1.36737958159947,0,0,0,0,0,0,0,0,NA,NA,FR,244738416,False
2026-27,3243,Cello Jackson Jr.,Memphis,-1.18951924634999,-0.178828630246067,-1.36834787659606,0,0,0,0,0,0,0,0,NA,NA,FR,180375135,False
2026-27,3244,Rieco Hellams,Old Dominion,-1.07262932280827,-0.296067828564411,-1.36869715137268,0,0,0,0,0,0,0,0,NA,NA,SR,2150223,False
2026-27,3245,Courterius Scott,Stephen F. Austin,-0.92051938178913,-0.448646473317456,-1.36916585510659,0,0,0,0,0,0,0,0,NA,NA,FR,62238678,False
2026-27,3246,Josiah Brown,Coppin State,-0.697587311615447,-0.672128288422372,-1.36971560003782,0,0,0,0,0,0,0,0,NA,NA,JR,2472167,False
2026-27,3247,Simm Saadi,Central Arkansas,-0.815536069612556,-0.554916788317831,-1.37045285793039,0,0,0,0,0,0,0,0,NA,NA,SO,2506846,False
2026-27,3248,Leo Ferry,UMBC,-0.816245009025428,-0.555285346334632,-1.37153035536006,0,0,0,0,0,0,0,0,NA,NA,FR,97500617,False
2026-27,3249,Kobi Pearson,Stephen F. Austin,-0.924495042102498,-0.448646473317456,-1.37314151541995,0,0,0,0,0,0,0,0,NA,NA,FR,116451143,False
2026-27,3250,Isaiah Crane,Montana State,-0.818816746120167,-0.556210114040372,-1.37502686016054,0,0,0,0,0,0,0,0,NA,NA,FR,151680017,False
2026-27,3251,Mason Hagedorn,Loyola Maryland,-0.955712114782276,-0.41996335522091,-1.37567547000319,0,0,0,0,0,0,0,0,NA,NA,JR,2313600,False
2026-27,3252,Elijah Hayeems,Bryant,-0.997424905995787,-0.378403818220655,-1.37582872421644,0,0,0,0,0,0,0,0,NA,NA,FR,94681028,False
2026-27,3253,Mason So,Mount St. Mary's,-0.920423796245798,-0.457758312421692,-1.37818210866749,0,0,0,0,0,0,0,0,NA,NA,SR,2147266,False
2026-27,3254,Trace Westercamp,Florida Gulf Coast,-1.05232124271253,-0.326459463155249,-1.37878070586778,0,0,0,0,0,0,0,0,NA,NA,FR,126705241,False
2026-27,3255,Chiek Diallo,Saint Bonaventure,-0.499928362290558,-0.87962490832184,-1.3795532706124,0,0,0,0,0,0,0,0,NA,NA,FR,144830105,False
2026-27,3256,Taj Bryant,Wagner,-0.96132867904576,-0.418438659233052,-1.37976733827881,0,0,0,0,0,0,0,0,NA,NA,JR,2342529,False
2026-27,3257,Aleksander Pachucki,Bucknell,0.156033265754613,-1.53610650838529,-1.38007324263068,0,0,0,0,0,0,0,0,NA,NA,SO,2321297,False
2026-27,3258,Max Fradkin,Rutgers,-0.825330033291311,-0.55520248726928,-1.38053252056059,0,0,0,0,0,0,0,0,NA,NA,JR,2292821,False
2026-27,3259,William Kassi,Oakland,-0.699223873515255,-0.68213209988887,-1.38135597340413,0,0,0,0,0,0,0,0,NA,NA,SR,2503025,False
2026-27,3260,Will Hanke,Louisville,-0.666109148265702,-0.715426341784606,-1.38153549005031,0,0,0,0,0,0,0,0,NA,NA,SO,2483442,False
2026-27,3261,Camp Wagner,UC San Diego,-1.05573104248532,-0.325836828882891,-1.38156787136821,0,0,0,0,0,0,0,0,NA,NA,FR,264421066,False
2026-27,3262,Jax Howard,Middle Tennessee,-0.774752384923521,-0.607052552510926,-1.38180493743445,0,0,0,0,0,0,0,0,NA,NA,SO,2491712,False
2026-27,3263,Sawyer Dotson,Lipscomb,-0.676697754756698,-0.705581643351263,-1.38227939810796,0,0,0,0,0,0,0,0,NA,NA,FR,225519906,False
2026-27,3264,Lamont Hartfileld,Lamar,-0.651506318303447,-0.73146141666276,-1.38296773496621,0,0,0,0,0,0,0,0,NA,NA,FR,194051497,False
2026-27,3265,Jalen Vazquez,Lehigh,-1.0283113494874,-0.354793014281902,-1.3831043637693,0,0,0,0,0,0,0,0,NA,NA,SR,2547924,False
2026-27,3266,Cody Peck,Dayton,-1.53762212215382,0.154383581680777,-1.38323854047305,0,0,0,0,0,0,0,0,NA,NA,FR,193546666,False
2026-27,3267,Jamal George,Oral Roberts,-0.72006475200529,-0.663321436313958,-1.38338618831925,0,0,0,0,0,0,0,0,NA,NA,FR,150072966,False
2026-27,3268,Ralfs Rudusans,Lehigh,-0.71933632729861,-0.66440022710024,-1.38373655439885,0,0,0,0,0,0,0,0,NA,NA,FR,212756919,False
2026-27,3269,Trey Miller,Alabama State,-0.874029960288391,-0.509894208140083,-1.38392416842847,0,0,0,0,0,0,0,0,NA,NA,SR,1925167,False
2026-27,3270,Evan Griffin,Troy,-1.45556254513549,0.071316582507706,-1.38424596262779,0,0,0,0,0,0,0,0,NA,NA,SO,2318974,False
2026-27,3271,Ted Neal,Appalachian State,-1.08929282921273,-0.29508761934982,-1.38438044856255,0,0,0,0,0,0,0,0,NA,NA,SO,2475541,False
2026-27,3272,Eunique Rink,La Salle,-0.598185847965696,-0.786922590114883,-1.38510843808058,0,0,0,0,0,0,0,0,NA,NA,JR,2273131,False
2026-27,3273,James Steward,Montana State,-0.82892695068419,-0.556210114040372,-1.38513706472456,0,0,0,0,0,0,0,0,NA,NA,SO,2568057,False
2026-27,3274,Cameron Hiatt,Dartmouth,-1.2751373128284,-0.110930840389331,-1.38606815321773,0,0,0,0,0,0,0,0,NA,NA,SO,2560007,False
2026-27,3275,Isaiah Carroll,Penn,-0.966964330155399,-0.419520851124237,-1.38648518127964,0,0,0,0,0,0,0,0,NA,NA,FR,227956270,False
2026-27,3276,Trenton Walters,Niagara,-0.35861266792153,-1.02883926173611,-1.38745192965764,0,0,0,0,0,0,0,0,NA,NA,SR,2116800,False
2026-27,3277,Amere Brown,Arkansas,-0.823700614063481,-0.563959387891107,-1.38766000195459,0,0,0,0,0,0,0,0,NA,NA,SO,2533532,False
2026-27,3278,Regimantas Ciunys,UMBC,-0.549517157462715,-0.838162819551173,-1.38767997701389,0,0,0,0,0,0,0,0,NA,NA,SR,1925240,False
2026-27,3279,Jeremiah Jackson,Southern Illinois,-0.71874419336891,-0.669146047278433,-1.38789024064734,0,0,0,0,0,0,0,0,NA,NA,FR,93698696,False
2026-27,3280,Eric Jacobsen,Colorado,-1.05901079771971,-0.329058429832312,-1.38806922755202,0,0,0,0,0,0,0,0,NA,NA,FR,114363805,False
2026-27,3281,Promis N'Landu,George Washington,-0.947675307459469,-0.440527433079934,-1.3882027405394,0,0,0,0,0,0,0,0,NA,NA,FR,77104033,False
2026-27,3282,Miles Newton,Northeastern,-0.938058216668354,-0.450446177159968,-1.38850439382832,0,0,0,0,0,0,0,0,NA,NA,SO,2474102,False
2026-27,3283,John Shulman,Central Arkansas,-0.81227210471673,-0.577756323189621,-1.39002842790635,0,0,0,0,0,0,0,0,NA,NA,SO,2559454,False
2026-27,3284,Dylan Benner,Army,-0.958389355154356,-0.431668482228971,-1.39005783738333,0,0,0,0,0,0,0,0,NA,NA,SO,2483392,False
2026-27,3285,Zay Mosley,Ohio,-0.430922417017763,-0.959289808783048,-1.39021222580081,0,0,0,0,0,0,0,0,NA,NA,SO,2532465,False
2026-27,3286,Jacob Hudson,Gardner-Webb,-0.989663305045449,-0.401251176554191,-1.39091448159964,0,0,0,0,0,0,0,0,NA,NA,JR,2302894,False
2026-27,3287,Jordan Johnson,UC San Diego,-1.05573104248532,-0.335630839113934,-1.39136188159925,0,0,0,0,0,0,0,0,NA,NA,FR,29272721,False
2026-27,3288,Morris Ugusuk,Stony Brook,-0.48932082401251,-0.902957084338384,-1.39227790835089,0,0,0,0,0,0,0,0,NA,NA,SR,2092471,False
2026-27,3289,Carter Benton,Tulsa,-0.30234844433243,-1.08995799236641,-1.39230643669884,0,0,0,0,0,0,0,0,NA,NA,JR,2313731,False
2026-27,3290,Eze Wali,West Florida,-1.1801582334855,-0.212376398761298,-1.3925346322468,0,0,0,0,0,0,0,0,NA,NA,JR,2273135,False
2026-27,3291,Jarne Elouna Eyenga,Rice,-1.24455851713733,-0.148844935978896,-1.39340345311622,0,0,0,0,0,0,0,0,NA,NA,SO,2540444,False
2026-27,3292,Carlos Varela,UMBC,-0.839273909994894,-0.554158679785024,-1.39343258977992,0,0,0,0,0,0,0,0,NA,NA,FR,199863934,False
2026-27,3293,Canin Jefferson,Wyoming,-0.585616493130286,-0.808627809475512,-1.3942443026058,0,0,0,0,0,0,0,0,NA,NA,FR,69756841,False
2026-27,3294,Luke Balanis,Fort Wayne,-0.908160800698004,-0.4861686214147,-1.3943294221127,0,0,0,0,0,0,0,0,NA,NA,FR,172404317,False
2026-27,3295,Cameron Simpson,Nicholls State,-1.01708157507273,-0.377507738378,-1.39458931345073,0,0,0,0,0,0,0,0,NA,NA,FR,104991012,False
2026-27,3296,Mike Mora,Wyoming,-0.586087281605378,-0.808627809475512,-1.39471509108089,0,0,0,0,0,0,0,0,NA,NA,FR,40375673,False
2026-27,3297,Anthony Hester,Arkansas State,-0.947467482328281,-0.448318779330534,-1.39578626165882,0,0,0,0,0,0,0,0,NA,NA,FR,48984348,False
2026-27,3298,Evan Morton,UMBC,-0.833203571039992,-0.563224617793298,-1.39642818883329,0,0,0,0,0,0,0,0,NA,NA,FR,249225406,False
2026-27,3299,Miles Goodman,UT Arlington,-2.11104404851394,0.714573083845659,-1.39647096466828,0,0,0,0,0,0,0,0,NA,NA,SO,2303033,False
2026-27,3300,Vinny Sigona,Canisius,0.34509079624622,-1.74221408027742,-1.3971232840312,0,0,0,0,0,0,0,0,NA,NA,SR,1912150,False
2026-27,3301,Heimir Helgason,Massachusetts,-0.389729411518213,-1.00804878367482,-1.39777819519304,0,0,0,0,0,0,0,0,NA,NA,FR,165510768,False
2026-27,3302,Caden Hawkins,Southern Illinois,-0.894281403734268,-0.503722187525296,-1.39800359125956,0,0,0,0,0,0,0,0,NA,NA,SR,2563447,False
2026-27,3303,Dimitri Clerc,Massachusetts,-1.50252495794238,0.104282032446713,-1.39824292549567,0,0,0,0,0,0,0,0,NA,NA,SR,2472223,False
2026-27,3304,Adam Walker,Fort Wayne,-0.901795929040886,-0.496592181696278,-1.39838811073716,0,0,0,0,0,0,0,0,NA,NA,FR,28264889,False
2026-27,3305,Connor Lyons,Bryant,-1.01620212442801,-0.383217717607824,-1.39941984203584,0,0,0,0,0,0,0,0,NA,NA,FR,261881176,False
2026-27,3306,Jordan Pennick,Navy,-0.0560782637811335,-1.34371471256834,-1.39979297634948,0,0,0,0,0,0,0,0,NA,NA,SR,2119586,False
2026-27,3307,DeAndre Lewis,Fort Wayne,-0.913482383112921,-0.488009876290598,-1.40149225940352,0,0,0,0,0,0,0,0,NA,NA,FR,185042703,False
2026-27,3308,Jayvon Rampersant,George Washington,-0.947675307459469,-0.45411240405801,-1.40178771151748,0,0,0,0,0,0,0,0,NA,NA,FR,239596664,False
2026-27,3309,Kieran Mullen,Florida Atlantic,-1.18328919931104,-0.219339246531882,-1.40262844584292,0,0,0,0,0,0,0,0,NA,NA,SO,2538948,False
2026-27,3310,Mattia De Martin,Wyoming,-0.594978921651693,-0.808627809475512,-1.40360673112721,0,0,0,0,0,0,0,0,NA,NA,FR,223677031,False
2026-27,3311,Harrison Alexander,SIU Edwardsville,-0.64313168153514,-0.760967344012407,-1.40409902554755,0,0,0,0,0,0,0,0,NA,NA,JR,2125131,False
2026-27,3312,Mihail Gavazov,Oral Roberts,-0.75855694825508,-0.646408038725522,-1.4049649869806,0,0,0,0,0,0,0,0,NA,NA,FR,159215320,False
2026-27,3313,Jeannot Basima,Yale,-1.31552224170706,-0.0903175674944617,-1.40583980920152,0,0,0,0,0,0,0,0,NA,NA,SR,2143589,False
2026-27,3314,Jared Taylor,Nicholls State,-1.02945910089293,-0.376518606534076,-1.405977707427,0,0,0,0,0,0,0,0,NA,NA,FR,78351967,False
2026-27,3315,Jorke Aav,Longwood,-0.498374102102064,-0.907970002800282,-1.40634410490235,0,0,0,0,0,0,0,0,NA,NA,FR,59636964,False
2026-27,3316,Marko Radunovic,Fairfield,-1.27559846256113,-0.13105433364037,-1.4066527962015,0,0,0,0,0,0,0,0,NA,NA,SO,2534673,False
2026-27,3317,Hale Hansen,Montana State,-0.850544940918884,-0.556210114040372,-1.40675505495926,0,0,0,0,0,0,0,0,NA,NA,FR,145040378,False
2026-27,3318,Alpha Barry,UMBC,-0.830451650920162,-0.576368709959307,-1.40682036087947,0,0,0,0,0,0,0,0,NA,NA,FR,41257773,False
2026-27,3319,Jake Sussberg,Princeton,-0.527510504424229,-0.881092228387246,-1.40860273281148,0,0,0,0,0,0,0,0,NA,NA,SO,2505013,False
2026-27,3320,Kelan Gruver,Wyoming,-0.600463610370427,-0.808627809475512,-1.40909141984594,0,0,0,0,0,0,0,0,NA,NA,FR,252227251,False
2026-27,3321,Kaleb Davis,UAB,-1.35691021018078,-0.0521967756017505,-1.40910698578253,0,0,0,0,0,0,0,0,NA,NA,FR,170532660,False
2026-27,3322,Samuel Nosakhare,Gardner-Webb,-1.50007897121144,0.0902766287149105,-1.40980234249653,0,0,0,0,0,0,0,0,NA,NA,SO,2559871,False
2026-27,3323,Tamaje Izuagbe,Fort Wayne,-0.929496697065414,-0.483919554595454,-1.41341625166087,0,0,0,0,0,0,0,0,NA,NA,FR,214186836,False
2026-27,3324,Sheridan Sharp,Nicholls State,-1.04438328268361,-0.369880084714981,-1.41426336739859,0,0,0,0,0,0,0,0,NA,NA,FR,219950787,False
2026-27,3325,Talon Todd,Austin Peay,-0.551959282014131,-0.863588730107051,-1.41554801212118,0,0,0,0,0,0,0,0,NA,NA,FR,23164317,False
2026-27,3326,Lukas Bojovic,Wake Forest,-1.06794812997434,-0.348177957232119,-1.41612608720646,0,0,0,0,0,0,0,0,NA,NA,FR,148543559,False
2026-27,3327,Elijah Perkins,Saint Peter's,-1.58227893841146,0.162815936672193,-1.41946300173927,0,0,0,0,0,0,0,0,NA,NA,SR,1890548,False
2026-27,3328,Jaxson Ford,East Texas A&M,-1.39641206348905,-0.0233122992342672,-1.41972436272332,0,0,0,0,0,0,0,0,NA,NA,JR,2313722,False
2026-27,3329,Amir Danforth,North Dakota State,-1.00643785299988,-0.414796597249537,-1.42123445024942,0,0,0,0,0,0,0,0,NA,NA,FR,74613024,False
2026-27,3330,Tegra Makabu,Baylor,-0.881640884657283,-0.541502790858689,-1.42314367551597,0,0,0,0,0,0,0,0,NA,NA,FR,170139116,False
2026-27,3331,Kaden Tate,North Dakota State,-1.00643785299988,-0.416787131849417,-1.4232249848493,0,0,0,0,0,0,0,0,NA,NA,FR,119858642,False
2026-27,3332,Carl Thompson III,Fort Wayne,-0.931606480358742,-0.491853290608949,-1.42345977096769,0,0,0,0,0,0,0,0,NA,NA,FR,196633550,False
2026-27,3333,Arturo Dean,UCF,-0.834382278919717,-0.590170379207043,-1.42455265812676,0,0,0,0,0,0,0,0,NA,NA,FR,49115946,False
2026-27,3334,Dylan Mann,UCF,-0.834382278919717,-0.590170379207043,-1.42455265812676,0,0,0,0,0,0,0,0,NA,NA,FR,159131755,False
2026-27,3335,Jason Asemota,UCF,-0.834382278919717,-0.590170379207043,-1.42455265812676,0,0,0,0,0,0,0,0,NA,NA,FR,161952204,False
2026-27,3336,Jahda Swann,UCF,-0.834382278919717,-0.590170379207043,-1.42455265812676,0,0,0,0,0,0,0,0,NA,NA,FR,13856019,False
2026-27,3337,Devin Ceaser,UMBC,-0.899402536453248,-0.525901495888412,-1.42530403234166,0,0,0,0,0,0,0,0,NA,NA,SR,1895740,False
2026-27,3338,Lance Barnes,Charlotte,-1.19675722443692,-0.228606126940212,-1.42536335137713,0,0,0,0,0,0,0,0,NA,NA,FR,8814512,False
2026-27,3339,Yuto Kawashima,Seattle,-1.17589220507194,-0.249907049774046,-1.42579925484598,0,0,0,0,0,0,0,0,NA,NA,SO,2315042,False
2026-27,3340,Oliver Junker,North Dakota State,-1.00643785299988,-0.419862762803609,-1.42630061580349,0,0,0,0,0,0,0,0,NA,NA,FR,82846112,False
2026-27,3341,Nnadalu Noble,UC Davis,-1.23191176503956,-0.194398610115132,-1.42631037515469,0,0,0,0,0,0,0,0,NA,NA,FR,113488742,False
2026-27,3342,Tyrease Hunter,McNeese State,-0.771679645554392,-0.65547962299173,-1.42715926854612,0,0,0,0,0,0,0,0,NA,NA,FR,14212067,False
2026-27,3343,Justin Monden,Indiana,-0.107392349889132,-1.3206008091736,-1.42799315906273,0,0,0,0,0,0,0,0,NA,NA,SR,2555564,False
2026-27,3344,Bol Agu,Fairleigh Dickinson,-1.06884273576693,-0.35979421084357,-1.4286369466105,0,0,0,0,0,0,0,0,NA,NA,SR,2540691,False
2026-27,3345,Deion Ware,Louisiana-Lafayette,-1.05425922638102,-0.374636830842481,-1.4288960572235,0,0,0,0,0,0,0,0,NA,NA,FR,71940098,False
2026-27,3346,Desmeon Jones,Wichita State,-1.16849677966176,-0.261520221073654,-1.43001700073541,0,0,0,0,0,0,0,0,NA,NA,FR,262354398,False
2026-27,3347,Luka Savanovic,Campbell,-1.06424339775788,-0.366729054174075,-1.43097245193195,0,0,0,0,0,0,0,0,NA,NA,FR,181174983,False
2026-27,3348,KaiMani Murdock,Lafayette,-0.863227029803552,-0.569300556749217,-1.43252758655277,0,0,0,0,0,0,0,0,NA,NA,JR,2536832,False
2026-27,3349,Josiah Lawson,Howard,-0.320537919500025,-1.11222200568793,-1.43275992518796,0,0,0,0,0,0,0,0,NA,NA,JR,132385601,False
2026-27,3350,Koby Moir,UC Davis,-1.22775414819398,-0.206663673181912,-1.4344178213759,0,0,0,0,0,0,0,0,NA,NA,FR,103426289,False
2026-27,3351,Lance Stone,Detroit,-0.296383560156999,-1.13956369276561,-1.43594725292261,0,0,0,0,0,0,0,0,NA,NA,SO,2550404,False
2026-27,3352,Tayeshaun Smith,Western Carolina,-1.11334318032977,-0.322929767997896,-1.43627294832767,0,0,0,0,0,0,0,0,NA,NA,SO,2473113,False
2026-27,3353,Max Iversen,North Dakota State,-1.00643785299988,-0.430394030289869,-1.43683188328975,0,0,0,0,0,0,0,0,NA,NA,FR,170179219,False
2026-27,3354,Christian Bernard,Louisiana-Lafayette,-1.06522194234127,-0.372252025350806,-1.43747396769207,0,0,0,0,0,0,0,0,NA,NA,FR,25694210,False
2026-27,3355,Chris Morgan,Fort Wayne,-0.896229478338299,-0.541535026327873,-1.43776450466617,0,0,0,0,0,0,0,0,NA,NA,SR,1924162,False
2026-27,3356,Nikos Koulisianis,Furman,-0.688898016181618,-0.749234358989583,-1.4381323751712,0,0,0,0,0,0,0,0,NA,NA,FR,237715830,False
2026-27,3357,Jerrin Samuel,Furman,-0.688898016181618,-0.749234358989583,-1.4381323751712,0,0,0,0,0,0,0,0,NA,NA,FR,70173483,False
2026-27,3358,Nate Wilbourne,Furman,-0.688898016181618,-0.749234358989583,-1.4381323751712,0,0,0,0,0,0,0,0,NA,NA,FR,73460288,False
2026-27,3359,Rahman Olajuwon,Louisiana-Lafayette,-1.06046379624299,-0.377838441742141,-1.43830223798514,0,0,0,0,0,0,0,0,NA,NA,FR,111266237,False
2026-27,3360,Julian Dabrowski,UC Davis,-1.23355929982895,-0.207562712892897,-1.44112201272184,0,0,0,0,0,0,0,0,NA,NA,FR,156272924,False
2026-27,3361,Quinn Kwasniak,Merrimack,-1.0950609308334,-0.346411816174422,-1.44147274700782,0,0,0,0,0,0,0,0,NA,NA,SO,2567001,False
2026-27,3362,Quintin Mansfield,UNC Asheville,-1.00742699578523,-0.434780597097634,-1.44220759288287,0,0,0,0,0,0,0,0,NA,NA,FR,226116542,False
2026-27,3363,Caspian Jones,UC Davis,-1.23435315757065,-0.207956294123537,-1.44230945169418,0,0,0,0,0,0,0,0,NA,NA,FR,173182196,False
2026-27,3364,Lazar Milosevic,Longwood,-0.876527253346143,-0.565902342743548,-1.44242959608969,0,0,0,0,0,0,0,0,NA,NA,SO,2539334,False
2026-27,3365,Logan Johnson,UNC Asheville,-1.00742699578523,-0.435347618492803,-1.44277461427803,0,0,0,0,0,0,0,0,NA,NA,FR,150574174,False
2026-27,3366,Aiden Disu,Iona,-1.32352656456437,-0.119627251659311,-1.44315381622368,0,0,0,0,0,0,0,0,NA,NA,SO,2534872,False
2026-27,3367,Jon O'Neill,New Hampshire,-1.0395493353514,-0.405135343789582,-1.44468467914098,0,0,0,0,0,0,0,0,NA,NA,JR,2336174,False
2026-27,3368,Taesyn Slating,UMBC,-0.856672234569868,-0.588032509920895,-1.44470474449076,0,0,0,0,0,0,0,0,NA,NA,FR,208075537,False
2026-27,3369,Marin Petkov,Ohio,-0.486743174090031,-0.959289808783048,-1.44603298287308,0,0,0,0,0,0,0,0,NA,NA,FR,158903927,False
2026-27,3370,Chance Schoenfeld,North Dakota State,-1.00643785299988,-0.439710507778249,-1.44614836077813,0,0,0,0,0,0,0,0,NA,NA,FR,249343057,False
2026-27,3371,Ametri Moss,Le Moyne,-0.664197509104865,-0.782861917143018,-1.44705942624788,0,0,0,0,0,0,0,0,NA,NA,SR,2107340,False
2026-27,3372,Garrett Shoemaker,Southeastern Louisiana,-0.993635777106845,-0.454977904916895,-1.44861368202374,0,0,0,0,0,0,0,0,NA,NA,SO,2545203,False
2026-27,3373,Harrison Beauchamp,Central Arkansas,0.28624267556661,-1.73633292103217,-1.45009024546556,0,0,0,0,0,0,0,0,NA,NA,SO,2559444,False
2026-27,3374,Armon Almuttar,Northwestern State,-1.23402274762476,-0.216142431198602,-1.45016517882336,0,0,0,0,0,0,0,0,NA,NA,FR,44422444,False
2026-27,3375,Karl Poom,North Dakota State,-1.00643785299988,-0.446034728969587,-1.45247258196947,0,0,0,0,0,0,0,0,NA,NA,FR,39890998,False
2026-27,3376,Derrick Florence III,Louisiana-Lafayette,-1.06402771266856,-0.389512548082203,-1.45354026075076,0,0,0,0,0,0,0,0,NA,NA,FR,143533617,False
2026-27,3377,Elijah Garrett,Illinois-Chicago,-1.04189544420584,-0.412184877554145,-1.45408032175998,0,0,0,0,0,0,0,0,NA,NA,FR,90089571,False
2026-27,3378,B.J. Davis-Ray,Northern Kentucky,-0.711930019077211,-0.742737262479683,-1.45466728155689,0,0,0,0,0,0,0,0,NA,NA,SO,2503227,False
2026-27,3379,Dayjaun Anderson,Louisiana-Monroe,-0.693825405140124,-0.76119768176339,-1.45502308690351,0,0,0,0,0,0,0,0,NA,NA,JR,2125312,False
2026-27,3380,Shane Thomas,Creighton,-0.667983244509367,-0.787506178494344,-1.45548942300371,0,0,0,0,0,0,0,0,NA,NA,JR,2113956,False
2026-27,3381,Jax Abalos,Cornell,-0.438369594698309,-1.0173009807688,-1.45567057546711,0,0,0,0,0,0,0,0,NA,NA,SO,2543624,False
2026-27,3382,Chase Byington,Vanderbilt,-1.3564133734792,-0.0996443062190585,-1.45605767969826,0,0,0,0,0,0,0,0,NA,NA,FR,34383306,False
2026-27,3383,Kai Yu,Valparaiso,-1.46672531016782,0.0104383011634967,-1.45628700900433,0,0,0,0,0,0,0,0,NA,NA,JR,2106190,False
2026-27,3384,Samuel Obenjo,Robert Morris,-0.565069188622303,-0.891307746308449,-1.45637693493075,0,0,0,0,0,0,0,0,NA,NA,SO,2504745,False
2026-27,3385,Dio Blakely,Washington State,-0.938513553820592,-0.518083401829816,-1.45659695565041,0,0,0,0,0,0,0,0,NA,NA,SO,2506870,False
2026-27,3386,Alexey Sereda,South Alabama,-1.2882261907603,-0.168706949814059,-1.45693314057436,0,0,0,0,0,0,0,0,NA,NA,FR,251191723,False
2026-27,3387,Josiah Lee,Le Moyne,-0.508001388065974,-0.951085863104971,-1.45908725117094,0,0,0,0,0,0,0,0,NA,NA,SO,2543888,False
2026-27,3388,Colin Stack,North Dakota State,-1.00643785299988,-0.454271174775155,-1.46070902777504,0,0,0,0,0,0,0,0,NA,NA,FR,59558426,False
2026-27,3389,Omer Hamama,Eastern Kentucky,-0.778940972620422,-0.682969558078228,-1.46191053069865,0,0,0,0,0,0,0,0,NA,NA,SO,2550199,False
2026-27,3390,Jakai Sanders,Monmouth,-0.340169858381192,-1.12234269600165,-1.46251255438284,0,0,0,0,0,0,0,0,NA,NA,JR,2319849,False
2026-27,3391,Cole Cloer,Alabama,-1.01801815317917,-0.444941804086339,-1.46295995726551,0,0,0,0,0,0,0,0,NA,NA,FR,109588167,False
2026-27,3392,Jelani McKoy,West Virginia,-0.547758416881122,-0.917469137176743,-1.46522755405787,0,0,0,0,0,0,0,0,NA,NA,FR,66186285,False
2026-27,3393,Asher Elson,Xavier,-1.33008223599659,-0.13541630248295,-1.46549853847954,0,0,0,0,0,0,0,0,NA,NA,FR,3648503,False
2026-27,3394,Brandon Baffone,Delaware,-0.951534127256896,-0.515387890294427,-1.46692201755132,0,0,0,0,0,0,0,0,NA,NA,SR,2144117,False
2026-27,3395,Baylor Allen,Vanderbilt,-1.3564133734792,-0.111438822141765,-1.46785219562097,0,0,0,0,0,0,0,0,NA,NA,FR,100611133,False
2026-27,3396,Mavrick Hawkins,Vanderbilt,-1.3564133734792,-0.112222534860903,-1.46863590834011,0,0,0,0,0,0,0,0,NA,NA,FR,192176714,False
2026-27,3397,Trey Williams,Cornell,-0.723423179266973,-0.745271199681447,-1.46869437894842,0,0,0,0,0,0,0,0,NA,NA,FR,65688222,False
2026-27,3398,Anton Strelnikov,Dartmouth,-1.3543232114744,-0.115571349928512,-1.46989456140291,0,0,0,0,0,0,0,0,NA,NA,SO,2560006,False
2026-27,3399,Jacob Taylor,Charleston Southern,-0.316101121983285,-1.15411507772044,-1.47021619970372,0,0,0,0,0,0,0,0,NA,NA,SO,2474229,False
2026-27,3400,Jibbe Sicking,Missouri-Kansas City,-1.05226687684699,-0.418574683820319,-1.47084156066731,0,0,0,0,0,0,0,0,NA,NA,FR,25848307,False
2026-27,3401,Ousmane Ndour,North Texas,-0.622736112994126,-0.848229318880807,-1.47096543187493,0,0,0,0,0,0,0,0,NA,NA,FR,94789866,False
2026-27,3402,Hudson Lucas,Nevada,-0.968123253587979,-0.503308486633584,-1.47143174022156,0,0,0,0,0,0,0,0,NA,NA,FR,93070329,False
2026-27,3403,Jachai Cantave,New Mexico State,-1.14825604311135,-0.323603054196,-1.47185909730735,0,0,0,0,0,0,0,0,NA,NA,FR,159004479,False
2026-27,3404,Tristan Burth,New Haven,-0.954507030743449,-0.518489066133396,-1.47299609687685,0,0,0,0,0,0,0,0,NA,NA,SO,2531826,False
2026-27,3405,Odartey Blankson,California Baptist,-1.28618473556503,-0.188063527814105,-1.47424826337913,0,0,0,0,0,0,0,0,NA,NA,SO,2483420,False
2026-27,3406,Jules Isebaert,Northern Iowa,-0.947011249599326,-0.528417543021478,-1.4754287926208,0,0,0,0,0,0,0,0,NA,NA,FR,94303238,False
2026-27,3407,Josh Townley-Thomas,South Dakota,-0.940912839288839,-0.534665169120158,-1.475578008409,0,0,0,0,0,0,0,0,NA,NA,SR,2113959,False
2026-27,3408,Luke Ledford,Appalachian State,-0.991568971494036,-0.485594435576773,-1.47716340707081,0,0,0,0,0,0,0,0,NA,NA,SR,2127615,False
2026-27,3409,Marcus Jackson,Mercyhurst,-1.39290411382026,-0.084600320122801,-1.47750443394306,0,0,0,0,0,0,0,0,NA,NA,SR,1917785,False
2026-27,3410,Caeden Hutcherson,Tarleton State,-0.139926165745229,-1.33763627431257,-1.47756244005779,0,0,0,0,0,0,0,0,NA,NA,FR,33090821,False
2026-27,3411,Leek Ateny,Bowling Green,-0.978498130177467,-0.500003137767514,-1.47850126794498,0,0,0,0,0,0,0,0,NA,NA,FR,48812116,False
2026-27,3412,Kyle Cuffe Jr.,St. John's,-0.517528760434394,-0.961026235531685,-1.47855499596608,0,0,0,0,0,0,0,0,NA,NA,SR,1702368,False
2026-27,3413,Donovan Flamer,Saint Joseph's,-1.67661302213677,0.196363580441907,-1.48024944169486,0,0,0,0,0,0,0,0,NA,NA,SO,66589407,False
2026-27,3414,Jaelon Germany,Holy Cross,-1.00033661791782,-0.482475170589862,-1.48281178850769,0,0,0,0,0,0,0,0,NA,NA,FR,173408175,False
2026-27,3415,Jordie Bowens,Ohio,-0.523715247559406,-0.959289808783048,-1.48300505634245,0,0,0,0,0,0,0,0,NA,NA,FR,45880175,False
2026-27,3416,Bryce Baker,Rider,-0.45461510100356,-1.03064439045468,-1.48525949145824,0,0,0,0,0,0,0,0,NA,NA,SR,1931304,False
2026-27,3417,Tavi Jackson,Eastern Washington,-0.949161100800055,-0.538693436370724,-1.48785453717078,0,0,0,0,0,0,0,0,NA,NA,FR,231481830,False
2026-27,3418,Cole Andrews-Heitz,Rice,-0.6192859853676,-0.868706266946935,-1.48799225231454,0,0,0,0,0,0,0,0,NA,NA,SR,2127735,False
2026-27,3419,Caleb Steger,Texas State,-0.674411770974041,-0.813657958188433,-1.48806972916247,0,0,0,0,0,0,0,0,NA,NA,SO,2534675,False
2026-27,3420,MaCarhy Morris,Idaho State,-0.100570077184275,-1.38798723092655,-1.48855730811083,0,0,0,0,0,0,0,0,NA,NA,SO,3747826,False
2026-27,3421,Bryce Darbyshire,Northern Kentucky,-1.50332077153254,0.0138986263162237,-1.48942214521632,0,0,0,0,0,0,0,0,NA,NA,SR,2093194,False
2026-27,3422,Campbell Duncan,Tennessee,-0.807116827498516,-0.68375123302686,-1.49086806052538,0,0,0,0,0,0,0,0,NA,NA,JR,2302226,False
2026-27,3423,Brock Davis,Duke,-0.747000921361583,-0.747000921361583,-1.49400184272317,0,0,0,0,0,0,0,0,NA,NA,SR,2718170,False
2026-27,3424,Nick Arnold,Duke,-0.747000921361583,-0.747000921361583,-1.49400184272317,0,0,0,0,0,0,0,0,NA,NA,FR,222217523,False
2026-27,3425,Isak Homelius,Eastern Washington,-0.949161100800055,-0.544844812616748,-1.4940059134168,0,0,0,0,0,0,0,0,NA,NA,FR,156820622,False
2026-27,3426,Christopher Jones,Georgia State,-0.682673688290085,-0.815187180321441,-1.49786086861153,0,0,0,0,0,0,0,0,NA,NA,SO,2511329,False
2026-27,3427,Malachi Richmond,Eastern Washington,-0.949161100800055,-0.549141689212333,-1.49830279001239,0,0,0,0,0,0,0,0,NA,NA,FR,265770842,False
2026-27,3428,Cooper Haynes,Belmont,-0.821836731716224,-0.678201032216287,-1.50003776393251,0,0,0,0,0,0,0,0,NA,NA,SO,2311330,False
2026-27,3429,Neil Summers,Wyoming,-0.691485982085993,-0.808627809475512,-1.50011379156151,0,0,0,0,0,0,0,0,NA,NA,SO,2506852,False
2026-27,3430,Cole Kirouac,Georgia Tech,-1.58997885684534,0.0892305036209746,-1.50074835322436,0,0,0,0,0,0,0,0,NA,NA,SO,2474264,False
2026-27,3431,Davide Poser,New Hampshire,-0.159409639240924,-1.34163361344598,-1.5010432526869,0,0,0,0,0,0,0,0,NA,NA,SR,2117048,False
2026-27,3432,Ayden Hamilton,Eastern Washington,-0.949161100800055,-0.552733624926923,-1.50189472572698,0,0,0,0,0,0,0,0,NA,NA,FR,58619234,False
2026-27,3433,Deke Thompson,Omaha,-0.603982148200331,-0.898171127142263,-1.50215327534259,0,0,0,0,0,0,0,0,NA,NA,SO,2505173,False
2026-27,3434,Trace Sadler,Southeast Missouri State,-0.84073901427271,-0.663236659846036,-1.50397567411875,0,0,0,0,0,0,0,0,NA,NA,SO,2569017,False
2026-27,3435,Petras Padegimas,Mercer,-0.888218734805814,-0.618475089231448,-1.50669382403726,0,0,0,0,0,0,0,0,NA,NA,JR,2119743,False
2026-27,3436,Lance Horntvedt Jr.,Eastern Washington,-0.949161100800055,-0.558232765344766,-1.50739386614482,0,0,0,0,0,0,0,0,NA,NA,FR,182627876,False
2026-27,3437,Ty Tabales,Bryant,-0.824664530872539,-0.685450916151806,-1.51011544702434,0,0,0,0,0,0,0,0,NA,NA,SO,2481550,False
2026-27,3438,Martin de Laporterie,Drexel,-1.94738418340054,0.43719318869883,-1.51019099470171,0,0,0,0,0,0,0,0,NA,NA,SR,2505025,False
2026-27,3439,Eugene Alvin,Delaware,-0.74096420056574,-0.771761784672567,-1.51272598523831,0,0,0,0,0,0,0,0,NA,NA,SR,2477338,False
2026-27,3440,Isaiah Brown,North Florida,-1.12995410037001,-0.384898786211945,-1.51485288658195,0,0,0,0,0,0,0,0,NA,NA,FR,73171454,False
2026-27,3441,Lucio Martini,Old Dominion,-1.14287015578803,-0.372331381754882,-1.51520153754291,0,0,0,0,0,0,0,0,NA,NA,FR,256262332,False
2026-27,3442,Toby Nwokolo,Toledo,-1.03710784416363,-0.480150431872963,-1.51725827603659,0,0,0,0,0,0,0,0,NA,NA,SO,2488775,False
2026-27,3443,Elliot Tulip,Southern Mississippi,0.319076853800859,-1.83652894051222,-1.51745208671136,0,0,0,0,0,0,0,0,NA,NA,JR,180786838,False
2026-27,3444,Jaden Newell,Jacksonville,-0.943038603060841,-0.575319118360445,-1.51835772142129,0,0,0,0,0,0,0,0,NA,NA,SR,1895176,False
2026-27,3445,Mark Brown,Utah Tech,-0.882932061344986,-0.635684199182457,-1.51861626052744,0,0,0,0,0,0,0,0,NA,NA,SR,2536615,False
2026-27,3446,Trae Nunn,Columbia,-0.750373094830429,-0.770645226577866,-1.52101832140829,0,0,0,0,0,0,0,0,NA,NA,FR,99503633,False
2026-27,3447,Casper Pohto,St. John's,-0.920241716935011,-0.601005487602221,-1.52124720453723,0,0,0,0,0,0,0,0,NA,NA,SO,2538724,False
2026-27,3448,Jayden Taylor,Delaware,-0.898424429315242,-0.626827377275188,-1.52525180659043,0,0,0,0,0,0,0,0,NA,NA,SO,2507042,False
2026-27,3449,Teshaun Steele,New Haven,-0.794433528480156,-0.735051919163737,-1.52948544764389,0,0,0,0,0,0,0,0,NA,NA,SO,2531839,False
2026-27,3450,Brett Wright,Long Beach State,-0.340409101198831,-1.19085589154764,-1.53126499274647,0,0,0,0,0,0,0,0,NA,NA,SO,267499347,False
2026-27,3451,Christian Green,Stephen F. Austin,-1.27850365813204,-0.254979915812208,-1.53348357394425,0,0,0,0,0,0,0,0,NA,NA,SR,2152515,False
2026-27,3452,Markell Alston,UCLA,-1.52370843598534,-0.0123672156660997,-1.53607565165144,0,0,0,0,0,0,0,0,NA,NA,SO,2538274,False
2026-27,3453,Alex Couto,Oral Roberts,-0.637462426718473,-0.899775653443021,-1.53723808016149,0,0,0,0,0,0,0,0,NA,NA,SO,2561367,False
2026-27,3454,David Munro,Merrimack,-1.5418772080783,0.00429585700556476,-1.53758135107273,0,0,0,0,0,0,0,0,NA,NA,SO,2567004,False
2026-27,3455,CJ Harper,Old Dominion,-1.15271999307163,-0.388044345465563,-1.54076433853719,0,0,0,0,0,0,0,0,NA,NA,FR,67403071,False
2026-27,3456,Iker Martinez,Syracuse,-1.21341251320781,-0.331757301652501,-1.54516981486032,0,0,0,0,0,0,0,0,NA,NA,FR,81443905,False
2026-27,3457,Nasir Rodriguez,Fairfield,-1.1592549763547,-0.386090966511953,-1.54534594286665,0,0,0,0,0,0,0,0,NA,NA,SO,2471920,False
2026-27,3458,CJ Lyons,Old Dominion,-1.14847487294641,-0.397072373468524,-1.54554724641493,0,0,0,0,0,0,0,0,NA,NA,FR,241814344,False
2026-27,3459,Michael Cooper,California,-1.32872910538291,-0.217985566259183,-1.54671467164209,0,0,0,0,0,0,0,0,NA,NA,FR,144284564,False
2026-27,3460,Chase Cormier,The Citadel,0.128140182759731,-1.67514096331339,-1.54700078055366,0,0,0,0,0,0,0,0,NA,NA,SR,1889831,False
2026-27,3461,London Praytor,Montana State,-1.46704102454954,-0.0805206713191629,-1.5475616958687,0,0,0,0,0,0,0,0,NA,NA,SO,2488776,False
2026-27,3462,Nick Richart,California Baptist,-1.18316749975648,-0.366543808507249,-1.54971130826373,0,0,0,0,0,0,0,0,NA,NA,SR,2160274,False
2026-27,3463,Spencer Mahoney,Denver,-0.697605674396164,-0.854128992118969,-1.55173466651513,0,0,0,0,0,0,0,0,NA,NA,JR,2093272,False
2026-27,3464,Anton Safin,California Baptist,-1.28618473556503,-0.26583719060324,-1.55202192616827,0,0,0,0,0,0,0,0,NA,NA,FR,187666629,False
2026-27,3465,Carlin Briggs,Portland,-0.929221566698359,-0.623271036906436,-1.55249260360479,0,0,0,0,0,0,0,0,NA,NA,JR,2324513,False
2026-27,3466,David Nejezchleb,Evansville,-1.31925515706352,-0.234187494170948,-1.55344265123447,0,0,0,0,0,0,0,0,NA,NA,FR,16756098,False
2026-27,3467,Victor Okojie,UMass Lowell,-1.49445619144287,-0.0590751457564854,-1.55353133719935,0,0,0,0,0,0,0,0,NA,NA,SO,2550213,False
2026-27,3468,Ace Talbert,Gardner-Webb,-0.997319607854821,-0.556760873756099,-1.55408048161092,0,0,0,0,0,0,0,0,NA,NA,SR,2120004,False
2026-27,3469,Braelon Green,Eastern Michigan,-1.11672754258954,-0.437533381119944,-1.55426092370948,0,0,0,0,0,0,0,0,NA,NA,SR,2110071,False
2026-27,3470,Quinn Peters,Monmouth,-0.965390054969721,-0.590817063805049,-1.55620711877477,0,0,0,0,0,0,0,0,NA,NA,SR,2143424,False
2026-27,3471,Luke Bevilacqua,Lafayette,-1.75851795618245,0.201384446362065,-1.55713350982039,0,0,0,0,0,0,0,0,NA,NA,SO,2536827,False
2026-27,3472,Omar Mowafak,Utah Valley,-0.819649407134325,-0.738074435589973,-1.5577238427243,0,0,0,0,0,0,0,0,NA,NA,FR,29027282,False
2026-27,3473,Cale Barclay,Southern Utah,-0.661600770273269,-0.896771230864822,-1.55837200113809,0,0,0,0,0,0,0,0,NA,NA,SO,2540189,False
2026-27,3474,Isaac Dye,Abilene Christian,-1.02225649873635,-0.536494061987935,-1.55875056072428,0,0,0,0,0,0,0,0,NA,NA,SO,2505143,False
2026-27,3475,Daniel Etiosa James,Central Connecticut,-1.17373721720249,-0.385066296783242,-1.55880351398574,0,0,0,0,0,0,0,0,NA,NA,JR,2509089,False
2026-27,3476,Marko Kovac,California Baptist,-1.28618473556503,-0.272630456336283,-1.55881519190131,0,0,0,0,0,0,0,0,NA,NA,FR,40494405,False
2026-27,3477,Trey Cady,Denver,-0.654114918385509,-0.904925102457008,-1.55904002084252,0,0,0,0,0,0,0,0,NA,NA,SO,2475163,False
2026-27,3478,Deng Deng,Utah Valley,-0.821177769608303,-0.738074435589973,-1.55925220519828,0,0,0,0,0,0,0,0,NA,NA,FR,169764007,False
2026-27,3479,Nyles Howard,Navy,-1.07272762020926,-0.489393953492942,-1.56212157370221,0,0,0,0,0,0,0,0,NA,NA,SR,2119576,False
2026-27,3480,Jael Martin,Cal State Northridge,-1.31003559147041,-0.254846790062738,-1.56488238153315,0,0,0,0,0,0,0,0,NA,NA,SO,2282704,False
2026-27,3481,Jones Lay,Florida,-1.07514486818266,-0.490510328202427,-1.56565519638508,0,0,0,0,0,0,0,0,NA,NA,FR,241390024,False
2026-27,3482,EJ Mosley,Fort Wayne,-0.416675538347119,-1.15016992442387,-1.56684546277099,0,0,0,0,0,0,0,0,NA,NA,SO,2540070,False
2026-27,3483,Sam Johnson,Wright State,-0.741577042044091,-0.825724500519013,-1.5673015425631,0,0,0,0,0,0,0,0,NA,NA,JR,3986448,False
2026-27,3484,Justas Stonkus,California Baptist,-1.28618473556503,-0.281454521320686,-1.56763925688571,0,0,0,0,0,0,0,0,NA,NA,FR,103931552,False
2026-27,3485,Jace Harden,Jacksonville State,-0.854015888731975,-0.713644085506794,-1.56765997423877,0,0,0,0,0,0,0,0,NA,NA,FR,184996817,False
2026-27,3486,Brody Postorino,California Baptist,-1.28618473556503,-0.281826510974515,-1.56801124653954,0,0,0,0,0,0,0,0,NA,NA,FR,105796474,False
2026-27,3487,Gabriel Sularski,California,-1.32872910538291,-0.239337533001006,-1.56806663838391,0,0,0,0,0,0,0,0,NA,NA,FR,170967874,False
2026-27,3488,Jayden Kelsey,Binghamton,-0.63444604535256,-0.934426873629013,-1.56887291898157,0,0,0,0,0,0,0,0,NA,NA,SO,2484758,False
2026-27,3489,Grant Gondrezick II,Jacksonville State,-0.856289654416866,-0.713644085506794,-1.56993373992366,0,0,0,0,0,0,0,0,NA,NA,FR,137727631,False
2026-27,3490,Dehrio McCaskill,SIU Edwardsville,-1.03982012232727,-0.530768841710591,-1.57058896403786,0,0,0,0,0,0,0,0,NA,NA,SO,2506841,False
2026-27,3491,LaDricus Pittman,Drexel,-0.859348740975299,-0.711705742156386,-1.57105448313169,0,0,0,0,0,0,0,0,NA,NA,FR,125514007,False
2026-27,3492,Manning Shareef,Northern Colorado,-0.583625106645613,-0.988462602961527,-1.57208770960714,0,0,0,0,0,0,0,0,NA,NA,FR,142021093,False
2026-27,3493,Theo Gerges,Old Dominion,-1.18344609840915,-0.388672544656188,-1.57211864306534,0,0,0,0,0,0,0,0,NA,NA,FR,230845077,False
2026-27,3494,Jack Sullivan,Yale,-1.4528375900317,-0.119335853926472,-1.57217344395817,0,0,0,0,0,0,0,0,NA,NA,SO,2472184,False
2026-27,3495,Emanuel Richards,Eastern Michigan,-0.780832479973087,-0.791896710521714,-1.5727291904948,0,0,0,0,0,0,0,0,NA,NA,SR,2133732,False
2026-27,3496,Landen Birley,Idaho State,-1.21398535226029,-0.358848196311587,-1.57283354857188,0,0,0,0,0,0,0,0,NA,NA,SO,2472217,False
2026-27,3497,Davian Williams,Prairie View,-0.806344331869718,-0.767513958897591,-1.57385829076731,0,0,0,0,0,0,0,0,NA,NA,JR,2345717,False
2026-27,3498,Josh Hayes,Tarleton State,-1.12730260450648,-0.448218209684493,-1.57552081419098,0,0,0,0,0,0,0,0,NA,NA,SR,2127613,False
2026-27,3499,Sebastian Muchitsch,Utah Valley,-0.837844615757187,-0.738074435589973,-1.57591905134716,0,0,0,0,0,0,0,0,NA,NA,FR,147392088,False
2026-27,3500,Chase Rawlins,UC Davis,-1.03491916989573,-0.541436402120977,-1.5763555720167,0,0,0,0,0,0,0,0,NA,NA,SO,2478326,False
2026-27,3501,Daniel Hansen,California Baptist,-1.28618473556503,-0.29055398877706,-1.57673872434209,0,0,0,0,0,0,0,0,NA,NA,FR,120915535,False
2026-27,3502,Will Gerdes,Northern Iowa,-1.03916215943909,-0.538997439603009,-1.5781595990421,0,0,0,0,0,0,0,0,NA,NA,FR,86021261,False
2026-27,3503,Aidan Richard,Holy Cross,-0.735748972065529,-0.84257229478307,-1.5783212668486,0,0,0,0,0,0,0,0,NA,NA,JR,2299340,False
2026-27,3504,Redek Born,Northern Iowa,-1.04352780618167,-0.53626316003675,-1.57979096621842,0,0,0,0,0,0,0,0,NA,NA,JR,2279658,False
2026-27,3505,Christian Reid,Southern,-1.28267925220932,-0.29757068325335,-1.58024993546267,0,0,0,0,0,0,0,0,NA,NA,FR,60321055,False
2026-27,3506,Trey Shephard,Southern,-1.31361279298433,-0.268447865398219,-1.58206065838255,0,0,0,0,0,0,0,0,NA,NA,SO,2550793,False
2026-27,3507,Randy Livingston Jr.,Texas State,-0.802076278416303,-0.781020772846733,-1.58309705126304,0,0,0,0,0,0,0,0,NA,NA,FR,206424119,False
2026-27,3508,Alijah Curry,Jacksonville State,-0.869671988409009,-0.713644085506794,-1.5833160739158,0,0,0,0,0,0,0,0,NA,NA,FR,237728048,False
2026-27,3509,Calum Rutherfurd,Montana State,-1.0276019827419,-0.556210114040372,-1.58381209678227,0,0,0,0,0,0,0,0,NA,NA,SR,2125469,False
2026-27,3510,Tahj Martin,Wright State,-0.996304344349244,-0.588175175511725,-1.58447951986097,0,0,0,0,0,0,0,0,NA,NA,FR,135326443,False
2026-27,3511,Joshua Dalton,Elon,-0.58039596171042,-1.00409084104301,-1.58448680275343,0,0,0,0,0,0,0,0,NA,NA,SO,2474098,False
2026-27,3512,Dillon Watt,Army,-1.18296461122964,-0.401667286133294,-1.58463189736294,0,0,0,0,0,0,0,0,NA,NA,SO,2483396,False
2026-27,3513,Lukas Sloane,Robert Morris,-1.03037546798261,-0.554862343074488,-1.5852378110571,0,0,0,0,0,0,0,0,NA,NA,FR,236719247,False
2026-27,3514,Panagiotis Pagonis,Drexel,-0.874992082418539,-0.711705742156386,-1.58669782457492,0,0,0,0,0,0,0,0,NA,NA,FR,246339088,False
2026-27,3515,Williams Itumo,Jacksonville State,-0.874036885269972,-0.713644085506794,-1.58768097077677,0,0,0,0,0,0,0,0,NA,NA,FR,87374369,False
2026-27,3516,Jacori Jones,Texas A&M-Corpus Christi,-1.0527847958479,-0.534929341609523,-1.58771413745742,0,0,0,0,0,0,0,0,NA,NA,FR,153581843,False
2026-27,3517,Beau Billingsley,Texas A&M-Corpus Christi,-1.35575794414275,-0.232416274363464,-1.58817421850621,0,0,0,0,0,0,0,0,NA,NA,FR,159648798,False
2026-27,3518,James Goodis,Baylor,-0.922882712667932,-0.665301861833557,-1.58818457450149,0,0,0,0,0,0,0,0,NA,NA,SR,2099638,False
2026-27,3519,Jaden Slaughter,Sacred Heart,-0.441378465999017,-1.14692633489771,-1.58830480089673,0,0,0,0,0,0,0,0,NA,NA,SR,2342516,False
2026-27,3520,Jovan Nekic,Utah Valley,-0.850460523004989,-0.738074435589973,-1.58853495859496,0,0,0,0,0,0,0,0,NA,NA,FR,59295174,False
2026-27,3521,Tallis Toure,Stanford,-1.17138332458686,-0.417166171966522,-1.58854949655338,0,0,0,0,0,0,0,0,NA,NA,JR,2275959,False
2026-27,3522,Jake Hansen,Milwaukee,-1.03306367606212,-0.5605980795046,-1.59366175556672,0,0,0,0,0,0,0,0,NA,NA,SO,2559431,False
2026-27,3523,Evan Cochran,Rice,-1.16646401058418,-0.427439465214156,-1.59390347579834,0,0,0,0,0,0,0,0,NA,NA,SO,2540357,False
2026-27,3524,Zio Kim,Princeton,-1.17797621862815,-0.416475082533447,-1.5944513011616,0,0,0,0,0,0,0,0,NA,NA,JR,2306440,False
2026-27,3525,Jackson Cook,Arizona,-0.9486052928039,-0.646003041885437,-1.59460833468934,0,0,0,0,0,0,0,0,NA,NA,SR,2098980,False
2026-27,3526,Oliver Kullamäe,San Jose State,-0.923512864245698,-0.67166365656283,-1.59517652080853,0,0,0,0,0,0,0,0,NA,NA,FR,267753108,False
2026-27,3527,Amare Guerra,Merrimack,-1.50968347303324,-0.0888065038215874,-1.59848997685483,0,0,0,0,0,0,0,0,NA,NA,FR,26257723,False
2026-27,3528,Yuto Yamanouchi-Williams,Southern Indiana,-1.76761149571936,0.163226368551712,-1.60438512716765,0,0,0,0,0,0,0,0,NA,NA,SR,1948700,False
2026-27,3529,Tajae Jones,Wagner,-1.10770249065319,-0.49706366468789,-1.60476615534108,0,0,0,0,0,0,0,0,NA,NA,JR,2311539,False
2026-27,3530,Ben Michaels,Albany,-0.856109746220459,-0.748729983280177,-1.60483972950064,0,0,0,0,0,0,0,0,NA,NA,JR,2319442,False
2026-27,3531,Bolaji Oderinlo,Robert Morris,-1.06291648721493,-0.543085219972037,-1.60600170718697,0,0,0,0,0,0,0,0,NA,NA,FR,188364048,False
2026-27,3532,Jesse Burris,Ohio,-0.904791610949301,-0.701316603687659,-1.60610821463696,0,0,0,0,0,0,0,0,NA,NA,SO,2316525,False
2026-27,3533,Rickey Paulding III,Drexel,-0.894691171176317,-0.711705742156386,-1.6063969133327,0,0,0,0,0,0,0,0,NA,NA,FR,265418137,False
2026-27,3534,Jonathan Barton,Towson,-1.14658945984591,-0.460046338830626,-1.60663579867654,0,0,0,0,0,0,0,0,NA,NA,SO,2550058,False
2026-27,3535,Nic Hernandez,Jacksonville State,-0.894591685331283,-0.713644085506794,-1.60823577083808,0,0,0,0,0,0,0,0,NA,NA,FR,198741505,False
2026-27,3536,Latief Lorenzano-White,Drexel,-0.897476322171766,-0.711705742156386,-1.60918206432815,0,0,0,0,0,0,0,0,NA,NA,FR,234145533,False
2026-27,3537,Josh Pickett,Long Island,-0.15414264381438,-1.45611540252314,-1.61025804633752,0,0,0,0,0,0,0,0,NA,NA,JR,2306691,False
2026-27,3538,Elijah Hernandez,Arkansas-Pine Bluff,-0.0187132559413637,-1.59178021982636,-1.61049347576772,0,0,0,0,0,0,0,0,NA,NA,SO,69911408,False
2026-27,3539,Stefan Bozhinovski,Robert Morris,-1.05205910368757,-0.558722962931931,-1.6107820666195,0,0,0,0,0,0,0,0,NA,NA,FR,252565976,False
2026-27,3540,Cade Krueger,San Jose State,-0.932938999087363,-0.679289624881534,-1.6122286239689,0,0,0,0,0,0,0,0,NA,NA,FR,229164548,False
2026-27,3541,Mike Williams,Jackson State,-1.12403120634418,-0.488733904257408,-1.61276511060159,0,0,0,0,0,0,0,0,NA,NA,SO,2555640,False
2026-27,3542,Jordan Pickett,SIU Edwardsville,-0.64917624547954,-0.964178076604759,-1.6133543220843,0,0,0,0,0,0,0,0,NA,NA,SR,2134314,False
2026-27,3543,Kaleb Evans,Winthrop,-0.45781170071891,-1.15580807736872,-1.61361977808763,0,0,0,0,0,0,0,0,NA,NA,SO,2547109,False
2026-27,3544,Boston Harker,Utah Tech,-0.976356280451733,-0.637463089078278,-1.61381936953001,0,0,0,0,0,0,0,0,NA,NA,SR,2477851,False
2026-27,3545,TJ Drain,Liberty,-0.903782277250364,-0.711474940210901,-1.61525721746127,0,0,0,0,0,0,0,0,NA,NA,SO,2533261,False
2026-27,3546,Ayden Johnson,Merrimack,-1.53814390827987,-0.077941624071781,-1.61608553235166,0,0,0,0,0,0,0,0,NA,NA,FR,87748636,False
2026-27,3547,Luke Howard,San Jose State,-0.932162875399274,-0.684837600092399,-1.61700047549167,0,0,0,0,0,0,0,0,NA,NA,FR,91721340,False
2026-27,3548,Antonio Baker,Florida A&M,-1.01776472558596,-0.601986228446859,-1.61975095403282,0,0,0,0,0,0,0,0,NA,NA,SR,2589945,False
2026-27,3549,Cash McSweeney,Princeton,-1.31064610127572,-0.309180940929562,-1.61982704220528,0,0,0,0,0,0,0,0,NA,NA,SO,2505010,False
2026-27,3550,Jaden Rogers,South Dakota State,-1.18418034782565,-0.43629016547619,-1.62047051330184,0,0,0,0,0,0,0,0,NA,NA,SO,2504081,False
2026-27,3551,Will Occomy,Robert Morris,-1.06763270294654,-0.552886211347689,-1.62051891429422,0,0,0,0,0,0,0,0,NA,NA,FR,118220208,False
2026-27,3552,Brayden Barrett,San Jose State,-0.953538930285738,-0.667052811085652,-1.62059174137139,0,0,0,0,0,0,0,0,NA,NA,FR,129487800,False
2026-27,3553,Ben Gladieux,Stetson,-0.894034890306971,-0.72682781717224,-1.62086270747921,0,0,0,0,0,0,0,0,NA,NA,JR,2319527,False
2026-27,3554,Dywane Chess,Marist,-1.03609517632104,-0.586492538754819,-1.62258771507586,0,0,0,0,0,0,0,0,NA,NA,FR,33631100,False
2026-27,3555,Matt Mbole,UAB,-1.55691021018078,-0.0659960393208228,-1.6229062495016,0,0,0,0,0,0,0,0,NA,NA,FR,166799643,False
2026-27,3556,JD Bowden,Presbyterian,-1.1921395368615,-0.430790034894788,-1.62292957175629,0,0,0,0,0,0,0,0,NA,NA,SO,2550119,False
2026-27,3557,Rocco Westfield,Merrimack,-1.52692840829933,-0.096228772582391,-1.62315718088172,0,0,0,0,0,0,0,0,NA,NA,FR,35868864,False
2026-27,3558,Jaxson Roberts,Utah Valley,-0.886217354237081,-0.738074435589973,-1.62429178982705,0,0,0,0,0,0,0,0,NA,NA,SO,2543907,False
2026-27,3559,AJ Dixon,Utah Valley,-0.886217354237081,-0.738074435589973,-1.62429178982705,0,0,0,0,0,0,0,0,NA,NA,SR,2273110,False
2026-27,3560,Christian Nitu,McNeese State,-1.45365054849439,-0.17089886118212,-1.62454940967651,0,0,0,0,0,0,0,0,NA,NA,JR,2305485,False
2026-27,3561,Torr Sorensen,Liberty,-1.10018168079444,-0.52481850406523,-1.62500018485967,0,0,0,0,0,0,0,0,NA,NA,SO,2533270,False
2026-27,3562,"AJ Dent, Jr",Nicholls State,-0.824038876462339,-0.801197825778967,-1.62523670224131,0,0,0,0,0,0,0,0,NA,NA,SR,2540328,False
2026-27,3563,Ore Odutayo,Iona,-1.10274780715066,-0.523003902817014,-1.62575170996767,0,0,0,0,0,0,0,0,NA,NA,SO,2474869,False
2026-27,3564,Micah Tannenbaum,Iona,-1.10274780715066,-0.523003902817014,-1.62575170996767,0,0,0,0,0,0,0,0,NA,NA,FR,48549922,False
2026-27,3565,Max Moshinski,Iona,-1.10274780715066,-0.523003902817014,-1.62575170996767,0,0,0,0,0,0,0,0,NA,NA,FR,206542193,False
2026-27,3566,Abram Williams,Iona,-1.10274780715066,-0.523003902817014,-1.62575170996767,0,0,0,0,0,0,0,0,NA,NA,FR,79105084,False
2026-27,3567,Oliver Sassella,Iona,-1.10274780715066,-0.523003902817014,-1.62575170996767,0,0,0,0,0,0,0,0,NA,NA,FR,184445646,False
2026-27,3568,Ismail Habib,Incarnate Word,-0.345119948843056,-1.28067876106024,-1.62579870990329,0,0,0,0,0,0,0,0,NA,NA,SR,2112615,False
2026-27,3569,Khoi Thurmon,Old Dominion,-0.944973575554546,-0.683243405695539,-1.62821698125009,0,0,0,0,0,0,0,0,NA,NA,SR,2143904,False
2026-27,3570,Kam Martin,Denver,-0.305721737330433,-1.32267589463388,-1.62839763196432,0,0,0,0,0,0,0,0,NA,NA,JR,2302578,False
2026-27,3571,Jake Brack,South Dakota,-0.704421425304703,-0.924438779259024,-1.62886020456373,0,0,0,0,0,0,0,0,NA,NA,SR,2119906,False
2026-27,3572,Jordan Blair,Missouri State,-1.3602604462617,-0.268866474222388,-1.62912692048408,0,0,0,0,0,0,0,0,NA,NA,JR,47059396,False
2026-27,3573,Richard Nweke,Columbia,-1.33390515106006,-0.295243842345904,-1.62914899340596,0,0,0,0,0,0,0,0,NA,NA,SR,2096481,False
2026-27,3574,Tim Holliday,UAB,-1.55691021018078,-0.0732071741397439,-1.63011738432052,0,0,0,0,0,0,0,0,NA,NA,FR,11044227,False
2026-27,3575,Mekhi Mason,San Jose State,-0.959520623219895,-0.671085235673327,-1.63060585889322,0,0,0,0,0,0,0,0,NA,NA,FR,224582921,False
2026-27,3576,KJ Martin Jr.,San Jose State,-0.936035113086732,-0.697593142744745,-1.63362825583148,0,0,0,0,0,0,0,0,NA,NA,FR,207098803,False
2026-27,3577,Cross Arias,Western Carolina,-1.07728218538429,-0.5563875736494,-1.63366975903369,0,0,0,0,0,0,0,0,NA,NA,FR,214717266,False
2026-27,3578,Cooper Mueller,Princeton,-1.17797621862815,-0.456143809542056,-1.63412002817021,0,0,0,0,0,0,0,0,NA,NA,SR,2375375,False
2026-27,3579,Imahri Wooten,Rutgers,-0.70430875827483,-0.930351468155613,-1.63466022643044,0,0,0,0,0,0,0,0,NA,NA,FR,204517754,False
2026-27,3580,Dylan Donovan,Robert Morris,-1.07241644772806,-0.562787205472998,-1.63520365320105,0,0,0,0,0,0,0,0,NA,NA,FR,215364253,False
2026-27,3581,Moses Dau Nyangol,San Jose State,-0.964862855655021,-0.67046369094952,-1.63532654660454,0,0,0,0,0,0,0,0,NA,NA,FR,18235919,False
2026-27,3582,Antallah Sandlin-El,UAB,-1.55691021018078,-0.0791159585455798,-1.63602616872636,0,0,0,0,0,0,0,0,NA,NA,FR,226000792,False
2026-27,3583,JP Skoric,Merrimack,-1.53282128595861,-0.1044066405594,-1.63722792651801,0,0,0,0,0,0,0,0,NA,NA,FR,39558944,False
2026-27,3584,Alan Gballou,Eastern Washington,-0.949161100800055,-0.688293939288509,-1.63745504008856,0,0,0,0,0,0,0,0,NA,NA,SO,2550530,False
2026-27,3585,Jacob Moore,Merrimack,-1.53986998567112,-0.0987992693635628,-1.63866925503469,0,0,0,0,0,0,0,0,NA,NA,FR,150085757,False
2026-27,3586,Folabomi Fayemi,Lafayette,-1.22236991123322,-0.416486583674612,-1.63885649490783,0,0,0,0,0,0,0,0,NA,NA,JR,2313881,False
2026-27,3587,Hussain Williams,Coppin State,-0.695130772779122,-0.944141500269741,-1.63927227304886,0,0,0,0,0,0,0,0,NA,NA,SR,2472172,False
2026-27,3588,Cameron Love,Missouri-Kansas City,-1.30018990058348,-0.340546388305184,-1.64073628888866,0,0,0,0,0,0,0,0,NA,NA,FR,177211615,False
2026-27,3589,Riley Dering,Air Force,-1.35652050465658,-0.28428513778448,-1.64080564244106,0,0,0,0,0,0,0,0,NA,NA,SO,2505118,False
2026-27,3590,Anastasios Rozakeas,Mount St. Mary's,-0.806221838054967,-0.836846404230853,-1.64306824228582,0,0,0,0,0,0,0,0,NA,NA,JR,2305484,False
2026-27,3591,AJ Lesburt,Merrimack,-1.54450978962849,-0.100551505244869,-1.64506129487336,0,0,0,0,0,0,0,0,NA,NA,FR,49962397,False
2026-27,3592,Damone King,Eastern Kentucky,-0.878254150847439,-0.767056372443723,-1.64531052329116,0,0,0,0,0,0,0,0,NA,NA,SO,2322230,False
2026-27,3593,Nevin Ibroci,Binghamton,-1.04093612314436,-0.605919013799025,-1.64685513694338,0,0,0,0,0,0,0,0,NA,NA,SO,2329151,False
2026-27,3594,Tom Stoiber,Davidson,-0.915059418644358,-0.73234032705608,-1.64739974570044,0,0,0,0,0,0,0,0,NA,NA,FR,89836607,False
2026-27,3595,Harrison Pickett,Arkansas-Pine Bluff,-1.27979619042526,-0.367712865888849,-1.64750905631411,0,0,0,0,0,0,0,0,NA,NA,SO,2547380,False
2026-27,3596,Jaron Saulsberry,Ole Miss,-1.43776155505842,-0.211318634880571,-1.64908018993899,0,0,0,0,0,0,0,0,NA,NA,FR,6218409,False
2026-27,3597,Rho Omed,Arkansas State,-0.989873733904366,-0.66165526786981,-1.65152900177418,0,0,0,0,0,0,0,0,NA,NA,SO,2685983,False
2026-27,3598,Antonio McKoy,Western Carolina,-1.09766612268708,-0.554428760847239,-1.65209488353432,0,0,0,0,0,0,0,0,NA,NA,FR,120359521,False
2026-27,3599,Cahmai Crosby,Omaha,-0.388480194169976,-1.26373513326552,-1.65221532743549,0,0,0,0,0,0,0,0,NA,NA,SR,2561229,False
2026-27,3600,Chris Walker,Norfolk State,-1.19137194853592,-0.460935740840855,-1.65230768937677,0,0,0,0,0,0,0,0,NA,NA,FR,212145990,False
2026-27,3601,Makai Kvamme,Western Illinois,-1.03399955844724,-0.618430030744267,-1.65242958919151,0,0,0,0,0,0,0,0,NA,NA,SO,2558106,False
2026-27,3602,Miles Mitchell,Norfolk State,-1.19137194853592,-0.461975906333191,-1.65334785486911,0,0,0,0,0,0,0,0,NA,NA,FR,172840543,False
2026-27,3603,Owen Ritger,Furman,-1.17518897569475,-0.4782754975722,-1.65346447326695,0,0,0,0,0,0,0,0,NA,NA,SO,2495561,False
2026-27,3604,Ethan Blackmon,Louisiana Tech,-0.858824791257418,-0.79529084237955,-1.65411563363697,0,0,0,0,0,0,0,0,NA,NA,SR,83376682,False
2026-27,3605,Anthony Fresh,Miami (OH),-1.14207957122116,-0.51224372539446,-1.65432329661562,0,0,0,0,0,0,0,0,NA,NA,FR,45879192,False
2026-27,3606,JD Gossett,Samford,-0.938481944384084,-0.716887881167994,-1.65536982555208,0,0,0,0,0,0,0,0,NA,NA,SO,2524592,False
2026-27,3607,Lawson Lee,Samford,-0.938481944384084,-0.716887881167994,-1.65536982555208,0,0,0,0,0,0,0,0,NA,NA,FR,185056610,False
2026-27,3608,Keziah Ekissi,Cal State Northridge,-0.874409387043239,-0.781364565168753,-1.65577395221199,0,0,0,0,0,0,0,0,NA,NA,JR,2540506,False
2026-27,3609,Alan Horton,Miami (OH),-1.14207957122116,-0.514358497814223,-1.65643806903538,0,0,0,0,0,0,0,0,NA,NA,FR,188517722,False
2026-27,3610,Colin Lamine Ndaw,William & Mary,-0.858103821546494,-0.798497346231397,-1.65660116777789,0,0,0,0,0,0,0,0,NA,NA,JR,2284674,False
2026-27,3611,David Mager,Pepperdine,-0.818862116658475,-0.837841833287076,-1.65670394994555,0,0,0,0,0,0,0,0,NA,NA,SR,1917655,False
2026-27,3612,Keegan Van Kauwenberg,Green Bay,-0.98700114348236,-0.670108618530279,-1.65710976201264,0,0,0,0,0,0,0,0,NA,NA,SO,2505136,False
2026-27,3613,Robbie Long III,Loyola Maryland,-1.38148319259846,-0.275671454005808,-1.65715464660427,0,0,0,0,0,0,0,0,NA,NA,FR,129297869,False
2026-27,3614,Ethan Connery,William & Mary,-0.848411910233904,-0.809102980715454,-1.65751489094936,0,0,0,0,0,0,0,0,NA,NA,SR,2538951,False
2026-27,3615,Jai’chaunn Hayes,Arkansas-Pine Bluff,-0.574174118817863,-1.08500293820134,-1.6591770570192,0,0,0,0,0,0,0,0,NA,NA,SO,2569400,False
2026-27,3616,Keon Mitchell,Norfolk State,-1.19137194853592,-0.468049319618911,-1.65942126815483,0,0,0,0,0,0,0,0,NA,NA,FR,206356862,False
2026-27,3617,Jason Scott,Cal Poly,-0.902941905580831,-0.75751442469072,-1.66045633027155,0,0,0,0,0,0,0,0,NA,NA,SO,2544015,False
2026-27,3618,Ramere Draper,Western Michigan,0.0879712839383636,-1.74851072004528,-1.66053943610691,0,0,0,0,0,0,0,0,NA,NA,SO,173978161,False
2026-27,3619,Afonso Pacheco,Troy,-0.971362671800508,-0.689275136829899,-1.66063780863041,0,0,0,0,0,0,0,0,NA,NA,FR,56361720,False
2026-27,3620,Charles Pugh,Colgate,-1.08908536666623,-0.572792742528509,-1.66187810919474,0,0,0,0,0,0,0,0,NA,NA,SO,2474936,False
2026-27,3621,Michael Parlow,Robert Morris,-1.10978934622359,-0.552623982069926,-1.66241332829352,0,0,0,0,0,0,0,0,NA,NA,FR,8345198,False
2026-27,3622,Ky Pernell,Texas State,-1.11917145599085,-0.543614442895838,-1.66278589888668,0,0,0,0,0,0,0,0,NA,NA,SR,2505172,False
2026-27,3623,Jamese Jordan,Norfolk State,-1.19137194853592,-0.471597231590193,-1.66296918012611,0,0,0,0,0,0,0,0,NA,NA,FR,62509991,False
2026-27,3624,Brady Loughlin,Brown,-0.425529166585039,-1.237598327545,-1.66312749413004,0,0,0,0,0,0,0,0,NA,NA,SO,2478758,False
2026-27,3625,Miles Webb,South Carolina Upstate,-1.10389754211984,-0.560202789070087,-1.66410033118992,0,0,0,0,0,0,0,0,NA,NA,SR,1946942,False
2026-27,3626,Jacob Zhu,Western Carolina,-1.10797402060258,-0.556765301672112,-1.66473932227469,0,0,0,0,0,0,0,0,NA,NA,FR,191524496,False
2026-27,3627,Justin Jones,Norfolk State,-1.19137194853592,-0.473527831790779,-1.6648997803267,0,0,0,0,0,0,0,0,NA,NA,FR,29311928,False
2026-27,3628,Jackson Williams,Duquesne,-1.02925372355574,-0.635707721368642,-1.66496144492438,0,0,0,0,0,0,0,0,NA,NA,FR,3267008,False
2026-27,3629,Devon Arlington,Stonehill,-1.07355242011193,-0.592059836685789,-1.66561225679771,0,0,0,0,0,0,0,0,NA,NA,SR,1949283,False
2026-27,3630,Jerome 'J.C.' Riley Jr.,Norfolk State,-1.19137194853592,-0.474911845333879,-1.6662837938698,0,0,0,0,0,0,0,0,NA,NA,FR,28070483,False
2026-27,3631,Jayme Kontuniemi,Troy,-0.97886121221138,-0.689275136829899,-1.66813634904128,0,0,0,0,0,0,0,0,NA,NA,SO,2474913,False
2026-27,3632,Fola Sodipo,Western Carolina,-1.10093009584073,-0.568554399541229,-1.66948449538196,0,0,0,0,0,0,0,0,NA,NA,FR,258860921,False
2026-27,3633,Willie Piggott Jr.,Troy,-0.980640427968274,-0.689275136829899,-1.66991556479817,0,0,0,0,0,0,0,0,NA,NA,FR,109074240,False
2026-27,3634,Bubz Alvarez,Houston Christian,-0.841114330817275,-0.82933659963158,-1.67045093044886,0,0,0,0,0,0,0,0,NA,NA,JR,2099290,False
2026-27,3635,Courtney Wallace,Yale,-1.22027209174296,-0.450900046995009,-1.67117213873797,0,0,0,0,0,0,0,0,NA,NA,SO,2472186,False
2026-27,3636,Cutter Sisk,Wofford,-1.13273033124333,-0.539339193016336,-1.67206952425967,0,0,0,0,0,0,0,0,NA,NA,FR,18294284,False
2026-27,3637,Aaron Hall II,Southern,-1.3892609620509,-0.284328141984315,-1.67358910403522,0,0,0,0,0,0,0,0,NA,NA,FR,176774290,False
2026-27,3638,Ayomi Odetoyinbo,Colgate,-2.08938169763773,0.413282298735081,-1.67609939890265,0,0,0,0,0,0,0,0,NA,NA,SO,2474938,False
2026-27,3639,Gael Dalmau,Niagara,-1.18927700839068,-0.487360362050259,-1.67663737044094,0,0,0,0,0,0,0,0,NA,NA,SO,2540483,False
2026-27,3640,Misho Kalinov,Wofford,-1.13273033124333,-0.544870373194203,-1.67760070443754,0,0,0,0,0,0,0,0,NA,NA,FR,18374355,False
2026-27,3641,Always Wright,Texas-Rio Grande Valley,-1.00181202469203,-0.676004918804712,-1.67781694349675,0,0,0,0,0,0,0,0,NA,NA,SR,2125951,False
2026-27,3642,Robert Knotts III,Winthrop,-0.523017939435603,-1.15580807736872,-1.67882601680432,0,0,0,0,0,0,0,0,NA,NA,FR,82958317,False
2026-27,3643,Bryson Cardinal,Butler,-0.980094174484636,-0.69925449594234,-1.67934867042698,0,0,0,0,0,0,0,0,NA,NA,SO,2472771,False
2026-27,3644,Leshawn Stowers,Miami (OH),-1.14207957122116,-0.53857339923754,-1.6806529704587,0,0,0,0,0,0,0,0,NA,NA,SO,2543695,False
2026-27,3645,Cauã Pacheco,Troy,-0.991676463781185,-0.689275136829899,-1.68095160061108,0,0,0,0,0,0,0,0,NA,NA,FR,184232118,False
2026-27,3646,Jaevian Alston,Coastal Carolina,-0.896130373014386,-0.785421781406228,-1.68155215442061,0,0,0,0,0,0,0,0,NA,NA,SO,154143929,False
2026-27,3647,Jalen Harper,Rhode Island,-1.28129238393508,-0.401066186133598,-1.68235857006868,0,0,0,0,0,0,0,0,NA,NA,SO,2472925,False
2026-27,3648,Truman Claytor IV,Georgia Southern,-1.12413962186335,-0.559597192475774,-1.68373681433912,0,0,0,0,0,0,0,0,NA,NA,SR,2500899,False
2026-27,3649,Karez Demory,Southern,-1.4042493715724,-0.280288966320802,-1.6845383378932,0,0,0,0,0,0,0,0,NA,NA,FR,124993369,False
2026-27,3650,Jemon Price,Wofford,-1.13273033124333,-0.55227278893214,-1.68500312017547,0,0,0,0,0,0,0,0,NA,NA,FR,109940024,False
2026-27,3651,Akintola Akinniyi,Quinnipiac,-1.02541769057692,-0.660796922259521,-1.68621461283645,0,0,0,0,0,0,0,0,NA,NA,JR,2350374,False
2026-27,3652,Tito Deng,Charleston Southern,-1.71710432766578,0.0304070422781957,-1.68669728538759,0,0,0,0,0,0,0,0,NA,NA,SR,2143486,False
2026-27,3653,Anthony Gause,Prairie View,-0.858988704067989,-0.831287915643178,-1.69027661971117,0,0,0,0,0,0,0,0,NA,NA,JR,2333275,False
2026-27,3654,Karan Kolappa,Cal State Fullerton,-0.760475001614097,-0.929959753836372,-1.69043475545047,0,0,0,0,0,0,0,0,NA,NA,SO,2483454,False
2026-27,3655,Noah Mendy,Florida International,-0.993634167368952,-0.697668130484987,-1.69130229785394,0,0,0,0,0,0,0,0,NA,NA,FR,128951769,False
2026-27,3656,Makoi Mabor Makoi,Mercer,-1.59421338780261,-0.0990035036810394,-1.69321689148364,0,0,0,0,0,0,0,0,NA,NA,JR,2283161,False
2026-27,3657,Liam Dagostino,Stony Brook,-0.918345747287812,-0.77614131888049,-1.6944870661683,0,0,0,0,0,0,0,0,NA,NA,SO,2497956,False
2026-27,3658,Maurice Vassel,North Carolina Central,-1.09771223066601,-0.597254391227403,-1.69496662189341,0,0,0,0,0,0,0,0,NA,NA,JR,2336165,False
2026-27,3659,Tee Harris Jr.,Winthrop,-0.539382288480947,-1.15580807736872,-1.69519036584967,0,0,0,0,0,0,0,0,NA,NA,FR,11424614,False
2026-27,3660,Harrison Reede,Buffalo,0.104700970598745,-1.80004147566902,-1.69534050507028,0,0,0,0,0,0,0,0,NA,NA,SR,2126375,False
2026-27,3661,Isaiah Brown,Howard,-0.923448721903518,-0.772144877970363,-1.69559359987388,0,0,0,0,0,0,0,0,NA,NA,SO,2270226,False
2026-27,3662,Yeshua Kesse-Beda,Fresno State,-1.01200257468406,-0.6837236578501,-1.69572623253416,0,0,0,0,0,0,0,0,NA,NA,FR,230163638,False
2026-27,3663,Eesher Singh Sarai,Winthrop,-0.540207218685191,-1.15580807736872,-1.69601529605391,0,0,0,0,0,0,0,0,NA,NA,FR,26694901,False
2026-27,3664,Race Kowalczyk,Bradley,-0.916521081032989,-0.779982641968348,-1.69650372300134,0,0,0,0,0,0,0,0,NA,NA,FR,47930003,False
2026-27,3665,Oziyah Sellers,SMU,-0.983109073070424,-0.713943200832031,-1.69705227390246,0,0,0,0,0,0,0,0,NA,NA,FR,129400097,True
2026-27,3666,Jakub Szumert,SMU,-0.983109073070424,-0.713943200832031,-1.69705227390246,0,0,0,0,0,0,0,0,NA,NA,FR,268371003,False
2026-27,3667,Vince Dawson III,Morehead State,0.296198013362969,-1.99553291471665,-1.69933490135368,0,0,0,0,0,0,0,0,NA,NA,SO,2550012,False
2026-27,3668,Evan Roberts,Jacksonville,-0.818278151586626,-0.88122752039698,-1.69950567198361,0,0,0,0,0,0,0,0,NA,NA,FR,267577485,False
2026-27,3669,KJ LaMonte,Mercer,-0.911225552627881,-0.793263739699994,-1.70448929232787,0,0,0,0,0,0,0,0,NA,NA,FR,48329920,False
2026-27,3670,Marley Curtis,James Madison,-1.25770361592501,-0.44745979877703,-1.70516341470204,0,0,0,0,0,0,0,0,NA,NA,SO,2506785,False
2026-27,3671,William Kutzler,Princeton,-1.17797621862815,-0.527866140812193,-1.70584235944034,0,0,0,0,0,0,0,0,NA,NA,SR,2589452,False
2026-27,3672,William Higgs,Princeton,-1.17797621862815,-0.527866140812193,-1.70584235944034,0,0,0,0,0,0,0,0,NA,NA,FR,53147530,False
2026-27,3673,Ethan Sabec,Princeton,-1.17797621862815,-0.527866140812193,-1.70584235944034,0,0,0,0,0,0,0,0,NA,NA,FR,46490673,False
2026-27,3674,TJ Crumble,North Texas,-1.16731862622822,-0.540129919976815,-1.70744854620503,0,0,0,0,0,0,0,0,NA,NA,FR,247015450,False
2026-27,3675,Jackson Mosley,Cal Poly,-0.404961795895156,-1.30249831616681,-1.70746011206196,0,0,0,0,0,0,0,0,NA,NA,SR,2120157,False
2026-27,3676,Marko Ljubicic,Lamar,-1.08384254083484,-0.623833501010398,-1.70767604184524,0,0,0,0,0,0,0,0,NA,NA,JR,2351187,False
2026-27,3677,Brandon Roy Jr,Washington,-1.01561251801153,-0.69222589331091,-1.70783841132244,0,0,0,0,0,0,0,0,NA,NA,SO,2533751,False
2026-27,3678,Ilja Kurucs,Georgia Tech,-1.30861497279151,-0.40164593231497,-1.71026090510648,0,0,0,0,0,0,0,0,NA,NA,FR,54902221,False
2026-27,3679,Delyle Williams,Jackson State,-1.4354597402762,-0.274827687583275,-1.71028742785948,0,0,0,0,0,0,0,0,NA,NA,SR,2093926,False
2026-27,3680,Corey Jones,UNC Asheville,-1.12055327372582,-0.590640012638062,-1.71119328636389,0,0,0,0,0,0,0,0,NA,NA,SR,2126402,False
2026-27,3681,Justin Redmond,West Georgia,-0.644546915472014,-1.06665100303934,-1.71119791851136,0,0,0,0,0,0,0,0,NA,NA,JR,2313597,False
2026-27,3682,Armonii Benjamin,Southern,-1.42920145902387,-0.282150634768014,-1.71135209379188,0,0,0,0,0,0,0,0,NA,NA,FR,86750612,False
2026-27,3683,Shaumba Ngoyi,Eastern Washington,-1.37666341429273,-0.336351245600429,-1.71301465989316,0,0,0,0,0,0,0,0,NA,NA,SR,1908672,False
2026-27,3684,Yousaf Ahmad,Saint Louis,-1.04221158275686,-0.670811469924907,-1.71302305268177,0,0,0,0,0,0,0,0,NA,NA,FR,155281813,False
2026-27,3685,Henry Sewell,Portland,-0.958996904273372,-0.754036946228187,-1.71303385050156,0,0,0,0,0,0,0,0,NA,NA,FR,1971030,False
2026-27,3686,Cheikh Ndiaye,Sam Houston State,-1.48507834185039,-0.228309538100808,-1.7133878799512,0,0,0,0,0,0,0,0,NA,NA,JR,2313795,False
2026-27,3687,RJ Nance Jr.,Portland,-0.990866509714979,-0.723690496304956,-1.71455700601993,0,0,0,0,0,0,0,0,NA,NA,FR,97322776,False
2026-27,3688,Zati Loubaki,Utah,-1.19130842415534,-0.526802691406409,-1.71811111556175,0,0,0,0,0,0,0,0,NA,NA,FR,101152176,False
2026-27,3689,Joseph Brown,James Madison,-0.547217132382211,-1.17138558331151,-1.71860271569373,0,0,0,0,0,0,0,0,NA,NA,FR,26323138,False
2026-27,3690,Dylan Moran,Portland,-0.978912996977573,-0.742262164354479,-1.72117516133205,0,0,0,0,0,0,0,0,NA,NA,FR,58507628,False
2026-27,3691,Noah Bendinger,Montana,-0.437762335615959,-1.28343599455174,-1.7211983301677,0,0,0,0,0,0,0,0,NA,NA,SO,2550071,False
2026-27,3692,Jonas Thurman,Arkansas-Little Rock,-1.15261341151563,-0.56877739720209,-1.72139080871772,0,0,0,0,0,0,0,0,NA,NA,FR,7566600,False
2026-27,3693,Dylan Murans,Army,-1.34699256670244,-0.37449990023051,-1.72149246693295,0,0,0,0,0,0,0,0,NA,NA,JR,2347039,False
2026-27,3694,Jasen Brooks,UC San Diego,-1.05573104248532,-0.665768001204815,-1.72149904369013,0,0,0,0,0,0,0,0,NA,NA,SR,2136044,False
2026-27,3695,Kylan Howze,Old Dominion,-1.65158522845652,-0.0704665116513443,-1.72205174010786,0,0,0,0,0,0,0,0,NA,NA,SR,2532397,False
2026-27,3696,Brandon Holmes,Towson,-1.14658945984591,-0.576120336686565,-1.72270979653248,0,0,0,0,0,0,0,0,NA,NA,SO,2550069,False
2026-27,3697,Jaylin Williams Crawford,Towson,-1.14658945984591,-0.576120336686565,-1.72270979653248,0,0,0,0,0,0,0,0,NA,NA,FR,124663680,False
2026-27,3698,Jaxon Hartman,Mount St. Mary's,-1.04161059829077,-0.681171330752567,-1.72278192904334,0,0,0,0,0,0,0,0,NA,NA,JR,2306707,False
2026-27,3699,Matthew Owens,James Madison,-0.552608240915649,-1.17138558331151,-1.72399382422716,0,0,0,0,0,0,0,0,NA,NA,FR,89318592,False
2026-27,3700,Kade Douglas,Tarleton State,-0.253191615458567,-1.4740764090338,-1.72726802449237,0,0,0,0,0,0,0,0,NA,NA,SR,2143515,False
2026-27,3701,Ralph Akuta,Drexel,-1.97844376259968,0.25027299130237,-1.72817077129731,0,0,0,0,0,0,0,0,NA,NA,JR,2307541,False
2026-27,3702,Ethan Sheats,Omaha,-1.21310773330184,-0.516949313140389,-1.73005704644223,0,0,0,0,0,0,0,0,NA,NA,FR,187144927,False
2026-27,3703,Lucas Hobin,Air Force,-0.732272167967015,-0.99803096072154,-1.73030312868855,0,0,0,0,0,0,0,0,NA,NA,SO,2505125,False
2026-27,3704,Malek Archie,Lindenwood,-1.08668242292508,-0.643798291384939,-1.73048071431002,0,0,0,0,0,0,0,0,NA,NA,SO,2317056,False
2026-27,3705,Keyne Costa,South Alabama,-1.4882261907603,-0.242294776167763,-1.73052096692807,0,0,0,0,0,0,0,0,NA,NA,FR,217025758,False
2026-27,3706,Tanner Ostop,Fairfield,-0.899146723581226,-0.831990049371364,-1.73113677295259,0,0,0,0,0,0,0,0,NA,NA,SR,2320346,False
2026-27,3707,Omer Sukur,Portland,-0.980906195356043,-0.751680463904136,-1.73258665926018,0,0,0,0,0,0,0,0,NA,NA,FR,214762609,False
2026-27,3708,Donovan Rivers,Loyola Marymount,-1.65808834896966,-0.0748872404970371,-1.73297558946669,0,0,0,0,0,0,0,0,NA,NA,SR,2143489,False
2026-27,3709,Xinyi Li,Long Island,-1.10483788854316,-0.628256033095805,-1.73309392163896,0,0,0,0,0,0,0,0,NA,NA,SR,2147070,False
2026-27,3710,DeAndre Williams,Maine,-0.797007880866024,-0.936494664285882,-1.73350254515191,0,0,0,0,0,0,0,0,NA,NA,SR,2119926,False
2026-27,3711,AJ Evans,James Madison,-0.562946408110058,-1.17138558331151,-1.73433199142157,0,0,0,0,0,0,0,0,NA,NA,FR,254774399,False
2026-27,3712,Mantas Kocanas,California,-1.69583363940962,-0.0418449383918225,-1.73767857780144,0,0,0,0,0,0,0,0,NA,NA,JR,2321436,False
2026-27,3713,Caleb Hollenbeck,Tennessee Tech,0.347741676727073,-2.08547452673969,-1.73773285001262,0,0,0,0,0,0,0,0,NA,NA,SR,2560959,False
2026-27,3714,Ian Parham Jr.,Texas-Rio Grande Valley,-1.22559018005,-0.512922770562913,-1.73851295061292,0,0,0,0,0,0,0,0,NA,NA,FR,105661038,False
2026-27,3715,Alvin Loving,Yale,-0.96417774920296,-0.774491069463365,-1.73866881866632,0,0,0,0,0,0,0,0,NA,NA,SO,2472182,False
2026-27,3716,Ja'Corey Lipkins,UNC Asheville,-1.00742699578523,-0.733081888671548,-1.74050888445678,0,0,0,0,0,0,0,0,NA,NA,JR,2324377,False
2026-27,3717,Damarion Bonds,Alabama State,-1.00984958193521,-0.73073764668264,-1.74058722861785,0,0,0,0,0,0,0,0,NA,NA,SR,2311736,False
2026-27,3718,Nicolas Ortiz,Illinois-Chicago,-1.12855962469212,-0.612184877554145,-1.74074450224627,0,0,0,0,0,0,0,0,NA,NA,FR,183266958,False
2026-27,3719,Jakhi Calloway,Kent State,-0.937245798857349,-0.804020393511015,-1.74126619236836,0,0,0,0,0,0,0,0,NA,NA,FR,237295119,False
2026-27,3720,Elian Arick,Kent State,-0.937245798857349,-0.804020393511015,-1.74126619236836,0,0,0,0,0,0,0,0,NA,NA,FR,69373267,False
2026-27,3721,Kaia Isaac,Portland,-0.98074337925971,-0.762815323703647,-1.74355870296336,0,0,0,0,0,0,0,0,NA,NA,FR,60590648,False
2026-27,3722,Diego Roman,South Alabama,-1.4882261907603,-0.255687029626339,-1.74391322038664,0,0,0,0,0,0,0,0,NA,NA,FR,226556423,False
2026-27,3723,Chad Moodie,Appalachian State,-1.61326425603822,-0.131113508802427,-1.74437776484065,0,0,0,0,0,0,0,0,NA,NA,SR,2143535,False
2026-27,3724,Manny Johnson,Toledo,-1.23710784416363,-0.507302990552541,-1.74441083471617,0,0,0,0,0,0,0,0,NA,NA,FR,24185407,False
2026-27,3725,Roderick Williams Jr.,South Alabama,-1.4882261907603,-0.257154731574149,-1.74538092233445,0,0,0,0,0,0,0,0,NA,NA,FR,206838745,False
2026-27,3726,Devin Booker,La Salle,-1.13635926082092,-0.609483624150718,-1.74584288497163,0,0,0,0,0,0,0,0,NA,NA,SO,2495574,False
2026-27,3727,Jorge Carot,Pacific,-1.20787638293284,-0.539466724807858,-1.7473431077407,0,0,0,0,0,0,0,0,NA,NA,FR,248451786,False
2026-27,3728,Noah Treadwell,South Carolina State,0.394283131628466,-2.14204859879998,-1.74776546717151,0,0,0,0,0,0,0,0,NA,NA,SO,2557663,False
2026-27,3729,Aedan Lewis,South Alabama,-1.4882261907603,-0.260095234508613,-1.74832142526892,0,0,0,0,0,0,0,0,NA,NA,FR,68005247,False
2026-27,3730,Leland Coleman,Columbia,-1.56928753796742,-0.180065840594882,-1.7493533785623,0,0,0,0,0,0,0,0,NA,NA,JR,2329971,False
2026-27,3731,Davaughn Hueitt,South Alabama,-1.4882261907603,-0.261298950664311,-1.74952514142461,0,0,0,0,0,0,0,0,NA,NA,FR,188223956,False
2026-27,3732,Myles Mayfield,UNC Asheville,-1.25117421809827,-0.499260205209728,-1.750434423308,0,0,0,0,0,0,0,0,NA,NA,SO,2541682,False
2026-27,3733,AJ Fowler,College of Charleston,-0.989254807875924,-0.762207600038261,-1.75146240791419,0,0,0,0,0,0,0,0,NA,NA,SO,2509284,False
2026-27,3734,Jaiden Haynes,Youngstown State,-0.173437900409471,-1.5787072224035,-1.75214512281297,0,0,0,0,0,0,0,0,NA,NA,SO,2541966,False
2026-27,3735,Caleb Crawford,Maine,-1.00516806628337,-0.74713560044894,-1.75230366673231,0,0,0,0,0,0,0,0,NA,NA,JR,2291036,False
2026-27,3736,Karson Rogers,Campbell,-1.26424339775788,-0.489062863926475,-1.75330626168435,0,0,0,0,0,0,0,0,NA,NA,FR,126878213,False
2026-27,3737,Jalen Langsy,South Alabama,-1.4882261907603,-0.265729764065293,-1.7539559548256,0,0,0,0,0,0,0,0,NA,NA,FR,148974691,False
2026-27,3738,Jahseem Felton,Alcorn State,-0.838263028256591,-0.916010283567616,-1.75427331182421,0,0,0,0,0,0,0,0,NA,NA,JR,2315009,False
2026-27,3739,Will Gordon,Northern Colorado,-0.765858753369651,-0.988462602961527,-1.75432135633118,0,0,0,0,0,0,0,0,NA,NA,FR,39972342,False
2026-27,3740,DJ Hudson,Illinois-Chicago,-1.1452540510412,-0.612184877554145,-1.75743892859534,0,0,0,0,0,0,0,0,NA,NA,FR,117029693,False
2026-27,3741,Chaz Watson,Arkansas State,-1.05554504057221,-0.702184726635812,-1.75772976720802,0,0,0,0,0,0,0,0,NA,NA,FR,195191005,False
2026-27,3742,Owen Kenney,South Alabama,-1.4882261907603,-0.271011232854282,-1.75923742361459,0,0,0,0,0,0,0,0,NA,NA,FR,104019904,False
2026-27,3743,Rocco Pagliocca,Illinois-Chicago,-1.14760274587927,-0.612184877554145,-1.75978762343342,0,0,0,0,0,0,0,0,NA,NA,FR,87499829,False
2026-27,3744,Trent Edwards,Morgan State,-1.3701116823139,-0.392968539571482,-1.76308022188538,0,0,0,0,0,0,0,0,NA,NA,SR,2113971,False
2026-27,3745,David Wilson,SIU Edwardsville,-1.41371888031179,-0.351903685574856,-1.76562256588665,0,0,0,0,0,0,0,0,NA,NA,FR,105205294,False
2026-27,3746,Lenni Kunzewitsch,South Alabama,-1.4882261907603,-0.278429924662453,-1.76665611542276,0,0,0,0,0,0,0,0,NA,NA,FR,120887318,False
2026-27,3747,Kaleb Corbitt,Texas-Rio Grande Valley,-1.25360777393569,-0.51451609433729,-1.76812386827297,0,0,0,0,0,0,0,0,NA,NA,FR,62318521,False
2026-27,3748,Parker Pounds,Memphis,-1.38951924634999,-0.378828630246067,-1.76834787659606,0,0,0,0,0,0,0,0,NA,NA,FR,7969383,False
2026-27,3749,Nemanja Popovic,Memphis,-1.38951924634999,-0.378828630246067,-1.76834787659606,0,0,0,0,0,0,0,0,NA,NA,FR,1324721,False
2026-27,3750,Maxim Logue,Memphis,-1.38951924634999,-0.378828630246067,-1.76834787659606,0,0,0,0,0,0,0,0,NA,NA,FR,11575805,False
2026-27,3751,Eric Acker,Northern Kentucky,-0.405648447978766,-1.36390989065812,-1.76955833863688,0,0,0,0,0,0,0,0,NA,NA,SR,2091772,False
2026-27,3752,Terrell Wright,Texas-Rio Grande Valley,-1.24454636886315,-0.525141765055244,-1.76968813391839,0,0,0,0,0,0,0,0,NA,NA,FR,141284662,False
2026-27,3753,Jakari Smith,Arkansas-Little Rock,-1.19244294195056,-0.577273113679606,-1.76971605563017,0,0,0,0,0,0,0,0,NA,NA,FR,212566918,False
2026-27,3754,Josiah Hill,Texas-Rio Grande Valley,-1.23196518435204,-0.537989049187758,-1.7699542335398,0,0,0,0,0,0,0,0,NA,NA,FR,263395371,False
2026-27,3755,Kain McCaskill,SIU Edwardsville,-1.42204989454896,-0.350111098194606,-1.77216099274357,0,0,0,0,0,0,0,0,NA,NA,FR,260823624,False
2026-27,3756,AJ Wright Jr.,Campbell,-1.26424339775788,-0.509300614163791,-1.77354401192167,0,0,0,0,0,0,0,0,NA,NA,FR,42403119,False
2026-27,3757,Chris Uwayo,Texas-Rio Grande Valley,-1.22963110625697,-0.544225662569358,-1.77385676882633,0,0,0,0,0,0,0,0,NA,NA,FR,34660308,False
2026-27,3758,Edwin Suarez Jr.,Temple,-0.795736764316315,-0.978703072658998,-1.77443983697531,0,0,0,0,0,0,0,0,NA,NA,FR,117407223,False
2026-27,3759,Jace Rayl,Purdue,-1.00036933174402,-0.774392205820529,-1.77476153756455,0,0,0,0,0,0,0,0,NA,NA,SR,2106194,False
2026-27,3760,Aaron Powell,Weber State,-0.564055937009248,-1.21085217232584,-1.77490810933509,0,0,0,0,0,0,0,0,NA,NA,JR,2281663,False
2026-27,3761,Sincere Folk,Campbell,-1.26424339775788,-0.511488802489856,-1.77573220024773,0,0,0,0,0,0,0,0,NA,NA,FR,125180521,False
2026-27,3762,Jayden Riley,SIU Edwardsville,-1.4038131379367,-0.372706821056801,-1.77651995899351,0,0,0,0,0,0,0,0,NA,NA,FR,235855321,False
2026-27,3763,Vincent Osazee,Pacific,-1.22975251264289,-0.547002407708395,-1.77675492035128,0,0,0,0,0,0,0,0,NA,NA,FR,76341565,False
2026-27,3764,Malik Johnson,Idaho State,-1.71807254170547,-0.0591100836301476,-1.77718262533562,0,0,0,0,0,0,0,0,NA,NA,SO,184194901,False
2026-27,3765,Ayden Carter,Detroit,-0.455009889206981,-1.32235850476731,-1.7773683939743,0,0,0,0,0,0,0,0,NA,NA,SR,2133468,False
2026-27,3766,John Angau,Campbell,-1.26424339775788,-0.513866787951121,-1.778110185709,0,0,0,0,0,0,0,0,NA,NA,FR,16450586,False
2026-27,3767,EJ Horton,North Texas,-2.35656756248024,0.577201575407231,-1.77936598707301,0,0,0,0,0,0,0,0,NA,NA,SO,2561232,False
2026-27,3768,Bol Thet,Campbell,-1.26424339775788,-0.516383061360767,-1.78062645911864,0,0,0,0,0,0,0,0,NA,NA,FR,197101558,False
2026-27,3769,Tyrese Lacey,Arkansas-Little Rock,-1.17310302241918,-0.608073523976907,-1.78117654639608,0,0,0,0,0,0,0,0,NA,NA,FR,12095198,False
2026-27,3770,Harry Shellhammer,Campbell,-1.26424339775788,-0.517158713884555,-1.78140211164243,0,0,0,0,0,0,0,0,NA,NA,FR,45597741,False
2026-27,3771,Caden Bell,Texas-Rio Grande Valley,-1.26666182499683,-0.514751779750161,-1.78141360474699,0,0,0,0,0,0,0,0,NA,NA,FR,173641023,False
2026-27,3772,Jaeson Blair,Texas-Rio Grande Valley,-1.23912350025297,-0.542342255351295,-1.78146575560427,0,0,0,0,0,0,0,0,NA,NA,FR,13244891,False
2026-27,3773,Ethan Brown,Colgate,-1.08748761707738,-0.694142435506024,-1.7816300525834,0,0,0,0,0,0,0,0,NA,NA,JR,2393355,False
2026-27,3774,Ben Ritger,Campbell,-1.26424339775788,-0.521258276062956,-1.78550167382083,0,0,0,0,0,0,0,0,NA,NA,FR,212540264,False
2026-27,3775,Darius Carr,Texas-Rio Grande Valley,-1.26758803968547,-0.521390058167252,-1.78897809785272,0,0,0,0,0,0,0,0,NA,NA,FR,23718387,False
2026-27,3776,Caden Deffebaugh,New Mexico State,-1.14407122833097,-0.645880262791241,-1.78995149112221,0,0,0,0,0,0,0,0,NA,NA,FR,232613739,False
2026-27,3777,Mario Wooden Jr.,Illinois-Chicago,-1.17846482538065,-0.612184877554145,-1.79064970293479,0,0,0,0,0,0,0,0,NA,NA,FR,142723863,False
2026-27,3778,Liam Dayco-Green,Florida Atlantic,-1.10217968196688,-0.688892294768551,-1.79107197673543,0,0,0,0,0,0,0,0,NA,NA,SO,2313712,False
2026-27,3779,Aleksa Dimitrijevic,Tulsa,-1.24032923009641,-0.551184896796769,-1.79151412689318,0,0,0,0,0,0,0,0,NA,NA,SO,2540179,False
2026-27,3780,Pearse McGuinn,Stonehill,-1.3678516899818,-0.423842401674894,-1.79169409165669,0,0,0,0,0,0,0,0,NA,NA,JR,2305798,False
2026-27,3781,Jordan Gorecki,Texas Southern,-2.00710716962341,0.214964833113099,-1.79214233651031,0,0,0,0,0,0,0,0,NA,NA,SR,2567160,False
2026-27,3782,Jacob Koch,Iowa,-0.896180005060398,-0.896180005060398,-1.7923600101208,0,0,0,0,0,0,0,0,NA,NA,JR,2307601,False
2026-27,3783,Peyton McCollum,Iowa,-0.896180005060398,-0.896180005060398,-1.7923600101208,0,0,0,0,0,0,0,0,NA,NA,SO,2505014,False
2026-27,3784,Cade Orness,Mount St. Mary's,-1.13609765124257,-0.656616519154424,-1.792714170397,0,0,0,0,0,0,0,0,NA,NA,SO,2281214,False
2026-27,3785,Jean-Ernest Boyomo Keedi,Stetson,-0.945911355375819,-0.846963733705629,-1.79287508908145,0,0,0,0,0,0,0,0,NA,NA,FR,183950375,False
2026-27,3786,Micah Moore,Arkansas-Little Rock,-1.20106605906431,-0.595761009064411,-1.79682706812872,0,0,0,0,0,0,0,0,NA,NA,FR,120618979,False
2026-27,3787,Walker Andrews,VMI,-0.726789948685311,-1.07033885985398,-1.79712880853929,0,0,0,0,0,0,0,0,NA,NA,JR,2112511,False
2026-27,3788,Roee Oselka,Arkansas-Little Rock,-1.19831826463576,-0.59942477222424,-1.79774303686,0,0,0,0,0,0,0,0,NA,NA,FR,263120672,False
2026-27,3789,Uchenna Amene,Central Michigan,-0.890095251765086,-0.908641019816651,-1.79873627158174,0,0,0,0,0,0,0,0,NA,NA,SO,2482117,False
2026-27,3790,Nishayne Sharpe,Pacific,-1.23909925695961,-0.56013892731363,-1.79923818427324,0,0,0,0,0,0,0,0,NA,NA,FR,33330432,False
2026-27,3791,Isaiah Kalala,Longwood,-1.62820038698374,-0.171407013792477,-1.79960740077622,0,0,0,0,0,0,0,0,NA,NA,SO,2538826,False
2026-27,3792,Patrick O'Brien,Bucknell,-0.728795977591338,-1.07136304623465,-1.80015902382599,0,0,0,0,0,0,0,0,NA,NA,SR,2113902,False
2026-27,3793,Ali Assran,Cal Poly,-1.9467956054137,0.144401619660684,-1.80239398575301,0,0,0,0,0,0,0,0,NA,NA,SO,2544046,False
2026-27,3794,Lucius Gibson-Savadel,Maryland-Eastern Shore,-1.69394260320691,-0.108611693380813,-1.80255429658772,0,0,0,0,0,0,0,0,NA,NA,SR,2165765,False
2026-27,3795,Logan Threatt,Denver,-0.0725546262433901,-1.73012387127926,-1.80267849752265,0,0,0,0,0,0,0,0,NA,NA,JR,86704417,False
2026-27,3796,Preston Turner,UTSA,-0.712547812092029,-1.09128190455822,-1.80382971665025,0,0,0,0,0,0,0,0,NA,NA,SR,1933319,False
2026-27,3797,Arden Begaj,North Florida,-1.32995410037001,-0.47432158676952,-1.80427568713953,0,0,0,0,0,0,0,0,NA,NA,SO,2282744,False
2026-27,3798,Roman Miller,Stetson,-0.955544844707295,-0.849156383087579,-1.80470122779487,0,0,0,0,0,0,0,0,NA,NA,FR,19180791,False
2026-27,3799,Jax Clark,Utah Tech,-1.21335326395521,-0.591625389370894,-1.8049786533261,0,0,0,0,0,0,0,0,NA,NA,FR,21693390,False
2026-27,3800,Makhi Myles,Stetson,-0.972800576547259,-0.832780730392253,-1.80558130693951,0,0,0,0,0,0,0,0,NA,NA,FR,195211909,False
2026-27,3801,Charles Outlaw,Florida Gulf Coast,-1.21971678895754,-0.586246238983178,-1.80596302794071,0,0,0,0,0,0,0,0,NA,NA,SR,2472225,False
2026-27,3802,Jalen Lyn,Arkansas-Little Rock,-1.19704111346901,-0.609818119038447,-1.80685923250745,0,0,0,0,0,0,0,0,NA,NA,FR,75557732,False
2026-27,3803,Xavier Shegog,West Georgia,-2.01467039448554,0.207446611594303,-1.80722378289124,0,0,0,0,0,0,0,0,NA,NA,JR,2352214,False
2026-27,3804,Isaiah Lewis,Texas A&M-Corpus Christi,-1.55575794414275,-0.252964832344216,-1.80872277648697,0,0,0,0,0,0,0,0,NA,NA,FR,93235075,False
2026-27,3805,Rashawn Tibby,Central Connecticut,-1.35978651604713,-0.4496196250812,-1.80940614112833,0,0,0,0,0,0,0,0,NA,NA,SO,2509094,False
2026-27,3806,Jaxson Terry,Boston University,-1.27548760358509,-0.534619490714247,-1.81010709429933,0,0,0,0,0,0,0,0,NA,NA,FR,142426028,False
2026-27,3807,Callum Smith,Albany,-1.18010436001296,-0.630523650544683,-1.81062801055764,0,0,0,0,0,0,0,0,NA,NA,FR,174464578,False
2026-27,3808,Dorian Grosber,Northeastern,-0.99881476006147,-0.812291485877173,-1.81110624593864,0,0,0,0,0,0,0,0,NA,NA,SO,2548906,False
2026-27,3809,Khayri Dunn,UNC Asheville,-0.114378725693488,-1.6982061103866,-1.81258483608008,0,0,0,0,0,0,0,0,NA,NA,JR,2472410,False
2026-27,3810,Jelani Easter,Boston University,-1.27548760358509,-0.537213456279863,-1.81270105986495,0,0,0,0,0,0,0,0,NA,NA,FR,115349527,False
2026-27,3811,Bankston Pourchier,Stetson,-0.977972158557499,-0.8353232194329,-1.8132953779904,0,0,0,0,0,0,0,0,NA,NA,FR,59319729,False
2026-27,3812,Goap Kodi,Loyola Maryland,-1.72931880585227,-0.0840314435279703,-1.81335024938024,0,0,0,0,0,0,0,0,NA,NA,JR,2281621,False
2026-27,3813,Aaron Fine,Ball State,-1.08181191725403,-0.732444696813162,-1.8142566140672,0,0,0,0,0,0,0,0,NA,NA,SO,2334063,False
2026-27,3814,Tarik Watson,Marist,-1.26015978456575,-0.555451576420443,-1.8156113609862,0,0,0,0,0,0,0,0,NA,NA,JR,2304234,False
2026-27,3815,Brady Conner,Mercyhurst,-1.09451511136202,-0.721588753401534,-1.81610386476355,0,0,0,0,0,0,0,0,NA,NA,SO,2555394,False
2026-27,3816,Vincent Chaudhri,Wake Forest,-1.26794812997434,-0.548177957232119,-1.81612608720646,0,0,0,0,0,0,0,0,NA,NA,SO,2489654,False
2026-27,3817,Maddox Watson,Wake Forest,-1.26794812997434,-0.548177957232119,-1.81612608720646,0,0,0,0,0,0,0,0,NA,NA,FR,100199499,False
2026-27,3818,Aris Rodriguez,Utah Tech,-1.26702502314598,-0.549242092632363,-1.81626711577834,0,0,0,0,0,0,0,0,NA,NA,FR,121743510,False
2026-27,3819,Petros Ragkos,Utah Tech,-1.26026609329264,-0.558410395452138,-1.81867648874478,0,0,0,0,0,0,0,0,NA,NA,FR,15027292,False
2026-27,3820,Tristan Gross,Radford,-0.160687408489047,-1.65894100031508,-1.81962840880413,0,0,0,0,0,0,0,0,NA,NA,SR,2116956,False
2026-27,3821,JD Jones,Florida State,-1.39436038766481,-0.426110708894714,-1.82047109655953,0,0,0,0,0,0,0,0,NA,NA,FR,209143248,False
2026-27,3822,Damon Howard Jr,Tennessee State,-1.10234951231081,-0.718622507293002,-1.82097201960381,0,0,0,0,0,0,0,0,NA,NA,SO,2547124,False
2026-27,3823,Jared Grey,High Point,-1.050535210848,-0.770891765260314,-1.82142697610832,0,0,0,0,0,0,0,0,NA,NA,FR,122632567,False
2026-27,3824,Coen Collier,South Carolina Upstate,-2.25360496543701,0.431700511415696,-1.82190445402131,0,0,0,0,0,0,0,0,NA,NA,SR,2543731,False
2026-27,3825,Alex Zakheim,Boston University,-1.27548760358509,-0.54732221617905,-1.82280981976414,0,0,0,0,0,0,0,0,NA,NA,FR,136893085,False
2026-27,3826,Desmond Kent Jr.,Texas A&M-Corpus Christi,-1.55575794414275,-0.267893923261406,-1.82365186740416,0,0,0,0,0,0,0,0,NA,NA,FR,178946625,False
2026-27,3827,Justin Curry II,Valparaiso,-1.03659552489881,-0.787075579461522,-1.82367110436033,0,0,0,0,0,0,0,0,NA,NA,FR,109229296,False
2026-27,3828,Christian Gilliland,Southern Illinois,-0.955315651871621,-0.869146047278433,-1.82446169915005,0,0,0,0,0,0,0,0,NA,NA,FR,146485685,False
2026-27,3829,CJ Worsham,Texas A&M-Corpus Christi,-1.55575794414275,-0.269334307501114,-1.82509225164386,0,0,0,0,0,0,0,0,NA,NA,FR,258441624,False
2026-27,3830,Owen Mackay,Utah Tech,-1.25857375013563,-0.56663471243536,-1.82520846257099,0,0,0,0,0,0,0,0,NA,NA,FR,196025580,False
2026-27,3831,Ansar Osman,North Alabama,-1.23039147447722,-0.594835914638079,-1.8252273891153,0,0,0,0,0,0,0,0,NA,NA,FR,241427344,False
2026-27,3832,George Washington III,Florida Gulf Coast,-0.845667964835624,-0.979821957496899,-1.82548992233252,0,0,0,0,0,0,0,0,NA,NA,JR,2116342,False
2026-27,3833,Breylon Webb,La Salle,-1.38104178593139,-0.444577531916851,-1.82561931784824,0,0,0,0,0,0,0,0,NA,NA,FR,110626405,False
2026-27,3834,Joost Dalgaard,Boston University,-1.27548760358509,-0.550998739393586,-1.82648634297867,0,0,0,0,0,0,0,0,NA,NA,FR,171945898,False
2026-27,3835,Anquan Boldin Jr.,Stonehill,-1.20278678061519,-0.623826770123086,-1.82661355073827,0,0,0,0,0,0,0,0,NA,NA,SR,2134475,False
2026-27,3836,Hugo Tidare,Lipscomb,-0.861946869300994,-0.965337412628084,-1.82728428192908,0,0,0,0,0,0,0,0,NA,NA,FR,123349034,False
2026-27,3837,EJ Vernon,Boston University,-1.27548760358509,-0.552407329833107,-1.8278949334182,0,0,0,0,0,0,0,0,NA,NA,FR,29135287,False
2026-27,3838,Jackson Kotecki,Miami (OH),-1.5240067826024,-0.304405934589739,-1.82841271719214,0,0,0,0,0,0,0,0,NA,NA,SR,2137343,False
2026-27,3839,Mason Bendinger,Western Michigan,-0.839110464172131,-0.991449372315408,-1.83055983648754,0,0,0,0,0,0,0,0,NA,NA,SR,2543737,False
2026-27,3840,Christian Martin,Massachusetts,-1.09624851164219,-0.735406609823438,-1.83165512146563,0,0,0,0,0,0,0,0,NA,NA,FR,241846157,False
2026-27,3841,Keynan Davis,The Citadel,-1.03288477976177,-0.799236283669032,-1.8321210634308,0,0,0,0,0,0,0,0,NA,NA,SR,2117647,False
2026-27,3842,Ollie Engen,Albany,-1.16826179917925,-0.664100004827168,-1.83236180400642,0,0,0,0,0,0,0,0,NA,NA,FR,6388688,False
2026-27,3843,Pietro Ranieri,Southern Illinois,-0.963401476947133,-0.869146047278433,-1.83254752422557,0,0,0,0,0,0,0,0,NA,NA,FR,45012688,False
2026-27,3844,Jaxson Fugate,Southern Illinois,-0.963437616567246,-0.869146047278433,-1.83258366384568,0,0,0,0,0,0,0,0,NA,NA,FR,72602660,False
2026-27,3845,Damarion Winston,Texas A&M-Corpus Christi,-1.55575794414275,-0.277203417557714,-1.83296136170046,0,0,0,0,0,0,0,0,NA,NA,FR,22505911,False
2026-27,3846,Maxime Carrio,East Texas A&M,-1.17092018437098,-0.662066272010824,-1.83298645638181,0,0,0,0,0,0,0,0,NA,NA,FR,248262609,False
2026-27,3847,Phillip Tillman,Louisiana-Monroe,-1.22174347761838,-0.611342327834587,-1.83308580545297,0,0,0,0,0,0,0,0,NA,NA,FR,262324402,False
2026-27,3848,Davius Loury,Chicago State,-1.30898325619097,-0.524347323411152,-1.83333057960212,0,0,0,0,0,0,0,0,NA,NA,JR,2474926,False
2026-27,3849,Elijah Parker,Central Connecticut,-1.84369172947002,0.00937605163964058,-1.83431567783037,0,0,0,0,0,0,0,0,NA,NA,SO,2509090,False
2026-27,3850,Moustapha Ndao,Albany,-1.21232119708253,-0.623305848445689,-1.83562704552822,0,0,0,0,0,0,0,0,NA,NA,FR,172020435,False
2026-27,3851,Kyle Lemke,Utah Tech,-1.27476454085689,-0.561517181413276,-1.83628172227017,0,0,0,0,0,0,0,0,NA,NA,FR,46551544,False
2026-27,3852,Stephen Osei,Monmouth,-1.04583513636621,-0.790817063805049,-1.83665220017126,0,0,0,0,0,0,0,0,NA,NA,FR,86915805,False
2026-27,3853,Moek Icke,Ohio,-0.878095789073736,-0.959289808783048,-1.83738559785678,0,0,0,0,0,0,0,0,NA,NA,SO,2322227,False
2026-27,3854,Jackson Gulley,North Alabama,-1.24429335894774,-0.593614812509162,-1.83790817145691,0,0,0,0,0,0,0,0,NA,NA,FR,264719259,False
2026-27,3855,Aaron Bliss,Utah Tech,-1.2723524489218,-0.565583341679908,-1.83793579060171,0,0,0,0,0,0,0,0,NA,NA,FR,79009515,False
2026-27,3856,Alex Huguet,Loyola Maryland,-1.30375194004741,-0.534523356340282,-1.83827529638769,0,0,0,0,0,0,0,0,NA,NA,JR,2492286,False
2026-27,3857,Jaelyn Lee,Prairie View,-1.28064086081868,-0.558039466887886,-1.83868032770657,0,0,0,0,0,0,0,0,NA,NA,SR,1895647,False
2026-27,3858,Kaleb Smith,Long Beach State,-1.10971127136903,-0.7306655338907,-1.84037680525973,0,0,0,0,0,0,0,0,NA,NA,SR,1945360,False
2026-27,3859,Jebron Harris,Monmouth,-1.05065519348224,-0.790817063805049,-1.84147225728729,0,0,0,0,0,0,0,0,NA,NA,FR,127762452,False
2026-27,3860,Jarron Talley,North Alabama,-1.23335306517222,-0.608509289223523,-1.84186235439574,0,0,0,0,0,0,0,0,NA,NA,FR,232204358,False
2026-27,3861,Caden Symons,Evansville,-1.30064280126463,-0.541355542224064,-1.8419983434887,0,0,0,0,0,0,0,0,NA,NA,FR,249682816,False
2026-27,3862,Dozie Onyirimba,Kennesaw State,-1.05834042546509,-0.784217940124107,-1.8425583655892,0,0,0,0,0,0,0,0,NA,NA,JR,2334147,False
2026-27,3863,Damarion Vann-Kelly,Pacific,-1.27326481631513,-0.569601714751813,-1.84286653106695,0,0,0,0,0,0,0,0,NA,NA,FR,150569850,False
2026-27,3864,Bobby Montgomery Jr.,Binghamton,-1.24627913480052,-0.59840239747371,-1.84468153227423,0,0,0,0,0,0,0,0,NA,NA,SO,2541838,False
2026-27,3865,Jaxson Whitaker,Central Michigan,1.17604776696822,-3.02158606001457,-1.84553829304635,0,0,0,0,0,0,0,0,NA,NA,JR,2351299,False
2026-27,3866,Isaiah Sutherland,Green Bay,-0.90900224826875,-0.936888204070742,-1.84589045233949,0,0,0,0,0,0,0,0,NA,NA,SO,2506765,False
2026-27,3867,Dylan Perry,Monmouth,-1.05537646627418,-0.790817063805049,-1.84619353007923,0,0,0,0,0,0,0,0,NA,NA,FR,10400454,False
2026-27,3868,Mekhi Wallace,Texas A&M-Corpus Christi,-1.55575794414275,-0.290578467215521,-1.84633641135827,0,0,0,0,0,0,0,0,NA,NA,FR,120632461,False
2026-27,3869,U-Mier Graham,Albany,-1.2018819879434,-0.645137582492771,-1.84701957043617,0,0,0,0,0,0,0,0,NA,NA,FR,62503491,False
2026-27,3870,Brandon Bass Jr.,Florida State,-0.705482370080777,-1.14391841893129,-1.84940078901206,0,0,0,0,0,0,0,0,NA,NA,FR,889189,False
2026-27,3871,EJ King,North Alabama,-1.24214843559493,-0.607603198881331,-1.84975163447626,0,0,0,0,0,0,0,0,NA,NA,FR,16530291,False
2026-27,3872,Stefan Marjanovic,Monmouth,-1.05924144792541,-0.790817063805049,-1.85005851173046,0,0,0,0,0,0,0,0,NA,NA,FR,95934384,False
2026-27,3873,Declan Cutler,Weber State,-1.40554171525779,-0.445562076746644,-1.85110379200443,0,0,0,0,0,0,0,0,NA,NA,JR,2326106,False
2026-27,3874,Will Fowler,Canisius,0.506167155143401,-2.35730062009114,-1.85113346494773,0,0,0,0,0,0,0,0,NA,NA,SO,79173601,False
2026-27,3875,Yanis Ndjonga,Southeastern Louisiana,-1.25335931661071,-0.598773598958997,-1.85213291556971,0,0,0,0,0,0,0,0,NA,NA,FR,80600047,False
2026-27,3876,Chase Dawson,Morehead State,0.9613465251551,-2.81390446145042,-1.85255793629532,0,0,0,0,0,0,0,0,NA,NA,JR,2356455,False
2026-27,3877,Zach Anderson,Sacramento State,-1.01269078590519,-0.841420705733467,-1.85411149163865,0,0,0,0,0,0,0,0,NA,NA,SR,2505219,False
2026-27,3878,Wesly Rosa,Creighton,-0.867983244509367,-0.987506178494344,-1.85548942300371,0,0,0,0,0,0,0,0,NA,NA,FR,158516322,False
2026-27,3879,Ashton McCullough,East Carolina,-1.27685597902334,-0.579522522696406,-1.85637850171975,0,0,0,0,0,0,0,0,NA,NA,FR,80390583,False
2026-27,3880,Casey Jones,Washington State,-1.13851355382059,-0.718083401829816,-1.85659695565041,0,0,0,0,0,0,0,0,NA,NA,FR,134014096,False
2026-27,3881,Dominik Robinson,Washington State,-1.13851355382059,-0.718083401829816,-1.85659695565041,0,0,0,0,0,0,0,0,NA,NA,SO,2506889,False
2026-27,3882,Pedro Sancho Moraga,Washington State,-1.13851355382059,-0.718083401829816,-1.85659695565041,0,0,0,0,0,0,0,0,NA,NA,FR,14848434,False
2026-27,3883,Roman Stathis,Washington State,-1.13851355382059,-0.718083401829816,-1.85659695565041,0,0,0,0,0,0,0,0,NA,NA,FR,207998471,False
2026-27,3884,Gavin Ward,William & Mary,-1.19606995000543,-0.660700491326243,-1.85677044133167,0,0,0,0,0,0,0,0,NA,NA,FR,264393495,False
2026-27,3885,DJ Jackson Jr.,Missouri-Kansas City,-1.08136368882696,-0.775556057819077,-1.85691974664604,0,0,0,0,0,0,0,0,NA,NA,FR,207709390,False
2026-27,3886,Danzelle Bullock Coles,Fairleigh Dickinson,-1.03755823065713,-0.8204444686972,-1.85800269935433,0,0,0,0,0,0,0,0,NA,NA,SO,2549965,False
2026-27,3887,Uchenna Kellman-Nicholes,North Carolina A&T,-0.795119282382739,-1.06307824535386,-1.8581975277366,0,0,0,0,0,0,0,0,NA,NA,SR,2126091,False
2026-27,3888,Brock McClure,Southern Illinois,-0.989075532445922,-0.869146047278433,-1.85822157972436,0,0,0,0,0,0,0,0,NA,NA,FR,159137317,False
2026-27,3889,Christopher Leman,Mercyhurst,-1.06069302121303,-0.798108857480304,-1.85880187869333,0,0,0,0,0,0,0,0,NA,NA,SO,2555372,False
2026-27,3890,Will Feagles,William & Mary,-1.19934079319611,-0.660963193398508,-1.86030398659461,0,0,0,0,0,0,0,0,NA,NA,FR,208113650,False
2026-27,3891,Matas Buteliauskas,Buffalo,-0.901169949251881,-0.959581906424317,-1.8607518556762,0,0,0,0,0,0,0,0,NA,NA,SO,2472147,False
2026-27,3892,Kajus Mikalauskas,UT Arlington,-0.939570237521605,-0.923916901033683,-1.86348713855529,0,0,0,0,0,0,0,0,NA,NA,FR,12258858,False
2026-27,3893,Mai Hong,Tennessee-Martin,-1.28293513751021,-0.582157403590426,-1.86509254110063,0,0,0,0,0,0,0,0,NA,NA,FR,10407728,False
2026-27,3894,Alex Olander,Elon,-1.25680032608122,-0.608344528364219,-1.86514485444544,0,0,0,0,0,0,0,0,NA,NA,JR,2538679,False
2026-27,3895,Brian Carter Jr.,William & Mary,-1.19901031750115,-0.66620118059726,-1.86521149809841,0,0,0,0,0,0,0,0,NA,NA,FR,21747351,False
2026-27,3896,Kason Westphal,Xavier,-1.53008223599659,-0.33541630248295,-1.86549853847954,0,0,0,0,0,0,0,0,NA,NA,SO,2495404,False
2026-27,3897,Harrison Aligbe,Xavier,-1.53008223599659,-0.33541630248295,-1.86549853847954,0,0,0,0,0,0,0,0,NA,NA,FR,53650471,False
2026-27,3898,Maf Ndiaye,North Alabama,-1.25938535124736,-0.606373665236073,-1.86575901648343,0,0,0,0,0,0,0,0,NA,NA,FR,222416749,False
2026-27,3899,Lenny Anigbata,Chattanooga,-1.03975180441008,-0.826439591487622,-1.8661913958977,0,0,0,0,0,0,0,0,NA,NA,FR,67420541,False
2026-27,3900,Jafet Valencia,Delaware,-1.1515341272569,-0.715387890294427,-1.86692201755132,0,0,0,0,0,0,0,0,NA,NA,FR,260011253,False
2026-27,3901,Favour Egbuna,Delaware,-1.1515341272569,-0.715387890294427,-1.86692201755132,0,0,0,0,0,0,0,0,NA,NA,FR,135586335,False
2026-27,3902,Reid Celestin,Queens,-0.487594665369608,-1.38039871209276,-1.86799337746237,0,0,0,0,0,0,0,0,NA,NA,SR,2549967,False
2026-27,3903,Pablo Jimenez,Southeastern Louisiana,-1.25836811482462,-0.610318364814906,-1.86868647963953,0,0,0,0,0,0,0,0,NA,NA,FR,86509571,False
2026-27,3904,Declan Ryan,Holy Cross,-1.03444042299184,-0.834678519952541,-1.86911894294439,0,0,0,0,0,0,0,0,NA,NA,SR,2119933,False
2026-27,3905,Papa Kounta,Albany,-1.21388921228728,-0.65542635689475,-1.86931556918203,0,0,0,0,0,0,0,0,NA,NA,FR,182823186,False
2026-27,3906,Nate Guerengomba,Quinnipiac,-0.515395159537443,-1.35421846429816,-1.86961362383561,0,0,0,0,0,0,0,0,NA,NA,JR,2326231,False
2026-27,3907,Brady Stevens,Notre Dame,-0.768597385027258,-1.10278538607612,-1.87138277110338,0,0,0,0,0,0,0,0,NA,NA,JR,2283118,False
2026-27,3908,TJ Coulter,Nevada,-1.16812325358798,-0.703308486633584,-1.87143174022156,0,0,0,0,0,0,0,0,NA,NA,FR,114368725,False
2026-27,3909,Kade Snyder,Nevada,-1.16812325358798,-0.703308486633584,-1.87143174022156,0,0,0,0,0,0,0,0,NA,NA,FR,30711420,False
2026-27,3910,Cameron Brennan,Colgate,-1.29524655857048,-0.577799343997044,-1.87304590256753,0,0,0,0,0,0,0,0,NA,NA,JR,2334047,False
2026-27,3911,Nikola Janicic,Tennessee-Martin,-1.28992039901394,-0.584641004070978,-1.87456140308491,0,0,0,0,0,0,0,0,NA,NA,FR,124810108,False
2026-27,3912,Daniel Akoue,Southeastern Louisiana,-1.27320710871852,-0.602076230797039,-1.87528333951556,0,0,0,0,0,0,0,0,NA,NA,FR,185840154,False
2026-27,3913,Nick Byrd,William & Mary,-1.2290496016278,-0.647303868014796,-1.87635346964259,0,0,0,0,0,0,0,0,NA,NA,FR,223805433,False
2026-27,3914,Petar Miovic,Albany,-1.21292745067046,-0.66443077348077,-1.87735822415123,0,0,0,0,0,0,0,0,NA,NA,FR,246261576,False
2026-27,3915,Jaheim Nyam,Southeastern Louisiana,-1.27468604738459,-0.6046908279753,-1.87937687535989,0,0,0,0,0,0,0,0,NA,NA,FR,82740748,False
2026-27,3916,Alex Doyle,Stetson,-0.548559077919605,-1.33171725738573,-1.88027633530533,0,0,0,0,0,0,0,0,NA,NA,SR,2116962,False
2026-27,3917,Mykolaus Ivanauskas,Northern Illinois,-1.51914438710046,-0.361605402494048,-1.88074978959451,0,0,0,0,0,0,0,0,NA,NA,JR,2287902,False
2026-27,3918,Kelvin Amoako,Youngstown State,-1.27812292534712,-0.6027059581907,-1.88082888353782,0,0,0,0,0,0,0,0,NA,NA,JR,220499217,False
2026-27,3919,Isaiah Langham,Brown,-1.12412924665133,-0.757062787126205,-1.88119203377754,0,0,0,0,0,0,0,0,NA,NA,SO,2478756,False
2026-27,3920,Mike Broxton Jr.,UTSA,-1.12092897466111,-0.761210509687187,-1.8821394843483,0,0,0,0,0,0,0,0,NA,NA,FR,229066071,False
2026-27,3921,Kaan Onat,Tennessee-Martin,-1.32670783619839,-0.557308506292696,-1.88401634249109,0,0,0,0,0,0,0,0,NA,NA,FR,90765236,False
2026-27,3922,Kanyon Taylor,UTSA,-1.12913855202148,-0.755001774478876,-1.88414032650036,0,0,0,0,0,0,0,0,NA,NA,FR,140100511,False
2026-27,3923,Brandon Domsch,South Dakota,-1.05743718310049,-0.827807991307204,-1.8852451744077,0,0,0,0,0,0,0,0,NA,NA,FR,20434931,False
2026-27,3924,Iliam Fevry,South Dakota,-1.05743718310049,-0.829003118487746,-1.88644030158824,0,0,0,0,0,0,0,0,NA,NA,FR,118240603,False
2026-27,3925,Haki Muhammad II,Southeastern Louisiana,-1.28592330209147,-0.601918171094354,-1.88784147318582,0,0,0,0,0,0,0,0,NA,NA,FR,265237049,False
2026-27,3926,Jayden Teat,Le Moyne,-0.565732632959824,-1.32217908354485,-1.88791171650467,0,0,0,0,0,0,0,0,NA,NA,JR,2102041,False
2026-27,3927,Brock Scholl,Omaha,-1.38853287788019,-0.499397602750619,-1.88793048063081,0,0,0,0,0,0,0,0,NA,NA,SO,2532445,False
2026-27,3928,John Roland Jr.,William & Mary,-1.22455369996621,-0.66412867240789,-1.8886823723741,0,0,0,0,0,0,0,0,NA,NA,FR,97870327,False
2026-27,3929,Liam McChesney,Manhattan,-1.49206139391955,-0.39738425380266,-1.88944564772221,0,0,0,0,0,0,0,0,NA,NA,SR,1319591,False
2026-27,3930,Eddrin Bronson,The Citadel,-0.849752554136626,-1.0406405361482,-1.89039309028482,0,0,0,0,0,0,0,0,NA,NA,JR,2146831,False
2026-27,3931,Ezenwa Nwakamma,New Orleans,-1.33172756192889,-0.558888822071398,-1.89061638400029,0,0,0,0,0,0,0,0,NA,NA,SO,2489659,False
2026-27,3932,Horace Simmons,Rider,-0.823702683687388,-1.06875925702326,-1.89246194071065,0,0,0,0,0,0,0,0,NA,NA,JR,2118848,False
2026-27,3933,Youssouf Yatabare,South Dakota State,-1.79888322600027,-0.094183260374484,-1.89306648637475,0,0,0,0,0,0,0,0,NA,NA,FR,4974289,False
2026-27,3934,Malik Fields,Quinnipiac,-1.03297508516212,-0.860796922259521,-1.89377200742164,0,0,0,0,0,0,0,0,NA,NA,FR,160163301,False
2026-27,3935,Tyler Netolicky,South Dakota,-1.05743718310049,-0.836437409417716,-1.89387459251821,0,0,0,0,0,0,0,0,NA,NA,FR,267769561,False
2026-27,3936,Jackson Skipper,Gardner-Webb,-1.18814265526846,-0.706714518375631,-1.89485717364409,0,0,0,0,0,0,0,0,NA,NA,SR,1925056,False
2026-27,3937,Reid Conley,Tennessee-Martin,-1.28628032161096,-0.609955124577335,-1.89623544618829,0,0,0,0,0,0,0,0,NA,NA,FR,197170647,False
2026-27,3938,Daniel Pauliukonis,Southern Illinois,-1.02781623201878,-0.869146047278433,-1.89696227929721,0,0,0,0,0,0,0,0,NA,NA,SO,2563449,False
2026-27,3939,Hassan Washington,Grambling,-1.85800436620307,-0.0393344186554115,-1.89733878485849,0,0,0,0,0,0,0,0,NA,NA,SR,2543665,False
2026-27,3940,Nsikan Usen,Central Michigan,-1.36804011685854,-0.531788995414945,-1.89982911227349,0,0,0,0,0,0,0,0,NA,NA,SO,2482122,False
2026-27,3941,Chinedum Okpukpara,UTSA,-1.13512840553046,-0.765274029163511,-1.90040243469397,0,0,0,0,0,0,0,0,NA,NA,FR,134762418,False
2026-27,3942,Everett Barnes,Loyola Maryland,-2.03744491518709,0.136465477397463,-1.90097943778963,0,0,0,0,0,0,0,0,NA,NA,SO,2492976,False
2026-27,3943,Chris Richards,William & Mary,-1.21856302594736,-0.683027523321699,-1.90159054926906,0,0,0,0,0,0,0,0,NA,NA,FR,33460326,False
2026-27,3944,Brady Fitzgerald,Green Bay,-1.25312525494507,-0.649029903606373,-1.90215515855144,0,0,0,0,0,0,0,0,NA,NA,SO,2302971,False
2026-27,3945,Tyler Wagner,North Dakota,-0.843458798462341,-1.05943604828574,-1.90289484674808,0,0,0,0,0,0,0,0,NA,NA,SO,2474114,False
2026-27,3946,Clinton Efinda,Canisius,-0.333125435684893,-1.57034001698642,-1.90346545267131,0,0,0,0,0,0,0,0,NA,NA,SR,2321091,False
2026-27,3947,Isaiah Alexander,West Florida,-0.855110671899869,-1.04872211158427,-1.90383278348414,0,0,0,0,0,0,0,0,NA,NA,SO,24963072,False
2026-27,3948,Ali Diouf,Quinnipiac,-1.04322786890054,-0.860796922259521,-1.90402479116006,0,0,0,0,0,0,0,0,NA,NA,FR,145409391,False
2026-27,3949,Caesar Burrows,Lehigh,-1.03970350410958,-0.86440022710024,-1.90410373120982,0,0,0,0,0,0,0,0,NA,NA,SO,2547920,False
2026-27,3950,Ibrahima Traore,Morgan State,-1.45740118492421,-0.446921340745216,-1.90432252566942,0,0,0,0,0,0,0,0,NA,NA,SO,2295791,False
2026-27,3951,Lionel Bell,Southern,-1.98335473845869,0.0769323793051237,-1.90642235915356,0,0,0,0,0,0,0,0,NA,NA,JR,2331473,False
2026-27,3952,Kareem Aburashed,Central Michigan,-1.48842097678848,-0.419100976344236,-1.90752195313272,0,0,0,0,0,0,0,0,NA,NA,SR,2138715,False
2026-27,3953,Cullen Schreiner,Le Moyne,-1.25047243685779,-0.659096507330641,-1.90956894418843,0,0,0,0,0,0,0,0,NA,NA,SO,2472415,False
2026-27,3954,Xavier Istomin-Monroe,Detroit,-1.86111207220239,-0.0487167617887591,-1.90982883399115,0,0,0,0,0,0,0,0,NA,NA,SO,2550401,False
2026-27,3955,Jamias Ferere,Gardner-Webb,-1.23394586629611,-0.678800535817803,-1.91274640211391,0,0,0,0,0,0,0,0,NA,NA,SO,2553893,False
2026-27,3956,Sasha Savkov,Tennessee-Martin,-1.32577274577822,-0.588493156889627,-1.91426590266785,0,0,0,0,0,0,0,0,NA,NA,FR,267157687,False
2026-27,3957,Ras Elijah Godbolt,Fairleigh Dickinson,-0.827590853085373,-1.0878469255078,-1.91543777859318,0,0,0,0,0,0,0,0,NA,NA,SO,2563842,False
2026-27,3958,David Smith,Central Connecticut,-1.32070220167322,-0.595840344867755,-1.91654254654097,0,0,0,0,0,0,0,0,NA,NA,FR,197480181,False
2026-27,3959,Marco Mattucci,Toledo,-1.23710784416363,-0.680150431872963,-1.91725827603659,0,0,0,0,0,0,0,0,NA,NA,FR,20890307,False
2026-27,3960,Chane Bynum,UNC Greensboro,-1.19967532156071,-0.719010395933168,-1.91868571749388,0,0,0,0,0,0,0,0,NA,NA,SO,2540610,False
2026-27,3961,Ousseynou Sambe,Tennessee-Martin,-1.33085305329109,-0.58910094742268,-1.91995400071377,0,0,0,0,0,0,0,0,NA,NA,FR,118775104,False
2026-27,3962,Matt Goodwin,Central Connecticut,-1.29363483182492,-0.626849421641517,-1.92048425346644,0,0,0,0,0,0,0,0,NA,NA,FR,167321990,False
2026-27,3963,Wade Marsh,Presbyterian,-1.38526188092095,-0.535564378863535,-1.92082625978448,0,0,0,0,0,0,0,0,NA,NA,FR,44654751,False
2026-27,3964,Fotis Konstantinidis,St. John's,-1.12024171693501,-0.801005487602221,-1.92124720453723,0,0,0,0,0,0,0,0,NA,NA,SO,2538728,False
2026-27,3965,Michael Masini,Army,-1.3730351912694,-0.548414022840604,-1.92144921411,0,0,0,0,0,0,0,0,NA,NA,FR,218767052,False
2026-27,3966,Parker Henderson,Army,-1.35217755016995,-0.571728785804243,-1.92390633597419,0,0,0,0,0,0,0,0,NA,NA,FR,83483571,False
2026-27,3967,William Jenson,Idaho,-1.34911008369573,-0.574944178836362,-1.92405426253209,0,0,0,0,0,0,0,0,NA,NA,SO,2481332,False
2026-27,3968,Preston Squire,Bowling Green,-1.22504380772918,-0.699780198620639,-1.92482400634982,0,0,0,0,0,0,0,0,NA,NA,SR,2282708,False
2026-27,3969,Darren Moore,South Florida,-1.17759145878189,-0.750978155721689,-1.92856961450358,0,0,0,0,0,0,0,0,NA,NA,FR,197608614,False
2026-27,3970,Carson Gretz,Central Connecticut,-1.33074499927672,-0.599043621190321,-1.92978862046704,0,0,0,0,0,0,0,0,NA,NA,FR,159058735,False
2026-27,3971,Jaylin Payne,Florida International,-1.60621784387936,-0.326189269082805,-1.93240711296217,0,0,0,0,0,0,0,0,NA,NA,SR,2538830,False
2026-27,3972,Sawyer Mayhugh,Mercer,-1.47379529147926,-0.459525856225225,-1.93332114770448,0,0,0,0,0,0,0,0,NA,NA,FR,71434481,False
2026-27,3973,Antoine Almuttar,Northwestern State,-1.3735857374218,-0.561013060402767,-1.93459879782456,0,0,0,0,0,0,0,0,NA,NA,FR,150576011,False
2026-27,3974,Nehemiah Young,Presbyterian,-1.41317396791017,-0.522175698247875,-1.93534966615804,0,0,0,0,0,0,0,0,NA,NA,FR,133551838,False
2026-27,3975,Jordan Hamilton,Texas Southern,-1.2928356042354,-0.642753679066689,-1.93558928330209,0,0,0,0,0,0,0,0,NA,NA,SR,2321366,False
2026-27,3976,Anthon McDermott,Texas,-1.00096728218832,-0.935354383782472,-1.93632166597079,0,0,0,0,0,0,0,0,NA,NA,SO,2305498,False
2026-27,3977,Kiir Kuany,Ohio,-1.51505424936141,-0.42129890683931,-1.93635315620072,0,0,0,0,0,0,0,0,NA,NA,SO,2316497,False
2026-27,3978,Isaiah Walter,UMass Lowell,-1.41874537432165,-0.517827149342449,-1.9365725236641,0,0,0,0,0,0,0,0,NA,NA,SO,2334358,False
2026-27,3979,Damian Jung,Northeastern,-1.12542121641856,-0.812291485877173,-1.93771270229574,0,0,0,0,0,0,0,0,NA,NA,FR,252931448,False
2026-27,3980,"Aaron Price, Jr.",Cal Poly,-1.02209783052518,-0.918157277261088,-1.94025510778627,0,0,0,0,0,0,0,0,NA,NA,SR,1925537,False
2026-27,3981,Jalen Kampen,Central Michigan,-1.01809136583605,-0.924651576324335,-1.94274294216038,0,0,0,0,0,0,0,0,NA,NA,SO,2482118,False
2026-27,3982,Ja’Yon Alexander,The Citadel,-1.23434105188146,-0.708574084918472,-1.94291513679993,0,0,0,0,0,0,0,0,NA,NA,FR,1990957,False
2026-27,3983,Jacari Brim,NC State,-0.996777183621589,-0.94742473041511,-1.9442019140367,0,0,0,0,0,0,0,0,NA,NA,SO,2475539,False
2026-27,3984,Jayden Williams,Georgia Southern,-1.51406054479383,-0.430808084637236,-1.94486862943107,0,0,0,0,0,0,0,0,NA,NA,SO,2472411,False
2026-27,3985,Sage Baptiste,Northeastern,-1.13375284509442,-0.812291485877173,-1.9460443309716,0,0,0,0,0,0,0,0,NA,NA,FR,143439002,False
2026-27,3986,Rylan Parsley,Fresno State,-0.93923563813934,-1.00786214890175,-1.94709778704109,0,0,0,0,0,0,0,0,NA,NA,FR,164227782,False
2026-27,3987,Nigel Thomas,Alcorn State,-1.3669932590095,-0.580370424463912,-1.94736368347342,0,0,0,0,0,0,0,0,NA,NA,SO,2540394,False
2026-27,3988,Benjamin Winker,Indiana,-1.38123644821806,-0.566169117859931,-1.94740556607799,0,0,0,0,0,0,0,0,NA,NA,SO,2483461,False
2026-27,3989,Joshua Ojuri,Maine,-1.64396981673951,-0.303794025739662,-1.94776384247917,0,0,0,0,0,0,0,0,NA,NA,SO,2549985,False
2026-27,3990,Jovan Icitovic,Northeastern,-1.13557620762936,-0.812291485877173,-1.94786769350653,0,0,0,0,0,0,0,0,NA,NA,FR,159906935,False
2026-27,3991,Jacori Ervin,Central Connecticut,-1.35591992449223,-0.592464250057351,-1.94838417454958,0,0,0,0,0,0,0,0,NA,NA,FR,3673522,False
2026-27,3992,Evan Ashe,Binghamton,-1.0978633195253,-0.851607682312163,-1.94947100183746,0,0,0,0,0,0,0,0,NA,NA,SR,2119920,False
2026-27,3993,Ryan Evans,Charlotte,-0.750695103966858,-1.1987832835032,-1.94947838747005,0,0,0,0,0,0,0,0,NA,NA,FR,103335674,False
2026-27,3994,Jhace Johnson,Central Connecticut,-1.35534919850107,-0.59546035125364,-1.95080954975471,0,0,0,0,0,0,0,0,NA,NA,FR,47855120,False
2026-27,3995,Carter Fisk,Villanova,-1.27881629233419,-0.673370397167132,-1.95218668950132,0,0,0,0,0,0,0,0,NA,NA,FR,70990801,False
2026-27,3996,Joao Das Chagas,Sacramento State,-1.68221013181532,-0.270127973615555,-1.95233810543087,0,0,0,0,0,0,0,0,NA,NA,SR,2491803,False
2026-27,3997,Langston Hackworth,Presbyterian,-1.42156024818233,-0.532077131212436,-1.95363737939476,0,0,0,0,0,0,0,0,NA,NA,FR,193261514,False
2026-27,3998,Jaden Ellis,Army,-1.36885440482429,-0.585298011681572,-1.95415241650586,0,0,0,0,0,0,0,0,NA,NA,FR,189630463,False
2026-27,3999,Colin Langdon,Central Connecticut,-1.34097611927861,-0.615015835931791,-1.9559919552104,0,0,0,0,0,0,0,0,NA,NA,FR,217500401,False
2026-27,4000,Miquel Llompart,Mount St. Mary's,-1.03224201832253,-0.923783535506177,-1.95602555382871,0,0,0,0,0,0,0,0,NA,NA,JR,14090362,False
2026-27,4001,Zubayr Griffin,Monmouth,-1.16539005496972,-0.790817063805049,-1.95620711877477,0,0,0,0,0,0,0,0,NA,NA,SO,2567137,False
2026-27,4002,Sebastian Robinson,Texas A&M-Corpus Christi,-1.31295860363569,-0.643274715541225,-1.95623331917691,0,0,0,0,0,0,0,0,NA,NA,SR,2117659,False
2026-27,4003,Danny Houlihan,Northeastern,-1.14441687056133,-0.812291485877173,-1.9567083564385,0,0,0,0,0,0,0,0,NA,NA,FR,153313420,False
2026-27,4004,Dallas Washington,UC Riverside,-1.32661940577148,-0.631028172546396,-1.95764757831788,0,0,0,0,0,0,0,0,NA,NA,SO,2505241,False
2026-27,4005,Jayden Thomas,North Dakota,-1.12177546107327,-0.836605027335574,-1.95838048840885,0,0,0,0,0,0,0,0,NA,NA,FR,52573092,False
2026-27,4006,Drew Barbee,Incarnate Word,-0.960694472910505,-0.999032382473268,-1.95972685538377,0,0,0,0,0,0,0,0,NA,NA,SO,2110175,False
2026-27,4007,Max Booher,Eastern Michigan,-0.329248021125589,-1.63148067446687,-1.96072869559245,0,0,0,0,0,0,0,0,NA,NA,JR,158830043,False
2026-27,4008,Jalen StClair,Delaware State,-1.62585228433809,-0.334910380175691,-1.96076266451378,0,0,0,0,0,0,0,0,NA,NA,SO,2560227,False
2026-27,4009,Alex Massung,Penn,-1.03150993553464,-0.92974129945419,-1.96125123498883,0,0,0,0,0,0,0,0,NA,NA,JR,2313809,False
2026-27,4010,David Jevtic,Fairleigh Dickinson,-0.78475145687408,-1.17730343040398,-1.96205488727806,0,0,0,0,0,0,0,0,NA,NA,SO,2563844,False
2026-27,4011,Ty-Laur Johnson,Tennessee State,-1.18422407315493,-0.77803232126362,-1.96225639441855,0,0,0,0,0,0,0,0,NA,NA,FR,171111764,False
2026-27,4012,Leyton McGovern,Tennessee State,-1.18465731908465,-0.77803232126362,-1.96268964034827,0,0,0,0,0,0,0,0,NA,NA,FR,248797730,False
2026-27,4013,CJ Hyland,Denver,-1.14277514489548,-0.820190466267733,-1.96296561116321,0,0,0,0,0,0,0,0,NA,NA,JR,2283317,False
2026-27,4014,Nate Johnson,Alabama A&M,-1.33758173508577,-0.627018308447134,-1.96460004353291,0,0,0,0,0,0,0,0,NA,NA,JR,2319565,False
2026-27,4015,Alex Kovatchev,Florida,-1.27514486818266,-0.690510328202427,-1.96565519638508,0,0,0,0,0,0,0,0,NA,NA,JR,2119940,False
2026-27,4016,Javante Edwards,Alabama A&M,-0.815487743768451,-1.1503919713668,-1.96587971513525,0,0,0,0,0,0,0,0,NA,NA,SO,2487835,False
2026-27,4017,Daemon Ely,North Dakota,-1.11372520963182,-0.852700555644668,-1.96642576527649,0,0,0,0,0,0,0,0,NA,NA,FR,166013642,False
2026-27,4018,Kaiden Myers,Rice,-1.36646401058418,-0.600714258229455,-1.96717826881364,0,0,0,0,0,0,0,0,NA,NA,FR,52716547,False
2026-27,4019,Keeper Jackson,Georgia State,-0.929678236246713,-1.03769239111389,-1.96737062736061,0,0,0,0,0,0,0,0,NA,NA,FR,66227760,False
2026-27,4020,Hayden Johns,Vermont,-0.68268303789514,-1.28496594734672,-1.96764898524186,0,0,0,0,0,0,0,0,NA,NA,SO,240873586,False
2026-27,4021,Kenan Parrish,Harvard,-1.83815688743891,-0.131001980704194,-1.9691588681431,0,0,0,0,0,0,0,0,NA,NA,SO,2292703,False
2026-27,4022,Jikany Deang,Boise State,-1.34251811337214,-0.62742149024,-1.96993960361214,0,0,0,0,0,0,0,0,NA,NA,FR,2194192,False
2026-27,4023,Ajayi Simmons,Tennessee State,-1.19215495181375,-0.77803232126362,-1.97018727307737,0,0,0,0,0,0,0,0,NA,NA,FR,229847561,False
2026-27,4024,Villiam Garcia Adsten,Maine,-1.95256471828551,-0.0180274628635146,-1.97059218114902,0,0,0,0,0,0,0,0,NA,NA,SR,2110983,False
2026-27,4025,Raphel Laurent,Central Connecticut,-1.35251757433122,-0.618926256903757,-1.97144383123497,0,0,0,0,0,0,0,0,NA,NA,FR,61142786,False
2026-27,4026,Adam Tokpah,Alcorn State,-1.6041386965687,-0.368054041562435,-1.97219273813114,0,0,0,0,0,0,0,0,NA,NA,SO,2472559,False
2026-27,4027,Camden Cerese,Southern Mississippi,-0.543960419604033,-1.42922978091289,-1.97319020051692,0,0,0,0,0,0,0,0,NA,NA,JR,56415395,False
2026-27,4028,Zack Parks,North Dakota,-1.12061755264603,-0.853464314189914,-1.97408186683595,0,0,0,0,0,0,0,0,NA,NA,FR,208391196,False
2026-27,4029,John Simcoe,UC Santa Barbara,-1.10892026540857,-0.866937501247191,-1.97585776665577,0,0,0,0,0,0,0,0,NA,NA,SO,2480420,False
2026-27,4030,Zion Wilburn,Georgia State,-1.33308417545136,-0.643807726592164,-1.97689190204352,0,0,0,0,0,0,0,0,NA,NA,JR,2311621,False
2026-27,4031,Levi Valdo,Northern Iowa,-1.23916215943909,-0.738997439603009,-1.9781595990421,0,0,0,0,0,0,0,0,NA,NA,SO,2481324,False
2026-27,4032,Jaydon Kimbrough,Northern Iowa,-1.23916215943909,-0.738997439603009,-1.9781595990421,0,0,0,0,0,0,0,0,NA,NA,FR,223366499,False
2026-27,4033,Daniel Culberson,Cal State Northridge,-1.21141799250399,-0.768311339663399,-1.97972933216739,0,0,0,0,0,0,0,0,NA,NA,FR,53876193,False
2026-27,4034,Andrija Radojevic,North Dakota,-1.14327085656172,-0.836988392664375,-1.9802592492261,0,0,0,0,0,0,0,0,NA,NA,FR,159978881,False
2026-27,4035,Trevor Best,East Carolina,-0.754647086616948,-1.22643386115026,-1.9810809477672,0,0,0,0,0,0,0,0,NA,NA,JR,2393606,False
2026-27,4036,Zalan Flasar,Rice,-1.36646401058418,-0.614898420077983,-1.98136243066216,0,0,0,0,0,0,0,0,NA,NA,FR,255587109,False
2026-27,4037,Paul Djobet,Texas State,-1.00261272441579,-0.981020772846733,-1.98363349726252,0,0,0,0,0,0,0,0,NA,NA,FR,181601273,False
2026-27,4038,Luke Zuffelato,UC Santa Barbara,-1.11900676434515,-0.864712215688935,-1.98371898003408,0,0,0,0,0,0,0,0,NA,NA,SO,2480417,False
2026-27,4039,PJ Douglas,Wright State,-1.19630434434924,-0.788175175511725,-1.98447951986097,0,0,0,0,0,0,0,0,NA,NA,SO,2472210,False
2026-27,4040,Noah Lewis,Wright State,-1.19630434434924,-0.788175175511725,-1.98447951986097,0,0,0,0,0,0,0,0,NA,NA,FR,155319383,False
2026-27,4041,Terrence Hayes Jr.,Wright State,-1.19630434434924,-0.788175175511725,-1.98447951986097,0,0,0,0,0,0,0,0,NA,NA,FR,182020946,False
2026-27,4042,Landen Northrop,Wright State,-1.19630434434924,-0.788175175511725,-1.98447951986097,0,0,0,0,0,0,0,0,NA,NA,FR,19861130,False
2026-27,4043,Daniel Vieira-Tuck,Tennessee State,-1.20832638775086,-0.77803232126362,-1.98635870901448,0,0,0,0,0,0,0,0,NA,NA,FR,12186953,False
2026-27,4044,Kyler Theophile,Kennesaw State,-1.17696333294175,-0.809485230619207,-1.98644856356096,0,0,0,0,0,0,0,0,NA,NA,FR,116319124,False
2026-27,4045,Garrett Shelton,Tennessee State,-1.20855422821732,-0.77803232126362,-1.98658654948094,0,0,0,0,0,0,0,0,NA,NA,FR,14516150,False
2026-27,4046,John Awoke,Morgan State,-0.354145250662223,-1.63284586839036,-1.98699111905258,0,0,0,0,0,0,0,0,NA,NA,SR,2569022,False
2026-27,4047,Samuel Shoptaw,South Alabama,-1.4882261907603,-0.499538668658425,-1.98776485941873,0,0,0,0,0,0,0,0,NA,NA,SO,2494546,False
2026-27,4048,Matthew Hinton,East Carolina,-1.72863531984995,-0.259274298629955,-1.98790961847991,0,0,0,0,0,0,0,0,NA,NA,FR,240273825,False
2026-27,4049,Carter Evanson,North Dakota,-1.12706835041073,-0.861864152998373,-1.9889325034091,0,0,0,0,0,0,0,0,NA,NA,FR,55740841,False
2026-27,4050,Dasean Lewis,Manhattan,-1.31478837896835,-0.674422805799513,-1.98921118476786,0,0,0,0,0,0,0,0,NA,NA,FR,15398285,False
2026-27,4051,David Abisogun,Texas State,-1.00900802180935,-0.981020772846733,-1.99002879465608,0,0,0,0,0,0,0,0,NA,NA,FR,61287636,False
2026-27,4052,Dušan Eric,Manhattan,-1.32793396920924,-0.662853917665774,-1.99078788687501,0,0,0,0,0,0,0,0,NA,NA,FR,197520347,False
2026-27,4053,Alexander Leeth,Rice,-1.36646401058418,-0.624371691522229,-1.99083570210641,0,0,0,0,0,0,0,0,NA,NA,FR,260322413,False
2026-27,4054,AT Manyuon,Jackson State,-1.54780802226974,-0.443311085384695,-1.99111910765444,0,0,0,0,0,0,0,0,NA,NA,FR,34455258,False
2026-27,4055,Jayden Moore,North Dakota,-1.13092561878132,-0.860596925056855,-1.99152254383818,0,0,0,0,0,0,0,0,NA,NA,FR,219612837,False
2026-27,4056,PJ Farmer,Southeast Missouri State,-1.60617995041834,-0.386349480269999,-1.99252943068834,0,0,0,0,0,0,0,0,NA,NA,SO,2569016,False
2026-27,4057,Zoumana Traore,New Haven,-1.56894381884243,-0.423683629632191,-1.99262744847462,0,0,0,0,0,0,0,0,NA,NA,SO,2531840,False
2026-27,4058,Mitchell Chaffee,North Alabama,-1.39764113264374,-0.596401017031151,-1.9940421496749,0,0,0,0,0,0,0,0,NA,NA,SR,2345971,False
2026-27,4059,Joaquin Rigdon,Arizona,-1.1486052928039,-0.846003041885437,-1.99460833468934,0,0,0,0,0,0,0,0,NA,NA,FR,50772864,False
2026-27,4060,Finley Keeffe,Oklahoma,-0.997349046212716,-0.997349046212716,-1.99469809242543,0,0,0,0,0,0,0,0,NA,NA,SO,2559447,False
2026-27,4061,Ben Moser,Oklahoma,-0.997349046212716,-0.997349046212716,-1.99469809242543,0,0,0,0,0,0,0,0,NA,NA,FR,201764,False
2026-27,4062,Naceiar Kirksey,Cal State Northridge,-1.22734744946157,-0.768311339663399,-1.99565878912497,0,0,0,0,0,0,0,0,NA,NA,FR,84985590,False
2026-27,4063,Ivan Matlekovic,Pacific,-1.52437758984945,-0.471541788837949,-1.9959193786874,0,0,0,0,0,0,0,0,NA,NA,JR,2321291,False
2026-27,4064,Caleb Jones,Queens,-0.616142391317031,-1.38039871209276,-1.99654110340979,0,0,0,0,0,0,0,0,NA,NA,FR,115869330,False
2026-27,4065,Anthony Granger,Fresno State,-1.46070828858574,-0.535910976995633,-1.99661926558137,0,0,0,0,0,0,0,0,NA,NA,FR,209605903,False
2026-27,4066,Adam Squire,New Hampshire,-1.44580399797898,-0.551932678797733,-1.99773667677671,0,0,0,0,0,0,0,0,NA,NA,FR,109937112,False
2026-27,4067,Edouard Benoit,Lehigh,-1.1653377104966,-0.832898675656283,-1.99823638615289,0,0,0,0,0,0,0,0,NA,NA,JR,2313903,False
2026-27,4068,Yesan Warren,Southern Indiana,-1.10501827152371,-0.894640929557889,-1.9996592010816,0,0,0,0,0,0,0,0,NA,NA,JR,2483458,False
2026-27,4069,Noah Slingerland,Niagara,-1.33297584558759,-0.668223203094401,-2.001199048682,0,0,0,0,0,0,0,0,NA,NA,FR,101608432,False
2026-27,4070,Vito Perkovic,Portland,-1.44323848132663,-0.558046352394582,-2.00128483372121,0,0,0,0,0,0,0,0,NA,NA,SO,2480406,False
2026-27,4071,Jahzar Greene,Manhattan,-1.30871647903533,-0.692611612542085,-2.00132809157741,0,0,0,0,0,0,0,0,NA,NA,FR,185985313,False
2026-27,4072,Jeremiah Faumuina,New Hampshire,-1.47576760176296,-0.525667955194614,-2.00143555695758,0,0,0,0,0,0,0,0,NA,NA,FR,45272988,False
2026-27,4073,Finley Billy,Penn,-1.09219511450214,-0.91066680683283,-2.00286192133497,0,0,0,0,0,0,0,0,NA,NA,FR,35215813,False
2026-27,4074,Kaleb Myers,New Hampshire,-1.45307168454645,-0.550032049572469,-2.00310373411892,0,0,0,0,0,0,0,0,NA,NA,FR,184916333,False
2026-27,4075,Sage Hanson,North Dakota,-1.14898634314346,-0.854308000373494,-2.00329434351696,0,0,0,0,0,0,0,0,NA,NA,FR,97398747,False
2026-27,4076,Alex Dupre,Utah Tech,-1.06467493110315,-0.939567024929098,-2.00424195603225,0,0,0,0,0,0,0,0,NA,NA,SO,2333321,False
2026-27,4077,Matthew Casey,American,-1.18766781219478,-0.817986856268614,-2.0056546684634,0,0,0,0,0,0,0,0,NA,NA,SO,2478255,False
2026-27,4078,Ivan Spirov,Tennessee State,-1.22793957339572,-0.77803232126362,-2.00597189465934,0,0,0,0,0,0,0,0,NA,NA,FR,81368884,False
2026-27,4079,Diing Maiwen,Fairleigh Dickinson,-1.20621167308005,-0.800098721088502,-2.00631039416855,0,0,0,0,0,0,0,0,NA,NA,FR,74962047,False
2026-27,4080,Quinn Nielsen,Boston University,-1.48727267589649,-0.519432779123213,-2.00670545501971,0,0,0,0,0,0,0,0,NA,NA,SR,2117649,False
2026-27,4081,Atakan Bicer,Queens,-0.626415009464525,-1.38039871209276,-2.00681372155729,0,0,0,0,0,0,0,0,NA,NA,FR,111196167,False
2026-27,4082,Rich Brisco,Rider,-1.90221470491635,-0.105136724938428,-2.00735142985478,0,0,0,0,0,0,0,0,NA,NA,JR,2266041,False
2026-27,4083,Nnaemeka Ikechi,Army,-1.54699256670244,-0.461266259235465,-2.00825882593791,0,0,0,0,0,0,0,0,NA,NA,JR,2357307,False
2026-27,4084,Gio Sanford,Southeastern Louisiana,-0.950540711942228,-1.06060190077043,-2.01114261271266,0,0,0,0,0,0,0,0,NA,NA,SO,2481548,False
2026-27,4085,Josh Osayanrhion,Queens,-0.630864051466551,-1.38039871209276,-2.01126276355931,0,0,0,0,0,0,0,0,NA,NA,FR,29451012,False
2026-27,4086,Carl Daughtery Jr.,Missouri-Kansas City,-0.576902600935719,-1.43503880233651,-2.01194140327223,0,0,0,0,0,0,0,0,NA,NA,SR,1908345,False
2026-27,4087,Anthony Andrews,Texas Southern,-0.879657331045673,-1.13357398392759,-2.01323131497326,0,0,0,0,0,0,0,0,NA,NA,SO,2567159,False
2026-27,4088,Presley Patterson,Tennessee State,-1.23561042283523,-0.77803232126362,-2.01364274409885,0,0,0,0,0,0,0,0,NA,NA,FR,98433391,False
2026-27,4089,Elijah Summers-Livingston,Youngstown State,-1.25262626838071,-0.761099134156196,-2.0137254025369,0,0,0,0,0,0,0,0,NA,NA,FR,133558253,False
2026-27,4090,Amari Jedkins,Montana,-1.60024533003287,-0.414068609717225,-2.0143139397501,0,0,0,0,0,0,0,0,NA,NA,SR,1890557,False
2026-27,4091,Keriawn Berry,Kennesaw State,-1.50233536011015,-0.512722095412587,-2.01505745552273,0,0,0,0,0,0,0,0,NA,NA,FR,21789859,False
2026-27,4092,Sam Parson,New Orleans,-1.27386436836568,-0.742117249868314,-2.015981618234,0,0,0,0,0,0,0,0,NA,NA,FR,4766428,False
2026-27,4093,Matthew Sullivan,Queens,-0.636510397091754,-1.38039871209276,-2.01690910918452,0,0,0,0,0,0,0,0,NA,NA,FR,238890512,False
2026-27,4094,Isaac Johnson,Manhattan,-1.35636300136929,-0.660753867538368,-2.01711686890766,0,0,0,0,0,0,0,0,NA,NA,FR,252629923,False
2026-27,4095,Dean Hogans,American,-1.02915761255828,-0.988973020103238,-2.01813063266152,0,0,0,0,0,0,0,0,NA,NA,SO,2478264,False
2026-27,4096,Parth Miglani,New Hampshire,-1.49503380513453,-0.523886230746,-2.01892003588053,0,0,0,0,0,0,0,0,NA,NA,FR,89699079,False
2026-27,4097,Alfredo Addesa,Lehigh,-1.78605049671553,-0.232930376045155,-2.01898087276068,0,0,0,0,0,0,0,0,NA,NA,JR,2313904,False
2026-27,4098,Austin Ratliff,Fairleigh Dickinson,-1.21693080630777,-0.802399317785398,-2.01933012409317,0,0,0,0,0,0,0,0,NA,NA,FR,239100759,False
2026-27,4099,Giannis Asimakopoulos,Sacramento State,-1.31307496607336,-0.706461955776797,-2.01953692185016,0,0,0,0,0,0,0,0,NA,NA,FR,209690058,False
2026-27,4100,Grant Whitaker,Bellarmine,-0.896501087429561,-1.12311403287373,-2.01961512030329,0,0,0,0,0,0,0,0,NA,NA,SR,2140007,False
2026-27,4101,Aiden Goins,Bowling Green,-1.67322118524854,-0.347115071511836,-2.02033625676038,0,0,0,0,0,0,0,0,NA,NA,SR,2472552,False
2026-27,4102,Owen Gray,Navy,-1.43627021665325,-0.585012915035766,-2.02128313168902,0,0,0,0,0,0,0,0,NA,NA,JR,2321147,False
2026-27,4103,Ben Winker,Cal State Fullerton,-1.09140193008764,-0.929959753836372,-2.02136168392401,0,0,0,0,0,0,0,0,NA,NA,FR,165654290,False
2026-27,4104,Anthony Pacciarelli,Manhattan,-1.33304994178731,-0.68890053272051,-2.02195047450782,0,0,0,0,0,0,0,0,NA,NA,FR,9766572,False
2026-27,4105,Jaydon Awe,New Orleans,-1.29634227191815,-0.725679296530661,-2.02202156844881,0,0,0,0,0,0,0,0,NA,NA,FR,99783014,False
2026-27,4106,Owen Augunas,Georgia State,-1.02794289161722,-0.99462722146788,-2.0225701130851,0,0,0,0,0,0,0,0,NA,NA,FR,7770759,False
2026-27,4107,MAXIMO GARCIA-PLATA NIETO,Incarnate Word,-1.06540611833053,-0.957611301129741,-2.02301741946027,0,0,0,0,0,0,0,0,NA,NA,SO,2550799,False
2026-27,4108,Rafayel Masumyan,Evansville,-1.46710203766215,-0.556644328293318,-2.02374636595546,0,0,0,0,0,0,0,0,NA,NA,FR,205246012,False
2026-27,4109,Solomon Ominu,New Orleans,-1.28846079305109,-0.735732202522735,-2.02419299557382,0,0,0,0,0,0,0,0,NA,NA,FR,75516656,False
2026-27,4110,Drew Grimes,Liberty,-1.30018168079444,-0.72481850406523,-2.02500018485967,0,0,0,0,0,0,0,0,NA,NA,SO,2533262,False
2026-27,4111,Sean Register Jr.,Liberty,-1.30018168079444,-0.72481850406523,-2.02500018485967,0,0,0,0,0,0,0,0,NA,NA,FR,118205397,False
2026-27,4112,Karmello Branch,Bethune-Cookman,-0.735982889253229,-1.29067615527833,-2.02665904453156,0,0,0,0,0,0,0,0,NA,NA,SR,2555653,False
2026-27,4113,Jacob Wrencher,Central Michigan,-1.41967417069588,-0.607662941429537,-2.02733711212541,0,0,0,0,0,0,0,0,NA,NA,FR,77299223,False
2026-27,4114,Vophcy Prophete,Fairleigh Dickinson,-1.24071058523815,-0.786957452256145,-2.02766803749429,0,0,0,0,0,0,0,0,NA,NA,FR,56447988,False
2026-27,4115,Junior Kemm,Evansville,-1.47151815258568,-0.556292268800679,-2.02781042138636,0,0,0,0,0,0,0,0,NA,NA,FR,217390697,False
2026-27,4116,Mike Price,Chicago State,-0.75000945689616,-1.27810933559312,-2.02811879248928,0,0,0,0,0,0,0,0,NA,NA,SO,2303083,False
2026-27,4117,Tyler Husband,Jackson State,-1.54789342038286,-0.480615905193907,-2.02850932557676,0,0,0,0,0,0,0,0,NA,NA,FR,179328720,False
2026-27,4118,Samuele Miccoli,Niagara,-1.18320332286276,-0.845335744687861,-2.02853906755062,0,0,0,0,0,0,0,0,NA,NA,FR,217228636,False
2026-27,4119,Andrej Acimovic,Missouri State,-1.5602604462617,-0.468866474222387,-2.02912692048408,0,0,0,0,0,0,0,0,NA,NA,SO,2506600,False
2026-27,4120,Kevin Stubblefield Jr,Missouri State,-1.5602604462617,-0.468866474222387,-2.02912692048408,0,0,0,0,0,0,0,0,NA,NA,FR,214815626,False
2026-27,4121,Ngundeng Ruey,Missouri State,-1.5602604462617,-0.468866474222387,-2.02912692048408,0,0,0,0,0,0,0,0,NA,NA,FR,20676220,False
2026-27,4122,Matt Gray,Missouri State,-1.5602604462617,-0.468866474222387,-2.02912692048408,0,0,0,0,0,0,0,0,NA,NA,FR,38548356,False
2026-27,4123,Kuol Kuol,Missouri State,-1.5602604462617,-0.468866474222387,-2.02912692048408,0,0,0,0,0,0,0,0,NA,NA,FR,182418787,False
2026-27,4124,Leano Rolle,Missouri State,-1.5602604462617,-0.468866474222387,-2.02912692048408,0,0,0,0,0,0,0,0,NA,NA,FR,235448419,False
2026-27,4125,Amare Oba,Missouri State,-1.5602604462617,-0.468866474222387,-2.02912692048408,0,0,0,0,0,0,0,0,NA,NA,FR,209685452,False
2026-27,4126,Dylan Rowe,Missouri State,-1.5602604462617,-0.468866474222387,-2.02912692048408,0,0,0,0,0,0,0,0,NA,NA,FR,193314235,False
2026-27,4127,Dimitar Zetov,Missouri State,-1.5602604462617,-0.468866474222387,-2.02912692048408,0,0,0,0,0,0,0,0,NA,NA,FR,216197423,False
2026-27,4128,Jay Nelson Mboudjika,La Salle,-1.58104178593139,-0.448167470904947,-2.02920925683633,0,0,0,0,0,0,0,0,NA,NA,FR,40780375,False
2026-27,4129,DJ Davis,Jackson State,-1.56021733354245,-0.469071161347169,-2.02928849488962,0,0,0,0,0,0,0,0,NA,NA,FR,46966944,False
2026-27,4130,Ariik Mawien,Northern Colorado,-1.80279704044101,-0.228008656600599,-2.03080569704161,0,0,0,0,0,0,0,0,NA,NA,JR,2530634,False
2026-27,4131,Francesco Corato,Portland State,-1.32624974767757,-0.705878505453148,-2.03212825313072,0,0,0,0,0,0,0,0,NA,NA,FR,233674266,False
2026-27,4132,Mason Hunt,Sacramento State,-1.34241758226029,-0.69011665898397,-2.03253424124426,0,0,0,0,0,0,0,0,NA,NA,FR,28281229,False
2026-27,4133,Josiah Coleman,New Hampshire,-1.48793639353553,-0.546475814279716,-2.03441220781525,0,0,0,0,0,0,0,0,NA,NA,FR,57262630,False
2026-27,4134,Mervedi Miteo,Rutgers,-0.90430875827483,-1.13035146815561,-2.03466022643044,0,0,0,0,0,0,0,0,NA,NA,FR,17210798,False
2026-27,4135,Domas Kauzonas,Longwood,-1.38116310753583,-0.653499999696136,-2.03466310723196,0,0,0,0,0,0,0,0,NA,NA,SR,2147295,False
2026-27,4136,Julius Matusek,Queens,-0.65428396956071,-1.38039871209276,-2.03468268165347,0,0,0,0,0,0,0,0,NA,NA,FR,9451626,False
2026-27,4137,Lukas Sotell,Maryland,-1.25251578716268,-0.782315563724652,-2.03483135088733,0,0,0,0,0,0,0,0,NA,NA,SR,2137742,False
2026-27,4138,Myles Dickerson,Fairleigh Dickinson,-1.24485335642207,-0.790176093158754,-2.03502944958083,0,0,0,0,0,0,0,0,NA,NA,FR,102307089,False
2026-27,4139,LeBron Thomas,Green Bay,-1.17538225316704,-0.85973559794888,-2.03511785111592,0,0,0,0,0,0,0,0,NA,NA,SR,2505134,False
2026-27,4140,LoLo Rudolph,Montana,-0.751717789251735,-1.28343599455174,-2.03515378380347,0,0,0,0,0,0,0,0,NA,NA,FR,245316619,False
2026-27,4141,Bryce Renn,Evansville,-1.48018538419697,-0.555037753004966,-2.03522313720194,0,0,0,0,0,0,0,0,NA,NA,FR,214964885,False
2026-27,4142,Tyre Acuff,Central Michigan,-1.39620543358339,-0.639109431227574,-2.03531486481097,0,0,0,0,0,0,0,0,NA,NA,FR,182559157,False
2026-27,4143,Joshua Ward,Cal State Fullerton,-1.10597485440976,-0.929959753836372,-2.03593460824613,0,0,0,0,0,0,0,0,NA,NA,FR,14042936,False
2026-27,4144,Devere Palmer,Florida A&M,-1.62313141952896,-0.412899183748593,-2.03603060327755,0,0,0,0,0,0,0,0,NA,NA,SR,2567127,False
2026-27,4145,Francois Nkoy-Eale,La Salle,-1.58104178593139,-0.456612307140848,-2.03765409307224,0,0,0,0,0,0,0,0,NA,NA,FR,149835646,False
2026-27,4146,Gestin Liberis,SIU Edwardsville,-1.32238885826884,-0.715774967967274,-2.03816382623611,0,0,0,0,0,0,0,0,NA,NA,SR,1946946,False
2026-27,4147,Najimi George,Samford,-0.558473926756935,-1.4797545195826,-2.03822844633954,0,0,0,0,0,0,0,0,NA,NA,JR,2351714,False
2026-27,4148,Jake Genschaw,Evansville,-1.47262715608827,-0.567041418954919,-2.03966857504319,0,0,0,0,0,0,0,0,NA,NA,FR,172330649,False
2026-27,4149,Blake Nettles,Jackson State,-1.56652884947855,-0.475653861930476,-2.04218271140903,0,0,0,0,0,0,0,0,NA,NA,FR,87570706,False
2026-27,4150,Garret Dutro,Montana,-0.759515074528183,-1.28343599455174,-2.04295106907992,0,0,0,0,0,0,0,0,NA,NA,FR,106925813,False
2026-27,4151,Semaj Carter,Montana,-0.759724973447307,-1.28343599455174,-2.04316096799904,0,0,0,0,0,0,0,0,NA,NA,FR,223130867,False
2026-27,4152,Quron Elliott,Manhattan,-0.419219104928407,-1.62401950164782,-2.04323860657622,0,0,0,0,0,0,0,0,NA,NA,SO,2547179,False
2026-27,4153,Rivers Knight,Purdue,-1.28344560176007,-0.759948997282055,-2.04339459904212,0,0,0,0,0,0,0,0,NA,NA,FR,190438546,False
2026-27,4154,Payton Pitts,Harvard,-1.24905091562131,-0.794859667653689,-2.043910583275,0,0,0,0,0,0,0,0,NA,NA,SR,2125012,False
2026-27,4155,Seven Pridgen,Montana,-0.762276805692993,-1.28343599455174,-2.04571280024473,0,0,0,0,0,0,0,0,NA,NA,FR,15049723,False
2026-27,4156,Quadri Bashiru,Davidson,-1.11505941864436,-0.93234032705608,-2.04739974570044,0,0,0,0,0,0,0,0,NA,NA,SO,2538810,False
2026-27,4157,John Carter Jr.,Davidson,-1.11505941864436,-0.93234032705608,-2.04739974570044,0,0,0,0,0,0,0,0,NA,NA,FR,28357718,False
2026-27,4158,Eetu Heinonen,Davidson,-1.11505941864436,-0.93234032705608,-2.04739974570044,0,0,0,0,0,0,0,0,NA,NA,FR,180533659,False
2026-27,4159,Malik Davis,Davidson,-1.11505941864436,-0.93234032705608,-2.04739974570044,0,0,0,0,0,0,0,0,NA,NA,FR,139897229,False
2026-27,4160,Nicholas Sangermano II,New Hampshire,-1.50423614406315,-0.543659690667437,-2.04789583473059,0,0,0,0,0,0,0,0,NA,NA,FR,210184614,False
2026-27,4161,Jonathan Pace,New Orleans,-1.31118106174192,-0.736804049393785,-2.0479851111357,0,0,0,0,0,0,0,0,NA,NA,FR,168863814,False
2026-27,4162,Trey Brown,North Carolina Central,-1.65617407319368,-0.392975049775419,-2.0491491229691,0,0,0,0,0,0,0,0,NA,NA,SR,2555559,False
2026-27,4163,Alan Shi,New Orleans,-1.30387887949786,-0.746005289665176,-2.04988416916303,0,0,0,0,0,0,0,0,NA,NA,FR,251013263,False
2026-27,4164,Kendrick De Luna,Cal State Fullerton,-1.88580200421812,-0.165693381538477,-2.05149538575659,0,0,0,0,0,0,0,0,NA,NA,SR,2118967,False
2026-27,4165,Mayson Thomas,Air Force,-1.42636702732943,-0.625849034958402,-2.05221606228783,0,0,0,0,0,0,0,0,NA,NA,FR,176230241,False
2026-27,4166,Josh Powell,Alcorn State,-1.33924342738418,-0.714521099022702,-2.05376452640688,0,0,0,0,0,0,0,0,NA,NA,FR,66526242,False
2026-27,4167,Yaroslav Nikonov,Portland State,-1.34964113514185,-0.705878505453148,-2.055519640595,0,0,0,0,0,0,0,0,NA,NA,FR,24742815,False
2026-27,4168,Konstantin Popovic,Binghamton,-1.34138158721825,-0.714359256926305,-2.05574084414455,0,0,0,0,0,0,0,0,NA,NA,FR,242500758,False
2026-27,4169,Nicholas McLean,Queens,-0.675553142254183,-1.38039871209276,-2.05595185434695,0,0,0,0,0,0,0,0,NA,NA,FR,143709758,False
2026-27,4170,Marcus McDonald,New Orleans,-1.31351172288589,-0.742982107500324,-2.05649383038621,0,0,0,0,0,0,0,0,NA,NA,FR,58690817,False
2026-27,4171,Robert Moore,Tulane,-1.02054393707985,-1.03600600671992,-2.05654994379977,0,0,0,0,0,0,0,0,NA,NA,SO,2478787,False
2026-27,4172,Cham Okey,New Orleans,-1.30421855355487,-0.752659241804682,-2.05687779535955,0,0,0,0,0,0,0,0,NA,NA,FR,187769256,False
2026-27,4173,Cal Liston,VMI,-0.864541548390092,-1.19244076655136,-2.05698231494145,0,0,0,0,0,0,0,0,NA,NA,JR,2328969,False
2026-27,4174,Brock Mendoza,Central Michigan,-1.42453746301877,-0.633029427438057,-2.05756689045683,0,0,0,0,0,0,0,0,NA,NA,FR,29837912,False
2026-27,4175,Jackson Haggins,Montana,-0.774236852590299,-1.28343599455174,-2.05767284714204,0,0,0,0,0,0,0,0,NA,NA,FR,74876301,False
2026-27,4176,Jayden Hackett,Central Michigan,-1.42217648935495,-0.635717684729671,-2.05789417408462,0,0,0,0,0,0,0,0,NA,NA,FR,227921724,False
2026-27,4177,Raysean Johnson,Fairleigh Dickinson,-0.953888826225352,-1.10411852645302,-2.05800735267837,0,0,0,0,0,0,0,0,NA,NA,JR,2339770,False
2026-27,4178,KJ Garris,Cal State Fullerton,-1.12850256314951,-0.929959753836372,-2.05846231698588,0,0,0,0,0,0,0,0,NA,NA,FR,211354367,False
2026-27,4179,Makuei Riek,Evansville,-1.47339441752299,-0.585469545612596,-2.05886396313558,0,0,0,0,0,0,0,0,NA,NA,FR,122294411,False
2026-27,4180,Jake Bascom,Central Michigan,-1.42174266489209,-0.637643005631334,-2.05938567052343,0,0,0,0,0,0,0,0,NA,NA,FR,233819007,False
2026-27,4181,Gabriel Ferreira,Radford,-1.51989542280904,-0.539794234228065,-2.0596896570371,0,0,0,0,0,0,0,0,NA,NA,SO,2536602,False
2026-27,4182,TK Lawson,Jackson State,-1.57363990952775,-0.486653871353621,-2.06029378088138,0,0,0,0,0,0,0,0,NA,NA,FR,214101197,False
2026-27,4183,Luke Ellspermann,Evansville,-1.49311402913464,-0.567844045379668,-2.0609580745143,0,0,0,0,0,0,0,0,NA,NA,FR,188679348,False
2026-27,4184,Kole Williams,Le Moyne,-1.31812864580904,-0.743333315235025,-2.06146196104406,0,0,0,0,0,0,0,0,NA,NA,FR,126594263,False
2026-27,4185,Dylynn Groves,Idaho,-1.23172147435959,-0.831627671023602,-2.06334914538319,0,0,0,0,0,0,0,0,NA,NA,FR,173421942,False
2026-27,4186,Jayden Lemond,Binghamton,-1.47134467471876,-0.592046086140194,-2.06339076085895,0,0,0,0,0,0,0,0,NA,NA,SR,2119893,False
2026-27,4187,Kyran Ratliff,New Orleans,-1.30492494340843,-0.75929942945255,-2.06422437286098,0,0,0,0,0,0,0,0,NA,NA,FR,108384693,False
2026-27,4188,Tristan Kuska,Buffalo,-0.905223423903112,-1.15958190642432,-2.06480533032743,0,0,0,0,0,0,0,0,NA,NA,FR,119813073,False
2026-27,4189,Dom Clay,Lindenwood,-1.38612478419336,-0.678813600572909,-2.06493838476627,0,0,0,0,0,0,0,0,NA,NA,SO,2547287,False
2026-27,4190,Patrick Tivnan Jr.,Dartmouth,-1.76574841628117,-0.299214580286546,-2.06496299656771,0,0,0,0,0,0,0,0,NA,NA,SR,2126151,False
2026-27,4191,Dallas Hobbs,Rice,-1.52013200771937,-0.54507902556543,-2.0652110332848,0,0,0,0,0,0,0,0,NA,NA,SR,2118545,False
2026-27,4192,Noah Benny,Alabama State,-1.13229535664685,-0.932926488890485,-2.06522184553734,0,0,0,0,0,0,0,0,NA,NA,SO,2550263,False
2026-27,4193,Matt McCarthy,Florida Gulf Coast,-1.41971678895754,-0.645733163713029,-2.06544995267057,0,0,0,0,0,0,0,0,NA,NA,SO,2532383,False
2026-27,4194,Jalen Williams,Idaho,-1.2631144849559,-0.803518476156699,-2.0666329611126,0,0,0,0,0,0,0,0,NA,NA,FR,62918188,False
2026-27,4195,Brady Sehlhorst,Elon,-1.45680032608122,-0.611338743371553,-2.06813906945277,0,0,0,0,0,0,0,0,NA,NA,FR,188189282,False
2026-27,4196,Jacob Martin,SIU Edwardsville,-1.54328856812328,-0.526305527220441,-2.06959409534373,0,0,0,0,0,0,0,0,NA,NA,SO,2583223,False
2026-27,4197,Anthony Knowles,Florida A&M,-1.00415883442567,-1.06552848812345,-2.06968732254912,0,0,0,0,0,0,0,0,NA,NA,SO,2567126,False
2026-27,4198,Noah Best,Fairfield,-1.48461786114216,-0.585191496770374,-2.06980935791254,0,0,0,0,0,0,0,0,NA,NA,SR,1913009,False
2026-27,4199,Trey Thomas,Alcorn State,-1.36162018946862,-0.708246948976424,-2.06986713844505,0,0,0,0,0,0,0,0,NA,NA,FR,244720522,False
2026-27,4200,Caleb Fay,Air Force,-1.44044964038704,-0.630924184073989,-2.07137382446103,0,0,0,0,0,0,0,0,NA,NA,FR,225913716,False
2026-27,4201,Logan Menefee,The Citadel,-1.43426806644107,-0.638714650265962,-2.07298271670704,0,0,0,0,0,0,0,0,NA,NA,SO,2548102,False
2026-27,4202,Gage Howard,Loyola Maryland,-1.34024900465458,-0.733502665094037,-2.07375166974862,0,0,0,0,0,0,0,0,NA,NA,FR,191618092,False
2026-27,4203,Brady Kennison,Idaho,-1.2552053483052,-0.819210684866418,-2.07441603317161,0,0,0,0,0,0,0,0,NA,NA,FR,25413556,False
2026-27,4204,Dacen Petty,Elon,-1.45680032608122,-0.617812871559232,-2.07461319764045,0,0,0,0,0,0,0,0,NA,NA,FR,83121185,False
2026-27,4205,Devin Wright,Fairleigh Dickinson,-1.25977786625579,-0.815177848706701,-2.0749557149625,0,0,0,0,0,0,0,0,NA,NA,FR,162484477,False
2026-27,4206,Malik Sheppard,Sacred Heart,-1.27249292658218,-0.80376019389517,-2.07625312047735,0,0,0,0,0,0,0,0,NA,NA,JR,2342530,False
2026-27,4207,Donovan Hunter,Southern Indiana,-1.51270602181975,-0.564483442905471,-2.07718946472522,0,0,0,0,0,0,0,0,NA,NA,SR,2138876,False
2026-27,4208,Connor Johnson,Le Moyne,-1.32108689936594,-0.756404364378765,-2.07749126374471,0,0,0,0,0,0,0,0,NA,NA,FR,25275584,False
2026-27,4209,Tre Keene,Air Force,-1.43259422608105,-0.645314987852854,-2.0779092139339,0,0,0,0,0,0,0,0,NA,NA,FR,256576734,False
2026-27,4210,Caleb Zhu,Elon,-1.45680032608122,-0.623377977646877,-2.0801783037281,0,0,0,0,0,0,0,0,NA,NA,FR,148164918,False
2026-27,4211,Ryan Carney,Idaho,-1.25983915888051,-0.821301702660705,-2.08114086154121,0,0,0,0,0,0,0,0,NA,NA,FR,165242108,False
2026-27,4212,Melvin Stubbs Jr.,Sacramento State,-1.36456488510427,-0.716799047656516,-2.08136393276079,0,0,0,0,0,0,0,0,NA,NA,FR,43955720,False
2026-27,4213,Nolan Newman-Gomez,Idaho,-1.24989569280393,-0.832567877007518,-2.08246356981145,0,0,0,0,0,0,0,0,NA,NA,FR,95624491,False
2026-27,4214,Braylhan Thomas,Alcorn State,-1.33622271006622,-0.747699451050076,-2.08392216111629,0,0,0,0,0,0,0,0,NA,NA,FR,146756949,False
2026-27,4215,TJ Wal,Idaho,-1.26793180498552,-0.817941118401341,-2.08587292338686,0,0,0,0,0,0,0,0,NA,NA,FR,264729302,False
2026-27,4216,Kevin Kearney,Manhattan,-1.31454758799367,-0.771388651449465,-2.08593623944314,0,0,0,0,0,0,0,0,NA,NA,SO,2322187,False
2026-27,4217,Ethan Griffin,Alcorn State,-1.3574963883382,-0.728596790911266,-2.08609317924946,0,0,0,0,0,0,0,0,NA,NA,FR,205876827,False
2026-27,4218,Mike Parrotta,Quinnipiac,-1.22541769057692,-0.860796922259521,-2.08621461283645,0,0,0,0,0,0,0,0,NA,NA,FR,153305295,False
2026-27,4219,Nedas Cholevinskas,Quinnipiac,-1.22541769057692,-0.860796922259521,-2.08621461283645,0,0,0,0,0,0,0,0,NA,NA,FR,25013056,False
2026-27,4220,Leandro Gysel,Le Moyne,-1.31467163637429,-0.772767862897259,-2.08743949927155,0,0,0,0,0,0,0,0,NA,NA,FR,160717853,False
2026-27,4221,Mekhi Fitts,Grambling,-2.03555248429785,-0.0529036913090748,-2.08845617560693,0,0,0,0,0,0,0,0,NA,NA,SR,2566990,False
2026-27,4222,Hunter Frazier,Le Moyne,-1.33439697522564,-0.754584053119049,-2.08898102834468,0,0,0,0,0,0,0,0,NA,NA,FR,249547521,False
2026-27,4223,Julius Clark,North Alabama,-1.21073112799745,-0.87874424295461,-2.08947537095206,0,0,0,0,0,0,0,0,NA,NA,SR,2553896,False
2026-27,4224,Alonzo Clawson-Smith,Southeast Missouri State,-1.2265198009575,-0.863236659846036,-2.08975646080354,0,0,0,0,0,0,0,0,NA,NA,FR,165153047,False
2026-27,4225,Saxby Sunderland,Alcorn State,-1.37073989705863,-0.719147306181307,-2.08988720323993,0,0,0,0,0,0,0,0,NA,NA,FR,2252962,False
2026-27,4226,B.B. Knight,Texas-Rio Grande Valley,-0.908637669601434,-1.1822596128373,-2.09089728243873,0,0,0,0,0,0,0,0,NA,NA,SR,1916385,False
2026-27,4227,Isaiah Brown,Le Moyne,-1.32408656060675,-0.767578844445349,-2.09166540505209,0,0,0,0,0,0,0,0,NA,NA,FR,14211515,False
2026-27,4228,Cam Thrower,Elon,-1.45680032608122,-0.635393702159304,-2.09219402824052,0,0,0,0,0,0,0,0,NA,NA,FR,172211293,False
2026-27,4229,Jaylin Craine,Alcorn State,-1.36292759132713,-0.730333730790548,-2.09326132211768,0,0,0,0,0,0,0,0,NA,NA,FR,31142565,False
2026-27,4230,Cameron Zeigler,Alcorn State,-1.35210954638687,-0.741808892970877,-2.09391843935775,0,0,0,0,0,0,0,0,NA,NA,FR,71162304,False
2026-27,4231,Drew Cooper,Southeast Missouri State,-1.23074142499611,-0.863236659846036,-2.09397808484215,0,0,0,0,0,0,0,0,NA,NA,FR,110260131,False
2026-27,4232,Derrick Green,Coastal Carolina,-1.30206019854049,-0.792269976546223,-2.09433017508672,0,0,0,0,0,0,0,0,NA,NA,JR,2533921,False
2026-27,4233,Ben Safran,Elon,-1.45680032608122,-0.637693838572632,-2.09449416465385,0,0,0,0,0,0,0,0,NA,NA,FR,240811415,False
2026-27,4234,Chad Cook,Richmond,-1.64204158300619,-0.452604568968817,-2.09464615197501,0,0,0,0,0,0,0,0,NA,NA,FR,91361861,False
2026-27,4235,Autrail Manning Jr.,New Orleans,-1.35062889571486,-0.744163664899293,-2.09479256061415,0,0,0,0,0,0,0,0,NA,NA,FR,73240091,False
2026-27,4236,CJ Aldrich III,Dartmouth,-1.37687785728275,-0.718539741628127,-2.09541759891088,0,0,0,0,0,0,0,0,NA,NA,FR,264505852,False
2026-27,4237,Jackson Seastrunk,Bradley,-1.11652108103299,-0.979982641968348,-2.09650372300134,0,0,0,0,0,0,0,0,NA,NA,SO,2474406,False
2026-27,4238,Dimitrije Pavlovic,Bradley,-1.11652108103299,-0.979982641968348,-2.09650372300134,0,0,0,0,0,0,0,0,NA,NA,FR,243557296,False
2026-27,4239,Noah Williams,Bradley,-1.11652108103299,-0.979982641968348,-2.09650372300134,0,0,0,0,0,0,0,0,NA,NA,FR,233355031,False
2026-27,4240,Georgi Gerganov,Bradley,-1.11652108103299,-0.979982641968348,-2.09650372300134,0,0,0,0,0,0,0,0,NA,NA,FR,212619676,False
2026-27,4241,Ben Thornbrue,Bradley,-1.11652108103299,-0.979982641968348,-2.09650372300134,0,0,0,0,0,0,0,0,NA,NA,FR,250290273,False
2026-27,4242,Mo Diao,Idaho,-1.27082064330581,-0.825931580417438,-2.09675222372325,0,0,0,0,0,0,0,0,NA,NA,FR,163628319,False
2026-27,4243,Henry Rasmussen,Army,-1.54699256670244,-0.550791040685334,-2.09778360738778,0,0,0,0,0,0,0,0,NA,NA,FR,24302204,False
2026-27,4244,"Fontaine Williams, Jr.",Southeast Missouri State,-1.23524909342577,-0.863236659846036,-2.09848575327181,0,0,0,0,0,0,0,0,NA,NA,FR,237476716,False
2026-27,4245,Christian Richardson,Alcorn State,-1.36825319164246,-0.732361376091249,-2.10061456773371,0,0,0,0,0,0,0,0,NA,NA,FR,148444493,False
2026-27,4246,Axton Perry,Southeast Missouri State,-1.23777457259365,-0.863236659846036,-2.10101123243969,0,0,0,0,0,0,0,0,NA,NA,FR,48625811,False
2026-27,4247,Boluwasefe John,Buffalo,-0.9415613275649,-1.15958190642432,-2.10114323398922,0,0,0,0,0,0,0,0,NA,NA,FR,104736429,False
2026-27,4248,Deke Cooper Jr.,Army,-1.54699256670244,-0.554204212085797,-2.10119677878824,0,0,0,0,0,0,0,0,NA,NA,FR,7608336,False
2026-27,4249,Kasen Daeger,Stony Brook,-1.12657583992448,-0.97614131888049,-2.10271715880497,0,0,0,0,0,0,0,0,NA,NA,FR,226963977,False
2026-27,4250,Giannos Xanthopoulos,New Hampshire,-2.22354983670519,0.120622531191805,-2.10292730551338,0,0,0,0,0,0,0,0,NA,NA,SO,2493083,False
2026-27,4251,Curt Simpson,Southeast Missouri State,-1.24051929292429,-0.863236659846036,-2.10375595277033,0,0,0,0,0,0,0,0,NA,NA,FR,183773084,False
2026-27,4252,Jahrel Vigo,Buffalo,-0.945263369340139,-1.15958190642432,-2.10484527576446,0,0,0,0,0,0,0,0,NA,NA,FR,1048815,False
2026-27,4253,Jeromy Davis,Georgia Southern,-1.12690201182228,-0.978076682623553,-2.10497869444583,0,0,0,0,0,0,0,0,NA,NA,FR,214348046,False
2026-27,4254,Dashawn Ceaser,Prairie View,-1.55631084649436,-0.549434644924453,-2.10574549141881,0,0,0,0,0,0,0,0,NA,NA,FR,27761338,False
2026-27,4255,Acen Jimenez,Dartmouth,-1.38760729820521,-0.718539741628127,-2.10614703983334,0,0,0,0,0,0,0,0,NA,NA,FR,62370488,False
2026-27,4256,Austin Villarreal,Milwaukee,-1.3284373777519,-0.7795407600741,-2.107978137826,0,0,0,0,0,0,0,0,NA,NA,JR,2321283,False
2026-27,4257,Diggy Griffin,Air Force,-1.45020263827651,-0.658940187250764,-2.10914282552727,0,0,0,0,0,0,0,0,NA,NA,FR,186831980,False
2026-27,4258,Owen Derhmann,Central Arkansas,-0.922503410957206,-1.18688911136292,-2.10939252232012,0,0,0,0,0,0,0,0,NA,NA,JR,2292835,False
2026-27,4259,Kofi Peyton,Binghamton,-1.39220274068802,-0.717383547824867,-2.10958628851289,0,0,0,0,0,0,0,0,NA,NA,FR,265658550,False
2026-27,4260,Desmond Williams,South Alabama,-1.4882261907603,-0.621468334454062,-2.10969452521437,0,0,0,0,0,0,0,0,NA,NA,SO,2494591,False
2026-27,4261,Haiden Harper,Georgia Tech,-1.50861497279151,-0.60164593231497,-2.11026090510648,0,0,0,0,0,0,0,0,NA,NA,FR,264689445,False
2026-27,4262,Corentin Efono,SIU Edwardsville,-1.54008387141906,-0.57031219085446,-2.11039606227352,0,0,0,0,0,0,0,0,NA,NA,SO,2506845,False
2026-27,4263,Grant Best,Air Force,-1.4671310164221,-0.643702025341329,-2.11083304176343,0,0,0,0,0,0,0,0,NA,NA,FR,168260823,False
2026-27,4264,Clayton Mpiana,Montana,-0.828226657985484,-1.28343599455174,-2.11166265253722,0,0,0,0,0,0,0,0,NA,NA,SO,2539101,False
2026-27,4265,Kingston Price,Stony Brook,-1.13591983129363,-0.97614131888049,-2.11206115017412,0,0,0,0,0,0,0,0,NA,NA,FR,120292730,False
2026-27,4266,Micah Bell,Prairie View,-1.56953941825607,-0.543357564353324,-2.11289698260939,0,0,0,0,0,0,0,0,NA,NA,FR,264290542,False
2026-27,4267,Özgür Cengiz,Stony Brook,-1.13781968449807,-0.97614131888049,-2.11396100337856,0,0,0,0,0,0,0,0,NA,NA,FR,38198779,False
2026-27,4268,Sebastian Haubro,Fairleigh Dickinson,-1.66899008094824,-0.445756580522627,-2.11474666147087,0,0,0,0,0,0,0,0,NA,NA,SO,2563840,False
2026-27,4269,Rokas Zilys,VMI,-1.24190783523587,-0.874689902895806,-2.11659773813167,0,0,0,0,0,0,0,0,NA,NA,FR,88084422,False
2026-27,4270,Wesley Waddles,Maine,-1.75193331668584,-0.365432332426498,-2.11736564911234,0,0,0,0,0,0,0,0,NA,NA,FR,50369320,False
2026-27,4271,Eric Michaels,American,-2.1148214125564,-0.0025726885599486,-2.11739410111635,0,0,0,0,0,0,0,0,NA,NA,JR,2321213,False
2026-27,4272,Lukas McCanna,Utah,-1.39130842415534,-0.726802691406409,-2.11811111556175,0,0,0,0,0,0,0,0,NA,NA,FR,203256252,False
2026-27,4273,Marcus Eaves,Southeast Missouri State,-1.25518392852676,-0.863236659846036,-2.1184205883728,0,0,0,0,0,0,0,0,NA,NA,FR,205060105,False
2026-27,4274,Nathan Amoran,Idaho State,-1.28784394338919,-0.830769109471731,-2.11861305286092,0,0,0,0,0,0,0,0,NA,NA,FR,87755833,False
2026-27,4275,Mark Caslaru,Air Force,-1.45231671050502,-0.666376274142978,-2.11869298464799,0,0,0,0,0,0,0,0,NA,NA,FR,42469742,False
2026-27,4276,Preston Clark,Texas A&M,-1.05937444538842,-1.05937444538842,-2.11874889077683,0,0,0,0,0,0,0,0,NA,NA,FR,46594898,False
2026-27,4277,Kyle Moran,Texas A&M,-1.05937444538842,-1.05937444538842,-2.11874889077683,0,0,0,0,0,0,0,0,NA,NA,FR,53695955,False
2026-27,4278,Matthieu Biembongo,Western Illinois,-2.38460579680986,0.26444176583315,-2.12016403097671,0,0,0,0,0,0,0,0,NA,NA,JR,186439454,False
2026-27,4279,Patrick McDonough,Army,-1.54699256670244,-0.574507073128937,-2.12149963983138,0,0,0,0,0,0,0,0,NA,NA,FR,3572160,False
2026-27,4280,Jalen Carruth,Alabama A&M,-1.68433705511074,-0.437265949129494,-2.12160300424024,0,0,0,0,0,0,0,0,NA,NA,SR,2474950,False
2026-27,4281,Zuby Toms,Idaho,-1.29941342570596,-0.822522524223438,-2.1219359499294,0,0,0,0,0,0,0,0,NA,NA,FR,266071757,False
2026-27,4282,Cazell Henderson-Bradley,VMI,-1.25265400468546,-0.869551697651092,-2.12220570233656,0,0,0,0,0,0,0,0,NA,NA,FR,255692431,False
2026-27,4283,Bobby Cannon,Alcorn State,-1.39028074990196,-0.732490151064879,-2.12277090096684,0,0,0,0,0,0,0,0,NA,NA,FR,102702356,False
2026-27,4284,Donovan Bolden,Austin Peay,-1.05931182343282,-1.06358873010705,-2.12290055353987,0,0,0,0,0,0,0,0,NA,NA,FR,55525444,False
2026-27,4285,Jahaan Green,Army,-1.54699256670244,-0.578887902842613,-2.12588046954506,0,0,0,0,0,0,0,0,NA,NA,SO,2483395,False
2026-27,4286,Hudson Franz,Maine,-1.7411863740226,-0.384984144990191,-2.12617051901279,0,0,0,0,0,0,0,0,NA,NA,FR,208054864,False
2026-27,4287,Kycen Pruett,Southeast Missouri State,-1.26323935257291,-0.863236659846036,-2.12647601241895,0,0,0,0,0,0,0,0,NA,NA,FR,243947618,False
2026-27,4288,Jordan Williams,Illinois State,-1.44390729944996,-0.684029006097418,-2.12793630554738,0,0,0,0,0,0,0,0,NA,NA,FR,231427431,False
2026-27,4289,Jake Pollack,Dartmouth,-1.40941040641215,-0.718539741628127,-2.12795014804028,0,0,0,0,0,0,0,0,NA,NA,FR,91161675,False
2026-27,4290,Rodrigas Jucevicius,VMI,-1.25728322386842,-0.874804104336595,-2.13208732820501,0,0,0,0,0,0,0,0,NA,NA,FR,161933749,False
2026-27,4291,Derrick Rivers,Prairie View,-1.57939434336556,-0.553691063933853,-2.13308540729942,0,0,0,0,0,0,0,0,NA,NA,FR,213335514,False
2026-27,4292,Zion Vaamonde,VMI,-1.24961560956592,-0.883523093247698,-2.13313870281362,0,0,0,0,0,0,0,0,NA,NA,FR,20564698,False
2026-27,4293,Paulius Narvilas,VMI,-1.24209295652568,-0.891775875219929,-2.13386883174561,0,0,0,0,0,0,0,0,NA,NA,FR,239948640,False
2026-27,4294,MJ Madison,McNeese State,-1.56821040210006,-0.565678905761585,-2.13388930786165,0,0,0,0,0,0,0,0,NA,NA,FR,60094646,False
2026-27,4295,Vincent Delano,Northern Colorado,-0.69774575407624,-1.43956315155801,-2.13730890563425,0,0,0,0,0,0,0,0,NA,NA,JR,2095942,False
2026-27,4296,Brayden Jackson,Central Connecticut,-1.67734708283227,-0.460632084723904,-2.13797916755617,0,0,0,0,0,0,0,0,NA,NA,JR,2319441,False
2026-27,4297,Joao Pedro Panzo,VMI,-1.26338367826276,-0.874611913393585,-2.13799559165634,0,0,0,0,0,0,0,0,NA,NA,FR,251924994,False
2026-27,4298,Matthew Webster,North Carolina A&T,-1.42197166376347,-0.718628709880898,-2.14060037364437,0,0,0,0,0,0,0,0,NA,NA,FR,210570740,False
2026-27,4299,Stefan Jimenez-Vojnic,NJIT,-1.46166604620016,-0.680067216144983,-2.14173326234515,0,0,0,0,0,0,0,0,NA,NA,JR,2337440,False
2026-27,4300,Hudson Scroggins,Valparaiso,-1.15541004338172,-0.987075579461522,-2.14248562284325,0,0,0,0,0,0,0,0,NA,NA,FR,153049090,False
2026-27,4301,Jacori Ervin,Bethune-Cookman,-1.52202369387254,-0.620941181013193,-2.14296487488573,0,0,0,0,0,0,0,0,NA,NA,FR,162801664,False
2026-27,4302,Dionysis Exarchopoulos,VMI,-1.25917121569396,-0.884359156550458,-2.14353037224442,0,0,0,0,0,0,0,0,NA,NA,FR,202680880,False
2026-27,4303,Will Dopfer,Longwood,-1.82820038698374,-0.31682764765206,-2.1450280346358,0,0,0,0,0,0,0,0,NA,NA,FR,138792819,False
2026-27,4304,Elijah Thomas,Longwood,-1.82820038698374,-0.317568918166872,-2.14576930515061,0,0,0,0,0,0,0,0,NA,NA,FR,38773285,False
2026-27,4305,BJ Powell,Howard,-1.2270164522059,-0.920202812168562,-2.14721926437446,0,0,0,0,0,0,0,0,NA,NA,SO,2567176,False
2026-27,4306,Nate Kasher,DePaul,-1.06768767821466,-1.08117157841662,-2.14885925663128,0,0,0,0,0,0,0,0,NA,NA,JR,2283164,False
2026-27,4307,Stewart Erhart II,Green Bay,-1.32070224985937,-0.828373480785764,-2.14907573064513,0,0,0,0,0,0,0,0,NA,NA,FR,250929874,False
2026-27,4308,Michael Wilson Jr.,Canisius,-1.05163808765882,-1.0990687731801,-2.15070686083892,0,0,0,0,0,0,0,0,NA,NA,JR,2351646,False
2026-27,4309,JaShawn Ladd,College of Charleston,-1.18925480787592,-0.962207600038262,-2.15146240791419,0,0,0,0,0,0,0,0,NA,NA,FR,37984626,False
2026-27,4310,Davis Kern,South Dakota State,-1.99888322600027,-0.152728614304065,-2.15161184030434,0,0,0,0,0,0,0,0,NA,NA,SO,2504080,False
2026-27,4311,Dan Civello,Dartmouth,-1.43308850896031,-0.718539741628127,-2.15162825058843,0,0,0,0,0,0,0,0,NA,NA,FR,59605722,False
2026-27,4312,Felipe Minzer,Austin Peay,-1.08809670600403,-1.06358873010705,-2.15168543611109,0,0,0,0,0,0,0,0,NA,NA,FR,52812241,False
2026-27,4313,Deandre Jones,Cleveland State,-0.819730608658385,-1.33197141710134,-2.15170202575973,0,0,0,0,0,0,0,0,NA,NA,JR,2315008,False
2026-27,4314,Birkir Eythorsson,Austin Peay,-1.08951194630207,-1.06358873010705,-2.15310067640912,0,0,0,0,0,0,0,0,NA,NA,FR,255999625,False
2026-27,4315,PJ Singleton,Austin Peay,-1.08970223385597,-1.06358873010705,-2.15329096396302,0,0,0,0,0,0,0,0,NA,NA,FR,182066648,False
2026-27,4316,Kany Musungay,Longwood,-1.82820038698374,-0.326078023402859,-2.1542784103866,0,0,0,0,0,0,0,0,NA,NA,FR,43475641,False
2026-27,4317,Alex Davis,Austin Peay,-1.09076997052466,-1.06358873010705,-2.15435870063171,0,0,0,0,0,0,0,0,NA,NA,FR,146061995,False
2026-27,4318,Kenny Fields,Stony Brook,-1.17827254559353,-0.97614131888049,-2.15441386447402,0,0,0,0,0,0,0,0,NA,NA,FR,136615473,False
2026-27,4319,Andrej Radivojevic,South Carolina Upstate,-1.33977687175181,-0.816089300369262,-2.15586617212107,0,0,0,0,0,0,0,0,NA,NA,FR,40913654,False
2026-27,4320,CJ Geathers,Arkansas State,-1.25554504057221,-0.902184726635812,-2.15772976720802,0,0,0,0,0,0,0,0,NA,NA,SO,2539287,False
2026-27,4321,Grayson Bennett,Arkansas State,-1.25554504057221,-0.902184726635812,-2.15772976720802,0,0,0,0,0,0,0,0,NA,NA,SO,2539251,False
2026-27,4322,Delang Muon,Arkansas State,-1.25554504057221,-0.902184726635812,-2.15772976720802,0,0,0,0,0,0,0,0,NA,NA,FR,53078416,False
2026-27,4323,Aliou Maiga,Arkansas State,-1.25554504057221,-0.902184726635812,-2.15772976720802,0,0,0,0,0,0,0,0,NA,NA,FR,196564732,False
2026-27,4324,Diggy Coleman,Arkansas State,-1.25554504057221,-0.902184726635812,-2.15772976720802,0,0,0,0,0,0,0,0,NA,NA,FR,217052976,False
2026-27,4325,Moussa Sy,Arkansas State,-1.25554504057221,-0.902184726635812,-2.15772976720802,0,0,0,0,0,0,0,0,NA,NA,FR,226705921,False
2026-27,4326,Roddy Jones,Central Connecticut,-0.295326624138528,-1.86302985988347,-2.15835648402199,0,0,0,0,0,0,0,0,NA,NA,SO,2301208,False
2026-27,4327,Clarence Payia,Green Bay,-1.32920923237298,-0.829269639650033,-2.15847887202302,0,0,0,0,0,0,0,0,NA,NA,FR,84593966,False
2026-27,4328,Grant Neal,Bellarmine,-1.22035065167653,-0.938454815919706,-2.15880546759624,0,0,0,0,0,0,0,0,NA,NA,JR,2292845,False
2026-27,4329,Oesoemana Sacko,Fairfield,-1.12687620620046,-1.03199004937136,-2.15886625557182,0,0,0,0,0,0,0,0,NA,NA,FR,263296067,False
2026-27,4330,JJ Laboy,Fordham,-1.44826418479888,-0.710640041648139,-2.15890422644702,0,0,0,0,0,0,0,0,NA,NA,FR,124441272,False
2026-27,4331,Omer Suljanovic,UC Davis,-1.11356304946376,-1.04567547696615,-2.15923852642991,0,0,0,0,0,0,0,0,NA,NA,SO,2478328,False
2026-27,4332,Aaron Gutman,Evansville,-1.41930174030806,-0.741355542224064,-2.16065728253212,0,0,0,0,0,0,0,0,NA,NA,SO,2548117,False
2026-27,4333,Trashaun Combs-Pierce,Louisiana Tech,-1.64932293086301,-0.511687599999355,-2.16101053086237,0,0,0,0,0,0,0,0,NA,NA,FR,264072416,False
2026-27,4334,Jordan Buzzard,Coastal Carolina,-1.17602514306927,-0.985421781406228,-2.1614469244755,0,0,0,0,0,0,0,0,NA,NA,FR,33298411,False
2026-27,4335,Justin Román,Florida International,-1.26406882549098,-0.897668130484988,-2.16173695597597,0,0,0,0,0,0,0,0,NA,NA,FR,220815347,False
2026-27,4336,Dane Christensen,Tennessee Tech,-1.41292408687448,-0.749373743254714,-2.16229783012919,0,0,0,0,0,0,0,0,NA,NA,JR,2534674,False
2026-27,4337,Trent Egbiremolen,Siena,-1.23532079827938,-0.928353741245016,-2.1636745395244,0,0,0,0,0,0,0,0,NA,NA,FR,52966128,False
2026-27,4338,Trevaun Clark,UT Arlington,-1.33172106634537,-0.832402883014296,-2.16412394935966,0,0,0,0,0,0,0,0,NA,NA,FR,80687704,False
2026-27,4339,"Mario Tatum, Jr.",NJIT,-0.324283561385422,-1.83987019384021,-2.16415375522563,0,0,0,0,0,0,0,0,NA,NA,SO,2532382,False
2026-27,4340,Malcom Stute,Florida A&M,-1.37964610892801,-0.785020128725355,-2.16466623765336,0,0,0,0,0,0,0,0,NA,NA,SO,2342667,False
2026-27,4341,Terron Garrett,Valparaiso,-1.17808444985769,-0.987075579461522,-2.16516002931921,0,0,0,0,0,0,0,0,NA,NA,FR,156660280,False
2026-27,4342,Brayden Jones,Fairfield,-1.13321841046018,-1.03199004937136,-2.16520845983154,0,0,0,0,0,0,0,0,NA,NA,FR,78640582,False
2026-27,4343,Ogbe Uagboe,Cleveland State,-0.833796912713553,-1.33197141710134,-2.1657683298149,0,0,0,0,0,0,0,0,NA,NA,FR,57100598,False
2026-27,4344,JT Amundsen,Northern Arizona,-1.03288870829878,-1.13377665066875,-2.16666535896753,0,0,0,0,0,0,0,0,NA,NA,SO,2545374,False
2026-27,4345,Jordann Dumont,Tulane,-1.4211776190143,-0.746118202738121,-2.16729582175242,0,0,0,0,0,0,0,0,NA,NA,JR,2143840,False
2026-27,4346,Cortlin Siska,North Carolina A&T,-1.42990106816946,-0.737827514564804,-2.16772858273427,0,0,0,0,0,0,0,0,NA,NA,FR,26619556,False
2026-27,4347,Eli Greenberg,Stonehill,-0.878635350560761,-1.289558989167,-2.16819433972776,0,0,0,0,0,0,0,0,NA,NA,SO,2543885,False
2026-27,4348,Robert Cowherd,Louisiana-Monroe,-1.14565918541681,-1.02273269263857,-2.16839187805538,0,0,0,0,0,0,0,0,NA,NA,SR,1947761,False
2026-27,4349,Brandon White,Cleveland State,-0.837628415905303,-1.33197141710134,-2.16959983300665,0,0,0,0,0,0,0,0,NA,NA,FR,148933671,False
2026-27,4350,Jerald Colonel,Florida International,-1.27351168944328,-0.897668130484988,-2.17117981992827,0,0,0,0,0,0,0,0,NA,NA,FR,145198647,False
2026-27,4351,Christian Alston,Tennessee State,-1.62104082972629,-0.550229800596878,-2.17127063032317,0,0,0,0,0,0,0,0,NA,NA,JR,2313773,False
2026-27,4352,Joseph Scott,Alabama State,-1.98653034644956,-0.185211195930431,-2.17174154237999,0,0,0,0,0,0,0,0,NA,NA,SR,2505149,False
2026-27,4353,Braden McCruter,Cleveland State,-0.839922857822607,-1.33197141710134,-2.17189427492395,0,0,0,0,0,0,0,0,NA,NA,FR,192283085,False
2026-27,4354,Isaiah Skinn,Colgate,-1.49524655857048,-0.677329457840388,-2.17257601641087,0,0,0,0,0,0,0,0,NA,NA,SO,2495586,False
2026-27,4355,Fletcher Bigham,Coastal Carolina,-1.18761664900897,-0.985421781406228,-2.17303843041519,0,0,0,0,0,0,0,0,NA,NA,FR,151126630,False
2026-27,4356,Omar Essam,Fordham,-1.46312290261591,-0.710640041648139,-2.17376294426405,0,0,0,0,0,0,0,0,NA,NA,FR,100915233,False
2026-27,4357,George Richardson,Valparaiso,-1.1876890592906,-0.987075579461522,-2.17476463875212,0,0,0,0,0,0,0,0,NA,NA,FR,75144754,False
2026-27,4358,Caleb Middleton,Coastal Carolina,-1.19088288354758,-0.985421781406228,-2.17630466495381,0,0,0,0,0,0,0,0,NA,NA,FR,197347421,False
2026-27,4359,Desmond Roberts,Virginia,-1.44398839968488,-0.73376540608754,-2.17775380577242,0,0,0,0,0,0,0,0,NA,NA,JR,2097926,False
2026-27,4360,Gvidas Gicevicius,Florida International,-1.28018298566739,-0.897668130484988,-2.17785111615238,0,0,0,0,0,0,0,0,NA,NA,SR,2541653,False
2026-27,4361,Jah Hatchett,Fairfield,-1.14602759352759,-1.03199004937136,-2.17801764289896,0,0,0,0,0,0,0,0,NA,NA,FR,181599733,False
2026-27,4362,Dontae Russo-Nance,Pepperdine,-0.963614878850249,-1.21480898013657,-2.17842385898682,0,0,0,0,0,0,0,0,NA,NA,FR,116451607,False
2026-27,4363,Mason Blazer,Florida International,-1.28194026988386,-0.897668130484988,-2.17960840036885,0,0,0,0,0,0,0,0,NA,NA,FR,37744268,False
2026-27,4364,Bowyn Beatty,La Salle,-2.20045236820033,0.0205500275943247,-2.17990234060601,0,0,0,0,0,0,0,0,NA,NA,SR,2119957,False
2026-27,4365,Jonny Jordan Jr.,Omaha,-1.24143426320234,-0.938641477602096,-2.18007574080444,0,0,0,0,0,0,0,0,NA,NA,FR,83352929,False
2026-27,4366,Gavin Headings,Cleveland State,-0.848983206582554,-1.33197141710134,-2.1809546236839,0,0,0,0,0,0,0,0,NA,NA,FR,91174953,False
2026-27,4367,Christian Burnett,Green Bay,-1.32257014777838,-0.858536244051987,-2.18110639183037,0,0,0,0,0,0,0,0,NA,NA,FR,236872224,False
2026-27,4368,Dylan Moles,Valparaiso,-1.19407806191372,-0.987075579461522,-2.18115364137525,0,0,0,0,0,0,0,0,NA,NA,FR,193313007,False
2026-27,4369,Geon Hutchins,Northern Iowa,-1.43612131958464,-0.746472147201189,-2.18259346678583,0,0,0,0,0,0,0,0,NA,NA,SO,2481321,False
2026-27,4370,Matthew Kloskey,Green Bay,-1.33169946669565,-0.851565724712134,-2.18326519140779,0,0,0,0,0,0,0,0,NA,NA,FR,99305728,False
2026-27,4371,Noah Jones,American,-1.58345710391278,-0.600608488584061,-2.18406559249684,0,0,0,0,0,0,0,0,NA,NA,SR,2112591,False
2026-27,4372,London Maiden,Detroit,-1.42812273266429,-0.756975867746044,-2.18509860041033,0,0,0,0,0,0,0,0,NA,NA,SR,1908512,False
2026-27,4373,Dylan Foster,Cleveland State,-0.853908750567656,-1.33197141710134,-2.185880167669,0,0,0,0,0,0,0,0,NA,NA,FR,198901699,False
2026-27,4374,Josiah Dunham,Southern Indiana,-0.586264276335451,-1.60026626833174,-2.18653054466719,0,0,0,0,0,0,0,0,NA,NA,JR,2302976,False
2026-27,4375,Obie Bronston Jr.,Cleveland State,-0.855256215222593,-1.33197141710134,-2.18722763232394,0,0,0,0,0,0,0,0,NA,NA,FR,248225223,False
2026-27,4376,Ahmere Carson,Green Bay,-1.33390033718901,-0.853340192233518,-2.18724052942253,0,0,0,0,0,0,0,0,NA,NA,FR,87898212,False
2026-27,4377,DeLan Grant,New Mexico State,-1.34407122833097,-0.845880262791241,-2.18995149112221,0,0,0,0,0,0,0,0,NA,NA,FR,112245638,False
2026-27,4378,Henry Gruetzmacher,Green Bay,-1.34305377436694,-0.847426719235194,-2.19048049360214,0,0,0,0,0,0,0,0,NA,NA,FR,216387218,False
2026-27,4379,Saxton Simley,North Carolina A&T,-1.45483086766212,-0.735655236349609,-2.19048610401173,0,0,0,0,0,0,0,0,NA,NA,FR,58894235,False
2026-27,4380,David Musis,Florida Atlantic,-1.30217968196688,-0.888892294768551,-2.19107197673543,0,0,0,0,0,0,0,0,NA,NA,FR,29339914,False
2026-27,4381,Malachi Knight,Southern Indiana,-1.55958937476294,-0.63169764632261,-2.19128702108555,0,0,0,0,0,0,0,0,NA,NA,FR,106663552,False
2026-27,4382,Christopher Parker,South Carolina State,-1.01054540394101,-1.18428862021324,-2.19483402415425,0,0,0,0,0,0,0,0,NA,NA,SR,2557667,False
2026-27,4383,John Kelly,NJIT,-0.866702572009626,-1.32828983221814,-2.19499240422777,0,0,0,0,0,0,0,0,NA,NA,JR,2337452,False
2026-27,4384,Stephen Olowoniyi,Duquesne,-1.68141430210804,-0.514065350302142,-2.19547965241018,0,0,0,0,0,0,0,0,NA,NA,SR,2112509,False
2026-27,4385,Tristan Collins,Incarnate Word,-1.33398741814694,-0.866124957524381,-2.20011237567132,0,0,0,0,0,0,0,0,NA,NA,FR,211554414,False
2026-27,4386,Huascar Cuevas Lozano,Florida International,-1.30248420264425,-0.897668130484988,-2.20015233312924,0,0,0,0,0,0,0,0,NA,NA,FR,84436329,False
2026-27,4387,Drew Fuquay,Coastal Carolina,-1.2169885339649,-0.985421781406228,-2.20241031537112,0,0,0,0,0,0,0,0,NA,NA,FR,180766299,False
2026-27,4388,CJ Hall,Florida International,-1.30530213686445,-0.897668130484988,-2.20297026734944,0,0,0,0,0,0,0,0,NA,NA,FR,60167603,False
2026-27,4389,Josh Akpovwa,Texas Southern,-1.83034301008643,-0.372689864153645,-2.20303287424007,0,0,0,0,0,0,0,0,NA,NA,SR,2161656,False
2026-27,4390,Wilkin Paulino,Albany,-1.34102029959862,-0.863538250231999,-2.20455854983062,0,0,0,0,0,0,0,0,NA,NA,SO,2549029,False
2026-27,4391,Jarvis Wright,Morehead State,-0.523413909079343,-1.6819043269566,-2.20531823603595,0,0,0,0,0,0,0,0,NA,NA,SO,2550061,False
2026-27,4392,Chase Konieczny,Florida Gulf Coast,-1.41971678895754,-0.786246238983178,-2.20596302794071,0,0,0,0,0,0,0,0,NA,NA,SO,2536790,False
2026-27,4393,Kingston Wheatley,Florida Gulf Coast,-1.41971678895754,-0.786246238983178,-2.20596302794071,0,0,0,0,0,0,0,0,NA,NA,FR,60100848,False
2026-27,4394,Turk Brown III,Florida Gulf Coast,-1.41971678895754,-0.786246238983178,-2.20596302794071,0,0,0,0,0,0,0,0,NA,NA,FR,80155189,False
2026-27,4395,Colton Watson,Lehigh,-1.34211999531185,-0.86440022710024,-2.20652022241209,0,0,0,0,0,0,0,0,NA,NA,FR,131150402,False
2026-27,4396,Favour Ibe,Virginia,-2.18719552834935,-0.0197559593617907,-2.20695148771114,0,0,0,0,0,0,0,0,NA,NA,FR,212594120,False
2026-27,4397,Mike White,Louisiana-Monroe,-1.41735480374208,-0.790425341606344,-2.20778014534843,0,0,0,0,0,0,0,0,NA,NA,FR,198530936,False
2026-27,4398,Rodney Westmoreland III,North Carolina A&T,-1.44545289824117,-0.762404877151312,-2.20785777539248,0,0,0,0,0,0,0,0,NA,NA,FR,216396681,False
2026-27,4399,Dylan Godfrey,Binghamton,-1.34646422244376,-0.864071772931291,-2.21053599537506,0,0,0,0,0,0,0,0,NA,NA,SR,2291244,False
2026-27,4400,Amir Williams,West Georgia,-1.17613258168061,-1.03449144708842,-2.21062402876902,0,0,0,0,0,0,0,0,NA,NA,JR,2291375,False
2026-27,4401,Sayerr Senghore,Binghamton,-1.40488197949836,-0.805919013799025,-2.21080099329739,0,0,0,0,0,0,0,0,NA,NA,SR,2352247,False
2026-27,4402,Jero Chun-Chieh Yang,Texas Southern,-1.36957401644892,-0.842753679066689,-2.21232769551561,0,0,0,0,0,0,0,0,NA,NA,FR,200928920,False
2026-27,4403,Zaon Collins,Ball State,-1.28181191725403,-0.932444696813162,-2.2142566140672,0,0,0,0,0,0,0,0,NA,NA,FR,155164729,False
2026-27,4404,Kijani Wright,Ball State,-1.28181191725403,-0.932444696813162,-2.2142566140672,0,0,0,0,0,0,0,0,NA,NA,FR,149632461,False
2026-27,4405,Brandon Ivery,North Carolina A&T,-1.46588439920529,-0.748444570434323,-2.21432896963961,0,0,0,0,0,0,0,0,NA,NA,FR,80261156,False
2026-27,4406,DJ Cason,Incarnate Word,-1.32054424401662,-0.894130933153072,-2.2146751771697,0,0,0,0,0,0,0,0,NA,NA,FR,226568964,False
2026-27,4407,Jake Pike,Lehigh,-1.7940544160807,-0.423121328043842,-2.21717574412454,0,0,0,0,0,0,0,0,NA,NA,SR,2099014,False
2026-27,4408,Godswill Erheriene,Incarnate Word,-1.33297852296942,-0.886091909025191,-2.21907043199461,0,0,0,0,0,0,0,0,NA,NA,FR,169129861,False
2026-27,4409,Mavrick Miller,High Point,-1.250535210848,-0.970891765260314,-2.22142697610832,0,0,0,0,0,0,0,0,NA,NA,JR,2321279,False
2026-27,4410,CJ Larry,Northwestern State,-1.79797142103707,-0.42523619699934,-2.22320761803641,0,0,0,0,0,0,0,0,NA,NA,SO,2569007,False
2026-27,4411,Antonio Hurns,North Carolina A&T,-1.46354985699122,-0.760363978786787,-2.22391383577801,0,0,0,0,0,0,0,0,NA,NA,FR,163766156,False
2026-27,4412,Danny Delgardo III,North Carolina A&T,-1.46385789310648,-0.761263525392143,-2.22512141849863,0,0,0,0,0,0,0,0,NA,NA,FR,146161430,False
2026-27,4413,Jamison Lynam,La Salle,-1.58104178593139,-0.644577531916851,-2.22561931784824,0,0,0,0,0,0,0,0,NA,NA,FR,20369096,False
2026-27,4414,Chris Pare,Incarnate Word,-1.33734967258601,-0.888455925427501,-2.22580559801351,0,0,0,0,0,0,0,0,NA,NA,FR,20342247,False
2026-27,4415,Xavier McKinney,Cleveland State,-0.894011154278263,-1.33197141710134,-2.22598257137961,0,0,0,0,0,0,0,0,NA,NA,FR,266772942,False
2026-27,4416,Ashton Magee,Mississippi State,-1.23540153756404,-0.991053670489452,-2.22645520805349,0,0,0,0,0,0,0,0,NA,NA,SO,2550791,False
2026-27,4417,Shiyloh Fisher,Georgia State,-1.03255718650666,-1.19462722146788,-2.22718440797454,0,0,0,0,0,0,0,0,NA,NA,FR,26603611,False
2026-27,4418,Josh Scott,Lipscomb,-1.06194686930099,-1.16533741262808,-2.22728428192908,0,0,0,0,0,0,0,0,NA,NA,SO,2561045,False
2026-27,4419,Luke Jack,Lipscomb,-1.06194686930099,-1.16533741262808,-2.22728428192908,0,0,0,0,0,0,0,0,NA,NA,SO,2561042,False
2026-27,4420,Devyn Martin,Lipscomb,-1.06194686930099,-1.16533741262808,-2.22728428192908,0,0,0,0,0,0,0,0,NA,NA,SO,2561043,False
2026-27,4421,Hendrix Loughridge,Lipscomb,-1.06194686930099,-1.16533741262808,-2.22728428192908,0,0,0,0,0,0,0,0,NA,NA,FR,29772867,False
2026-27,4422,Zion Wells,Lipscomb,-1.06194686930099,-1.16533741262808,-2.22728428192908,0,0,0,0,0,0,0,0,NA,NA,FR,237125288,False
2026-27,4423,Vuk Visnjic,Lipscomb,-1.06194686930099,-1.16533741262808,-2.22728428192908,0,0,0,0,0,0,0,0,NA,NA,FR,184263485,False
2026-27,4424,Jayden Thomas,Incarnate Word,-1.33081665448255,-0.897626713225226,-2.22844336770777,0,0,0,0,0,0,0,0,NA,NA,FR,221237736,False
2026-27,4425,Aidan Losiewicz,New Haven,-1.61498489044781,-0.614381929476402,-2.22936681992421,0,0,0,0,0,0,0,0,NA,NA,SO,2531834,False
2026-27,4426,Mason Pandov,East Carolina,-1.92863531984995,-0.302039099163133,-2.23067441901309,0,0,0,0,0,0,0,0,NA,NA,FR,159568116,False
2026-27,4427,Chris Tshibola,Lehigh,-1.36680247915087,-0.86440022710024,-2.23120270625111,0,0,0,0,0,0,0,0,NA,NA,FR,17532581,False
2026-27,4428,Kollin Tolbert,East Texas A&M,-1.37092018437098,-0.86046352961623,-2.23138371398721,0,0,0,0,0,0,0,0,NA,NA,SR,1909452,False
2026-27,4429,Cheick Sylla,Massachusetts,-1.29624851164219,-0.935406609823438,-2.23165512146563,0,0,0,0,0,0,0,0,NA,NA,FR,184307543,False
2026-27,4430,Nate Djanogly,Lehigh,-1.36738710734384,-0.86440022710024,-2.23178733444408,0,0,0,0,0,0,0,0,NA,NA,FR,162767187,False
2026-27,4431,Carter Cohen,Lehigh,-1.36793069905635,-0.86440022710024,-2.23233092615659,0,0,0,0,0,0,0,0,NA,NA,FR,239325241,False
2026-27,4432,Josh Smith,Southern Indiana,-1.6014887524924,-0.631999698243506,-2.23348845073591,0,0,0,0,0,0,0,0,NA,NA,FR,109428760,False
2026-27,4433,Carson Smith,North Dakota State,-1.14227617381551,-1.09193737442481,-2.23421354824032,0,0,0,0,0,0,0,0,NA,NA,SO,2313629,False
2026-27,4434,Guillaume Schoentgen,Louisiana-Monroe,-1.46271302475017,-0.773079908667063,-2.23579293341723,0,0,0,0,0,0,0,0,NA,NA,FR,175861052,False
2026-27,4435,Elton James,Georgia Southern,-1.84255662778183,-0.393633328719708,-2.23618995650153,0,0,0,0,0,0,0,0,NA,NA,FR,19435097,False
2026-27,4436,Ricky Hewell,Texas Southern,-1.39379691148411,-0.842753679066689,-2.2365505905508,0,0,0,0,0,0,0,0,NA,NA,FR,136680824,False
2026-27,4437,Braylan Ritvo,Quinnipiac,-1.53452653998697,-0.704977304594964,-2.23950384458194,0,0,0,0,0,0,0,0,NA,NA,SO,2350364,False
2026-27,4438,Maksym Hryshchuk,Southern Indiana,-1.60204911522531,-0.639263765064147,-2.24131288028946,0,0,0,0,0,0,0,0,NA,NA,FR,58245267,False
2026-27,4439,Niklas Polonowski,Penn,-0.878874663424094,-1.36575059555876,-2.24462525898285,0,0,0,0,0,0,0,0,NA,NA,SR,2143466,False
2026-27,4440,Dwayne Williams Jr.,Georgia Southern,-0.633122361134734,-1.61204750591409,-2.24516986704882,0,0,0,0,0,0,0,0,NA,NA,SO,2472419,False
2026-27,4441,Corey Lowery,Texas Southern,-1.40400372078109,-0.842753679066689,-2.24675739984778,0,0,0,0,0,0,0,0,NA,NA,FR,57768280,False
2026-27,4442,Devin Brown,Alabama A&M,-1.83978391426903,-0.408166983788282,-2.24795089805732,0,0,0,0,0,0,0,0,NA,NA,SO,2533922,False
2026-27,4443,Didier Maleng,Southern Indiana,-1.59829361163814,-0.649972817949718,-2.24826642958786,0,0,0,0,0,0,0,0,NA,NA,FR,30518673,False
2026-27,4444,Asa Kohn,North Florida,-1.32995410037001,-0.918446733219688,-2.2484008335897,0,0,0,0,0,0,0,0,NA,NA,FR,37974817,False
2026-27,4445,Christopher Perry,North Florida,-1.32995410037001,-0.919575954018799,-2.24953005438881,0,0,0,0,0,0,0,0,NA,NA,FR,32865522,False
2026-27,4446,Ahmed Nedal Abdelrahman,Texas Southern,-1.53463574338874,-0.715233743132069,-2.24986948652081,0,0,0,0,0,0,0,0,NA,NA,SO,2567163,False
2026-27,4447,David Emetu,Incarnate Word,-1.37307647322995,-0.877683683045829,-2.25076015627578,0,0,0,0,0,0,0,0,NA,NA,FR,127953215,False
2026-27,4448,Ben Wesson,Longwood,-1.82820038698374,-0.42478350805726,-2.252983895041,0,0,0,0,0,0,0,0,NA,NA,JR,2314296,False
2026-27,4449,Derwin Hodge,South Carolina State,-2.20824115218202,-0.04592983187349,-2.25417098405551,0,0,0,0,0,0,0,0,NA,NA,SO,2557664,False
2026-27,4450,Johann Pautsch,Southern Indiana,-1.60691838811564,-0.650350632052513,-2.25726902016815,0,0,0,0,0,0,0,0,NA,NA,FR,179828372,False
2026-27,4451,Nathan Ojukwu,Northwestern State,-1.5735857374218,-0.685149047796865,-2.25873478521866,0,0,0,0,0,0,0,0,NA,NA,FR,22921791,False
2026-27,4452,Josiah Cunningham,Columbia,-1.21276313905629,-1.04605970728891,-2.25882284634519,0,0,0,0,0,0,0,0,NA,NA,JR,2289033,False
2026-27,4453,Krisnan-Cole Ioane,Incarnate Word,-1.35038875166715,-0.909232090265311,-2.25962084193246,0,0,0,0,0,0,0,0,NA,NA,FR,223871029,False
2026-27,4454,Clayton Parker,Morehead State,-0.996013647184726,-1.26383038679318,-2.2598440339779,0,0,0,0,0,0,0,0,NA,NA,SO,2550046,False
2026-27,4455,Bryan Little,East Carolina,-1.92863531984995,-0.33155148455205,-2.260186804402,0,0,0,0,0,0,0,0,NA,NA,FR,132919663,False
2026-27,4456,Kaden Stuckey,Le Moyne,-1.95423466648574,-0.306311255168922,-2.26054592165466,0,0,0,0,0,0,0,0,NA,NA,JR,2328973,False
2026-27,4457,Evan Romano,Buffalo,-1.10116994925188,-1.15958190642432,-2.2607518556762,0,0,0,0,0,0,0,0,NA,NA,SO,2472148,False
2026-27,4458,Hedrens Bartelus,North Florida,-1.32995410037001,-0.934977896546762,-2.26493199691677,0,0,0,0,0,0,0,0,NA,NA,FR,185239684,False
2026-27,4459,Korbin Dixon,Elon,-1.45680032608122,-0.808344528364219,-2.26514485444544,0,0,0,0,0,0,0,0,NA,NA,FR,85286424,False
2026-27,4460,Jayden Nesbitt,Northwestern State,-1.5735857374218,-0.691865887763872,-2.26545162518567,0,0,0,0,0,0,0,0,NA,NA,FR,211868878,False
2026-27,4461,Kobe Walker,Valparaiso,-1.27883013927866,-0.987075579461522,-2.26590571874018,0,0,0,0,0,0,0,0,NA,NA,SO,2536617,False
2026-27,4462,Arneecia Romeo,Texas Southern,-1.42341721882456,-0.842753679066689,-2.26617089789125,0,0,0,0,0,0,0,0,NA,NA,FR,170452113,False
2026-27,4463,John Fleeman,Chattanooga,-1.23975180441008,-1.02643959148762,-2.2661913958977,0,0,0,0,0,0,0,0,NA,NA,FR,150346445,False
2026-27,4464,Matt Hampton,Chattanooga,-1.23975180441008,-1.02643959148762,-2.2661913958977,0,0,0,0,0,0,0,0,NA,NA,FR,114553978,False
2026-27,4465,Cooper Nelson,Louisiana-Monroe,-1.46207939346353,-0.80449323694708,-2.26657263041061,0,0,0,0,0,0,0,0,NA,NA,FR,120537230,False
2026-27,4466,Cam Kelly,Northwestern State,-1.5735857374218,-0.694349147140055,-2.26793488456185,0,0,0,0,0,0,0,0,NA,NA,FR,13330934,False
2026-27,4467,Grant Chamberlain,Louisiana-Monroe,-1.46689161650971,-0.801426503946851,-2.26831812045656,0,0,0,0,0,0,0,0,NA,NA,FR,92855781,False
2026-27,4468,Jakeel Registe,Louisiana-Monroe,-1.47881851255799,-0.789999748954597,-2.26881826151258,0,0,0,0,0,0,0,0,NA,NA,FR,99122947,False
2026-27,4469,Jeremy Clayville,Le Moyne,-0.682845208928201,-1.58600294123524,-2.26884815016344,0,0,0,0,0,0,0,0,NA,NA,JR,2319683,False
2026-27,4470,Arne Osojnik,Northwestern State,-1.5735857374218,-0.695511070910128,-2.26909680833192,0,0,0,0,0,0,0,0,NA,NA,FR,19298991,False
2026-27,4471,Ethan Bergantino,North Florida,-1.32995410037001,-0.939827539778452,-2.26978164014846,0,0,0,0,0,0,0,0,NA,NA,FR,220155268,False
2026-27,4472,Doyle Brown,Northwestern State,-1.5735857374218,-0.696943444731398,-2.27052918215319,0,0,0,0,0,0,0,0,NA,NA,FR,39397537,False
2026-27,4473,Paul Jones III,James Madison,-0.687568426595338,-1.58348481223009,-2.27105323882543,0,0,0,0,0,0,0,0,NA,NA,JR,2351940,False
2026-27,4474,Trey Harris,Tarleton State,-1.55533116990793,-0.716728059486776,-2.2720592293947,0,0,0,0,0,0,0,0,NA,NA,SO,65830881,False
2026-27,4475,Xavier Nesbitt,Harvard,-1.88110959750949,-0.391190932242939,-2.27230052975243,0,0,0,0,0,0,0,0,NA,NA,SR,2111758,False
2026-27,4476,Jonathan Niv,Colgate,-1.49524655857048,-0.777799343997044,-2.27304590256753,0,0,0,0,0,0,0,0,NA,NA,SO,2474937,False
2026-27,4477,Kingston McKoy,Colgate,-1.49524655857048,-0.777799343997044,-2.27304590256753,0,0,0,0,0,0,0,0,NA,NA,FR,157752202,False
2026-27,4478,Jayden Harrington,Colgate,-1.49524655857048,-0.777799343997044,-2.27304590256753,0,0,0,0,0,0,0,0,NA,NA,FR,202722302,False
2026-27,4479,Dominic Hayes,Texas Southern,-1.43105476344211,-0.842753679066689,-2.2738084425088,0,0,0,0,0,0,0,0,NA,NA,FR,16848091,False
2026-27,4480,Or Faran Frenkel,Mercyhurst,-1.27707480844891,-0.998108857480304,-2.27518366592921,0,0,0,0,0,0,0,0,NA,NA,SO,2555393,False
2026-27,4481,Cassius Bonjasky,The Citadel,-1.40564127294728,-0.869674232853687,-2.27531550580097,0,0,0,0,0,0,0,0,NA,NA,SR,2548101,False
2026-27,4482,Abdoulaye Fall,Albany,-1.23695677595139,-1.03894515417427,-2.27590193012565,0,0,0,0,0,0,0,0,NA,NA,SR,2549080,False
2026-27,4483,Ayuba Bryant Jr.,North Florida,-1.32995410037001,-0.946993815360378,-2.27694791573039,0,0,0,0,0,0,0,0,NA,NA,FR,84777775,False
2026-27,4484,Isaiah Henderson,Siena,-0.472950605006631,-1.8045205321708,-2.27747113717743,0,0,0,0,0,0,0,0,NA,NA,SO,2506614,False
2026-27,4485,Kam Clark,Houston Christian,-1.57612885041889,-0.705600190634412,-2.28172904105331,0,0,0,0,0,0,0,0,NA,NA,SR,2549968,False
2026-27,4486,Anthony Moore,Cal Poly,-1.32549265624693,-0.95751442469072,-2.28300708093765,0,0,0,0,0,0,0,0,NA,NA,SO,2541452,False
2026-27,4487,IJ Ezuma,Bethune-Cookman,-1.69705185365353,-0.586956910196774,-2.2840087638503,0,0,0,0,0,0,0,0,NA,NA,SR,1727511,False
2026-27,4488,Leo Ricketts,Loyola Maryland,-1.35165730368295,-0.933502665094038,-2.28515996877698,0,0,0,0,0,0,0,0,NA,NA,FR,226525975,False
2026-27,4489,Seth Brown,Gardner-Webb,-1.10892331880142,-1.17626886607676,-2.28519218487818,0,0,0,0,0,0,0,0,NA,NA,SR,227992261,False
2026-27,4490,Boogii Remo,Northwestern State,-1.5735857374218,-0.714685594354119,-2.28827133177591,0,0,0,0,0,0,0,0,NA,NA,FR,44183465,False
2026-27,4491,Seamus Bieg,Loyola Maryland,-1.35598459184889,-0.933502665094038,-2.28948725694293,0,0,0,0,0,0,0,0,NA,NA,FR,11914303,False
2026-27,4492,Antoine Arnett,IU Indy,-1.15752602295963,-1.13296842894152,-2.29049445190116,0,0,0,0,0,0,0,0,NA,NA,JR,50554636,False
2026-27,4493,Delano Tarpley,UTEP,-1.66288870175037,-0.627897938512272,-2.29078664026264,0,0,0,0,0,0,0,0,NA,NA,FR,81208909,False
2026-27,4494,"Anthony Arrington, Jr.",Mount St. Mary's,-1.43691963421272,-0.854885962966377,-2.29180559717909,0,0,0,0,0,0,0,0,NA,NA,SR,1889974,False
2026-27,4495,Terrance Hampton,Alabama State,-1.69168169217784,-0.601021562622634,-2.29270325480047,0,0,0,0,0,0,0,0,NA,NA,FR,259067846,False
2026-27,4496,Prince Mensah,Alabama State,-1.69354332713944,-0.601970607721245,-2.29551393486069,0,0,0,0,0,0,0,0,NA,NA,FR,2308504,False
2026-27,4497,Ebo Wilson,Jackson State,-1.91888706463822,-0.377527731277851,-2.29641479591607,0,0,0,0,0,0,0,0,NA,NA,JR,2321177,False
2026-27,4498,Martins Adonry,Louisiana-Monroe,-1.49583000068756,-0.801178165127587,-2.29700816581514,0,0,0,0,0,0,0,0,NA,NA,FR,236114297,False
2026-27,4499,Augustine Ayelyine,Presbyterian,-1.5906399416371,-0.708305370296938,-2.29894531193404,0,0,0,0,0,0,0,0,NA,NA,SO,2550125,False
2026-27,4500,Joseph Martinez,Tarleton State,-1.24598213451681,-1.0534829504248,-2.29946508494161,0,0,0,0,0,0,0,0,NA,NA,SR,2128759,False
2026-27,4501,Drew Harris,Howard,-0.992128085640978,-1.31222200568793,-2.30435009132891,0,0,0,0,0,0,0,0,NA,NA,FR,73226633,False
2026-27,4502,Howard Eisley Jr.,Michigan,-1.43032226793063,-0.875654884804982,-2.30597715273561,0,0,0,0,0,0,0,0,NA,NA,JR,2293070,False
2026-27,4503,Ma'Shy Hill,Jacksonville State,-2.25946065530668,-0.0483954874538709,-2.30785614276055,0,0,0,0,0,0,0,0,NA,NA,SR,2125332,False
2026-27,4504,Zeke Walker,Loyola Maryland,-1.37467413308195,-0.933502665094038,-2.30817679817598,0,0,0,0,0,0,0,0,NA,NA,FR,116022759,False
2026-27,4505,Hasting Stewart,Alabama State,-1.70129781316636,-0.610240252595526,-2.31153806576189,0,0,0,0,0,0,0,0,NA,NA,FR,187765724,False
2026-27,4506,DeZhon Hall,Southern Utah,-0.989675103606276,-1.32253192184868,-2.31220702545496,0,0,0,0,0,0,0,0,NA,NA,FR,163821141,False
2026-27,4507,KiJan Robinson,Binghamton,-0.459922766914539,-1.85244513515753,-2.31236790207207,0,0,0,0,0,0,0,0,NA,NA,SR,2092554,False
2026-27,4508,Mooda Gittens,Sacred Heart,-1.47249292658218,-0.841162838725872,-2.31365576530806,0,0,0,0,0,0,0,0,NA,NA,SO,2533877,False
2026-27,4509,Jahmari Hamilton-Brown,Arkansas-Pine Bluff,-1.41620806345722,-0.899902607515849,-2.31611067097307,0,0,0,0,0,0,0,0,NA,NA,SR,2162144,False
2026-27,4510,Paul McMillan IV,Alabama State,-1.73791455817358,-0.578644215702619,-2.3165587738762,0,0,0,0,0,0,0,0,NA,NA,FR,179654466,False
2026-27,4511,Jackson Rogers,Alabama State,-1.72547773011677,-0.59179479291521,-2.31727252303198,0,0,0,0,0,0,0,0,NA,NA,FR,149179414,False
2026-27,4512,Vernon Collins,UNC Greensboro,-1.39967532156071,-0.919010395933168,-2.31868571749388,0,0,0,0,0,0,0,0,NA,NA,SR,1924950,False
2026-27,4513,Charles Barnes,UNC Greensboro,-1.39967532156071,-0.919010395933168,-2.31868571749388,0,0,0,0,0,0,0,0,NA,NA,FR,58830238,False
2026-27,4514,Cael LaFrentz,UNC Greensboro,-1.39967532156071,-0.919010395933168,-2.31868571749388,0,0,0,0,0,0,0,0,NA,NA,FR,80735279,False
2026-27,4515,Martin Giant,UNC Greensboro,-1.39967532156071,-0.919010395933168,-2.31868571749388,0,0,0,0,0,0,0,0,NA,NA,FR,103479560,False
2026-27,4516,Marquintez Dixon,Alabama State,-1.72495289328187,-0.595890606345952,-2.32084349962782,0,0,0,0,0,0,0,0,NA,NA,FR,19045212,False
2026-27,4517,Jude Haigh,Holy Cross,-1.46023534137573,-0.86068859682136,-2.32092393819709,0,0,0,0,0,0,0,0,NA,NA,SO,2534857,False
2026-27,4518,Austin Cross,UMBC,-0.728073638546112,-1.59347647992662,-2.32155011847273,0,0,0,0,0,0,0,0,NA,NA,SO,2318975,False
2026-27,4519,Luke Kennevan,Cornell,-0.899565695003901,-1.42536613863461,-2.32493183363851,0,0,0,0,0,0,0,0,NA,NA,SO,148074097,False
2026-27,4520,Coleman Elkins,Texas,-1.50018990702721,-0.825225560524574,-2.32541546755178,0,0,0,0,0,0,0,0,NA,NA,FR,86284968,False
2026-27,4521,Matthew Zobrist,Belmont,-1.23683374146307,-1.08869078601709,-2.32552452748017,0,0,0,0,0,0,0,0,NA,NA,SO,2474409,False
2026-27,4522,Chancellor Perkins,Grambling,-0.808111146877282,-1.51941654090996,-2.32752768778724,0,0,0,0,0,0,0,0,NA,NA,SO,2566983,False
2026-27,4523,Hassane Diallo,Prairie View,-2.42019815237776,0.0926053709301374,-2.32759278144762,0,0,0,0,0,0,0,0,NA,NA,SR,2160328,False
2026-27,4524,Tre Powell,Alabama State,-1.71416078791335,-0.616561078657385,-2.33072186657074,0,0,0,0,0,0,0,0,NA,NA,FR,77440520,False
2026-27,4525,Dimitrije Kovacevic,Mercer,-1.67379529147926,-0.659525856225225,-2.33332114770448,0,0,0,0,0,0,0,0,NA,NA,SO,2505102,False
2026-27,4526,Manos Koveos,Mercer,-1.67379529147926,-0.659525856225225,-2.33332114770448,0,0,0,0,0,0,0,0,NA,NA,FR,196282027,False
2026-27,4527,Shane Cherry,Mercer,-1.67379529147926,-0.659525856225225,-2.33332114770448,0,0,0,0,0,0,0,0,NA,NA,FR,82011526,False
2026-27,4528,Harrison Lyttle,Mercer,-1.67379529147926,-0.659525856225225,-2.33332114770448,0,0,0,0,0,0,0,0,NA,NA,FR,245286319,False
2026-27,4529,Ryder Cate,Mercer,-1.67379529147926,-0.659525856225225,-2.33332114770448,0,0,0,0,0,0,0,0,NA,NA,FR,64690509,False
2026-27,4530,Josh Jackson,Mercer,-1.67379529147926,-0.659525856225225,-2.33332114770448,0,0,0,0,0,0,0,0,NA,NA,FR,119419770,False
2026-27,4531,Jayden Mott,Central Connecticut,-2.44022780172675,0.106496639984065,-2.33373116174268,0,0,0,0,0,0,0,0,NA,NA,JR,2333249,False
2026-27,4532,Ryan Zan,New Hampshire,-1.21884810436342,-1.11541585654571,-2.33426396090913,0,0,0,0,0,0,0,0,NA,NA,SR,1932419,False
2026-27,4533,Braden Freeman,Cal Poly,-1.37709115629146,-0.95751442469072,-2.33460558098218,0,0,0,0,0,0,0,0,NA,NA,SO,2544043,False
2026-27,4534,Khalil Williams,Le Moyne,-1.46346620034975,-0.871346674827024,-2.33481287517677,0,0,0,0,0,0,0,0,NA,NA,JR,2311195,False
2026-27,4535,Kellen Hampton,Hawaii,-1.61778848606999,-0.717063673458722,-2.33485215952872,0,0,0,0,0,0,0,0,NA,NA,SO,2539081,False
2026-27,4536,Fallou Diagne,Southern Mississippi,-1.72237262804597,-0.615327940717862,-2.33770056876383,0,0,0,0,0,0,0,0,NA,NA,SR,1911403,False
2026-27,4537,Sebastian Whitfield,Princeton,-1.51321114713017,-0.825844618494867,-2.33905576562504,0,0,0,0,0,0,0,0,NA,NA,SO,2505016,False
2026-27,4538,Brendan Martin,Air Force,-1.46852892526984,-0.874280632324292,-2.34280955759413,0,0,0,0,0,0,0,0,NA,NA,SO,2505128,False
2026-27,4539,Aram Soqui Urbano,Merrimack,-0.90298479926783,-1.44122686052189,-2.34421165978972,0,0,0,0,0,0,0,0,NA,NA,SO,2543788,False
2026-27,4540,Cam Swearengen,South Dakota State,-1.99888322600027,-0.345495724543506,-2.34437895054378,0,0,0,0,0,0,0,0,NA,NA,FR,38279146,False
2026-27,4541,Max Weisbrod,Northern Illinois,-1.67032571357055,-0.676943264320196,-2.34726897789075,0,0,0,0,0,0,0,0,NA,NA,FR,222707711,False
2026-27,4542,Daniel Ogunyemi,Yale,-1.64452790186624,-0.702979912730181,-2.34750781459642,0,0,0,0,0,0,0,0,NA,NA,SO,2472183,False
2026-27,4543,Braylon Patton,North Alabama,-1.47331265544396,-0.875849693976976,-2.34916234942094,0,0,0,0,0,0,0,0,NA,NA,SO,2563756,False
2026-27,4544,Frank Oguche,Charlotte,-0.950695103966858,-1.3987832835032,-2.34947838747005,0,0,0,0,0,0,0,0,NA,NA,SO,2541056,False
2026-27,4545,Jesse Van Kalsbeek,South Dakota State,-1.99888322600027,-0.35173677627621,-2.35062000227648,0,0,0,0,0,0,0,0,NA,NA,FR,129961168,False
2026-27,4546,Maddox Palmer,Jacksonville,-1.27044498473558,-1.08122752039698,-2.35167250513256,0,0,0,0,0,0,0,0,NA,NA,FR,88130304,False
2026-27,4547,Matt Gaffney,Navy,-1.63627021665325,-0.715968954740137,-2.35223917139339,0,0,0,0,0,0,0,0,NA,NA,SO,2533177,False
2026-27,4548,Kordrick Turner,Northwestern State,-1.13417817505161,-1.21920592936244,-2.35338410441405,0,0,0,0,0,0,0,0,NA,NA,SR,2569010,False
2026-27,4549,Henry Lau,Long Beach State,-0.963419978386104,-1.39085589154764,-2.35427586993374,0,0,0,0,0,0,0,0,NA,NA,SO,2538928,False
2026-27,4550,Jamal Chretien II,New Orleans,-0.768579466815986,-1.58653657550377,-2.35511604231976,0,0,0,0,0,0,0,0,NA,NA,SO,2489661,False
2026-27,4551,Izaya Larthridge,Northern Illinois,-1.69454725234449,-0.66172025200275,-2.35626750434724,0,0,0,0,0,0,0,0,NA,NA,FR,248270448,False
2026-27,4552,Semaj Stampley,South Dakota State,-1.99888322600027,-0.357782320593903,-2.35666554659417,0,0,0,0,0,0,0,0,NA,NA,FR,124974389,False
2026-27,4553,Gio Quiles,Drake,-1.1783907177714,-1.1783907177714,-2.3567814355428,0,0,0,0,0,0,0,0,NA,NA,FR,157252526,False
2026-27,4554,Orlando Lovejoy,Green Bay,-1.52070224985937,-0.836159997170945,-2.35686224703031,0,0,0,0,0,0,0,0,NA,NA,FR,126679000,False
2026-27,4555,Diovion Famakinde,Alabama A&M,-1.85673513011304,-0.504589504947509,-2.36132463506055,0,0,0,0,0,0,0,0,NA,NA,FR,135976370,False
2026-27,4556,Kevin Paul,Alabama A&M,-1.86698764532282,-0.49494847294791,-2.36193611827073,0,0,0,0,0,0,0,0,NA,NA,FR,42201815,False
2026-27,4557,Kellan Lewis,Hampton,-1.42475709668165,-0.937661737597992,-2.36241883427964,0,0,0,0,0,0,0,0,NA,NA,JR,2273132,False
2026-27,4558,Junior Sileu,Nicholls State,-1.75643935102128,-0.606096074115628,-2.3625354251369,0,0,0,0,0,0,0,0,NA,NA,SO,2302955,False
2026-27,4559,Ne'quan Brown,Green Bay,-1.52070224985937,-0.847003381025917,-2.36770563088528,0,0,0,0,0,0,0,0,NA,NA,FR,104531723,False
2026-27,4560,Kaur Tomann,Boise State,-1.54251811337214,-0.82742149024,-2.36993960361214,0,0,0,0,0,0,0,0,NA,NA,FR,122645749,False
2026-27,4561,Samuel Mbingazo,Jacksonville,-1.28994215620337,-1.08122752039698,-2.37116967660035,0,0,0,0,0,0,0,0,NA,NA,FR,110891597,False
2026-27,4562,Bryson Wilson,Saint Peter's,-2.16322387048187,-0.208121682103335,-2.37134555258521,0,0,0,0,0,0,0,0,NA,NA,SR,2134480,False
2026-27,4563,Dante Favor,Detroit,-0.941971573006036,-1.43141851298244,-2.37339008598848,0,0,0,0,0,0,0,0,NA,NA,FR,135965212,False
2026-27,4564,Kevin Pikiell,Sacred Heart,-1.47249292658218,-0.901071483526575,-2.37356441010876,0,0,0,0,0,0,0,0,NA,NA,SO,2533879,False
2026-27,4565,Martin Minarovjech,Lamar,-1.44358259589087,-0.93146141666276,-2.37504401255363,0,0,0,0,0,0,0,0,NA,NA,FR,124789124,False
2026-27,4566,Mason Watkins,North Florida,-1.32995410037001,-1.04591792566055,-2.37587202603056,0,0,0,0,0,0,0,0,NA,NA,SO,2475165,False
2026-27,4567,M.J. Wardlow,Lamar,-1.44492367615134,-0.93146141666276,-2.3763850928141,0,0,0,0,0,0,0,0,NA,NA,FR,130285883,False
2026-27,4568,Julius Gizzi,Bellarmine,-1.42035065167653,-0.958386737125695,-2.37873738880222,0,0,0,0,0,0,0,0,NA,NA,FR,162793146,False
2026-27,4569,Max Majerle,Northern Arizona,-1.13635868361258,-1.243119858221,-2.37947854183358,0,0,0,0,0,0,0,0,NA,NA,SR,1910776,False
2026-27,4570,Imoh Erims,Grambling,-1.90490132468476,-0.475634341372955,-2.38053566605771,0,0,0,0,0,0,0,0,NA,NA,FR,238151565,False
2026-27,4571,Mason Darrell,Bellarmine,-1.42035065167653,-0.962012506005228,-2.38236315768176,0,0,0,0,0,0,0,0,NA,NA,FR,136512372,False
2026-27,4572,Ries Naugle,South Carolina Upstate,-0.81924476851414,-1.56418332075556,-2.3834280892697,0,0,0,0,0,0,0,0,NA,NA,SO,152723474,False
2026-27,4573,Marco John Wuol,UC Santa Barbara,-1.31900676434515,-1.06471221568894,-2.38371898003408,0,0,0,0,0,0,0,0,NA,NA,FR,204486036,False
2026-27,4574,Demarcus Surratt,Bellarmine,-1.42035065167653,-0.964372095156954,-2.38472274683348,0,0,0,0,0,0,0,0,NA,NA,FR,160658388,False
2026-27,4575,Max Ellis,UMass Lowell,-1.97961956668671,-0.40543760301113,-2.38505716969784,0,0,0,0,0,0,0,0,NA,NA,FR,256812839,False
2026-27,4576,Mason Nicholson,Georgia State,-1.19077549532907,-1.19462722146788,-2.38540271679695,0,0,0,0,0,0,0,0,NA,NA,SR,1889871,False
2026-27,4577,Max Ndlovu-Fraser,Long Island,-1.60398079183108,-0.781600451976786,-2.38558124380787,0,0,0,0,0,0,0,0,NA,NA,SO,2559448,False
2026-27,4578,Roland Swan,Bellarmine,-1.42035065167653,-0.965269964192777,-2.38562061586931,0,0,0,0,0,0,0,0,NA,NA,FR,220172031,False
2026-27,4579,Brady Klopfenstein,Bellarmine,-1.42035065167653,-0.966816739093635,-2.38716739077016,0,0,0,0,0,0,0,0,NA,NA,FR,228106296,False
2026-27,4580,Devontes Cobbs,Alabama A&M,-1.86497913755515,-0.522828041350208,-2.38780717890536,0,0,0,0,0,0,0,0,NA,NA,FR,195972671,False
2026-27,4581,Alexander Bryant,American,-1.78345710391278,-0.604919266394404,-2.38837637030719,0,0,0,0,0,0,0,0,NA,NA,FR,147238735,False
2026-27,4582,Santana Lynch,Lamar,-1.4582438488985,-0.93146141666276,-2.38970526556126,0,0,0,0,0,0,0,0,NA,NA,FR,152139368,False
2026-27,4583,Greg Grays Jr.,Detroit,-0.959000190786855,-1.43141851298244,-2.3904187037693,0,0,0,0,0,0,0,0,NA,NA,FR,163784914,False
2026-27,4584,Karson Ouse,North Dakota,-1.47800444483549,-0.912661474757292,-2.39066591959278,0,0,0,0,0,0,0,0,NA,NA,SO,2506819,False
2026-27,4585,Jaden Flemons,UMass Lowell,-1.97961956668671,-0.412767881353423,-2.39238744804013,0,0,0,0,0,0,0,0,NA,NA,FR,199441361,False
2026-27,4586,Vladyslav Semerych,Detroit,-0.962113556334137,-1.43141851298244,-2.39353206931658,0,0,0,0,0,0,0,0,NA,NA,FR,68472686,False
2026-27,4587,James Martin,Detroit,-0.962554397628507,-1.43141851298244,-2.39397291061095,0,0,0,0,0,0,0,0,NA,NA,FR,138728464,False
2026-27,4588,Evan Harrell,Bellarmine,-1.42035065167653,-0.973783188894701,-2.39413384057123,0,0,0,0,0,0,0,0,NA,NA,FR,95728999,False
2026-27,4589,Donovan Hand,UMass Lowell,-1.97961956668671,-0.414952569048924,-2.39457213573563,0,0,0,0,0,0,0,0,NA,NA,FR,37875482,False
2026-27,4590,KJ Perry,Fresno State,-1.66070828858574,-0.735910976995632,-2.39661926558137,0,0,0,0,0,0,0,0,NA,NA,JR,2616127,False
2026-27,4591,Nathan Zulemie,Fresno State,-1.66070828858574,-0.735910976995632,-2.39661926558137,0,0,0,0,0,0,0,0,NA,NA,SO,2543795,False
2026-27,4592,Justin Hinds,Air Force,-2.53883126215744,0.140629170095944,-2.3982020920615,0,0,0,0,0,0,0,0,NA,NA,SO,2505122,False
2026-27,4593,David Meriwether,Alabama A&M,-1.8785682063519,-0.520661689782676,-2.39922989613457,0,0,0,0,0,0,0,0,NA,NA,FR,232129367,False
2026-27,4594,Chance Houser,Detroit,-0.968999501458823,-1.43141851298244,-2.40041801444127,0,0,0,0,0,0,0,0,NA,NA,FR,191637442,False
2026-27,4595,Payton Kamin,Penn,-1.29219511450214,-1.11066680683283,-2.40286192133497,0,0,0,0,0,0,0,0,NA,NA,SO,2532440,False
2026-27,4596,William Kruse,Penn,-1.29219511450214,-1.11066680683283,-2.40286192133497,0,0,0,0,0,0,0,0,NA,NA,SO,2532441,False
2026-27,4597,Dorian Glogovac,Penn,-1.29219511450214,-1.11066680683283,-2.40286192133497,0,0,0,0,0,0,0,0,NA,NA,FR,205775463,False
2026-27,4598,Michael Pereira,Penn,-1.29219511450214,-1.11066680683283,-2.40286192133497,0,0,0,0,0,0,0,0,NA,NA,FR,111652819,False
2026-27,4599,Johnny Keenan,Penn,-1.29219511450214,-1.11066680683283,-2.40286192133497,0,0,0,0,0,0,0,0,NA,NA,FR,155545341,False
2026-27,4600,Chase Geremia,Penn,-1.29219511450214,-1.11066680683283,-2.40286192133497,0,0,0,0,0,0,0,0,NA,NA,FR,214430751,False
2026-27,4601,Abeeng Agot,Lamar,-1.47197410212214,-0.93146141666276,-2.4034355187849,0,0,0,0,0,0,0,0,NA,NA,FR,203190591,False
2026-27,4602,Colt Busse,East Tennessee State,-1.22598583385409,-1.17799829768594,-2.40398413154003,0,0,0,0,0,0,0,0,NA,NA,FR,129290269,False
2026-27,4603,Caleb Versher,San Diego,-1.45606680758415,-0.949298134417767,-2.40536494200192,0,0,0,0,0,0,0,0,NA,NA,SO,2533804,False
2026-27,4604,Jacob Hammond,Princeton,-1.78445755568017,-0.621926605523106,-2.40638416120328,0,0,0,0,0,0,0,0,NA,NA,SO,2505005,False
2026-27,4605,Tyler Owens,Detroit,-0.975151871089077,-1.43141851298244,-2.40657038407152,0,0,0,0,0,0,0,0,NA,NA,FR,188287022,False
2026-27,4606,Keaton Aldridge Jr.,Detroit,-0.977307872660147,-1.43141851298244,-2.40872638564259,0,0,0,0,0,0,0,0,NA,NA,FR,83944528,False
2026-27,4607,Kenyon Giles,UMass Lowell,-1.97961956668671,-0.430396032685552,-2.41001559937226,0,0,0,0,0,0,0,0,NA,NA,FR,67236275,False
2026-27,4608,Cole Farrell,Niagara,-1.15294741568259,-1.25993282022154,-2.41288023590412,0,0,0,0,0,0,0,0,NA,NA,SR,1895759,False
2026-27,4609,Mike Banks,Alabama A&M,-1.88618289865847,-0.526972207171001,-2.41315510582947,0,0,0,0,0,0,0,0,NA,NA,FR,152975868,False
2026-27,4610,Luka Lokhmanchuk,Youngstown State,-1.45262626838071,-0.961099134156196,-2.4137254025369,0,0,0,0,0,0,0,0,NA,NA,FR,175428310,False
2026-27,4611,Jamar Livingston,Youngstown State,-1.45262626838071,-0.961099134156196,-2.4137254025369,0,0,0,0,0,0,0,0,NA,NA,FR,108778563,False
2026-27,4612,Kaelen Destin,Youngstown State,-1.45262626838071,-0.961099134156196,-2.4137254025369,0,0,0,0,0,0,0,0,NA,NA,FR,27787187,False
2026-27,4613,Jacob Spurlock,Youngstown State,-1.45262626838071,-0.961099134156196,-2.4137254025369,0,0,0,0,0,0,0,0,NA,NA,FR,64941389,False
2026-27,4614,Ben Egbo,UC Irvine,-1.4252501414574,-0.988514215608388,-2.41376435706579,0,0,0,0,0,0,0,0,NA,NA,JR,2111156,False
2026-27,4615,Max Alexander,Houston Christian,-1.17714750253336,-1.23662570530108,-2.41377320783444,0,0,0,0,0,0,0,0,NA,NA,SR,151780810,False
2026-27,4616,Tre Hawkins,Delaware State,-0.892296727118874,-1.52211767769521,-2.41441440481408,0,0,0,0,0,0,0,0,NA,NA,JR,229749808,False
2026-27,4617,Brendan Tousignaut,Kennesaw State,-1.70233536011015,-0.712722095412587,-2.41505745552273,0,0,0,0,0,0,0,0,NA,NA,SO,2540436,False
2026-27,4618,Levi Ball,Kennesaw State,-1.70233536011015,-0.712722095412587,-2.41505745552273,0,0,0,0,0,0,0,0,NA,NA,FR,162252778,False
2026-27,4619,Antwane Daniels,Kennesaw State,-1.70233536011015,-0.712722095412587,-2.41505745552273,0,0,0,0,0,0,0,0,NA,NA,FR,69035448,False
2026-27,4620,Tobiaz Tolbert,Kennesaw State,-1.70233536011015,-0.712722095412587,-2.41505745552273,0,0,0,0,0,0,0,0,NA,NA,FR,254318556,False
2026-27,4621,Zyree Brown,Kennesaw State,-1.70233536011015,-0.712722095412587,-2.41505745552273,0,0,0,0,0,0,0,0,NA,NA,FR,255977707,False
2026-27,4622,Ginuwine Tropnas,Gardner-Webb,-2.25231465317675,-0.166416584984201,-2.41873123816095,0,0,0,0,0,0,0,0,NA,NA,SO,96531137,False
2026-27,4623,Julian Gabbidon,Navy,-1.63627021665325,-0.785012915035766,-2.42128313168902,0,0,0,0,0,0,0,0,NA,NA,SR,2119575,False
2026-27,4624,Jerry Ashley Jr.,Navy,-1.63627021665325,-0.785012915035766,-2.42128313168902,0,0,0,0,0,0,0,0,NA,NA,SO,2533175,False
2026-27,4625,Cooper Jackson,Navy,-1.63627021665325,-0.785012915035766,-2.42128313168902,0,0,0,0,0,0,0,0,NA,NA,JR,2321148,False
2026-27,4626,Jordan McConnell,Navy,-1.63627021665325,-0.785012915035766,-2.42128313168902,0,0,0,0,0,0,0,0,NA,NA,SO,2533180,False
2026-27,4627,Colin Pollock,Navy,-1.63627021665325,-0.785012915035766,-2.42128313168902,0,0,0,0,0,0,0,0,NA,NA,SO,2533187,False
2026-27,4628,Drew Timmons,Navy,-1.63627021665325,-0.785012915035766,-2.42128313168902,0,0,0,0,0,0,0,0,NA,NA,FR,3998126,False
2026-27,4629,Dylan Gassaway,Navy,-1.63627021665325,-0.785012915035766,-2.42128313168902,0,0,0,0,0,0,0,0,NA,NA,FR,27652232,False
2026-27,4630,Wayne Fletcher II,Navy,-1.63627021665325,-0.785012915035766,-2.42128313168902,0,0,0,0,0,0,0,0,NA,NA,FR,58757477,False
2026-27,4631,Justin Nordin,Navy,-1.63627021665325,-0.785012915035766,-2.42128313168902,0,0,0,0,0,0,0,0,NA,NA,FR,103751525,False
2026-27,4632,Luke Mayberry,Navy,-1.63627021665325,-0.785012915035766,-2.42128313168902,0,0,0,0,0,0,0,0,NA,NA,FR,59253755,False
2026-27,4633,Sean Griffin,Navy,-1.63627021665325,-0.785012915035766,-2.42128313168902,0,0,0,0,0,0,0,0,NA,NA,FR,79271032,False
2026-27,4634,RJ Roche,Navy,-1.63627021665325,-0.785012915035766,-2.42128313168902,0,0,0,0,0,0,0,0,NA,NA,FR,259689477,False
2026-27,4635,Bryce Reynierson,Navy,-1.63627021665325,-0.785012915035766,-2.42128313168902,0,0,0,0,0,0,0,0,NA,NA,FR,73661789,False
2026-27,4636,Charles Crane,Navy,-1.63627021665325,-0.785012915035766,-2.42128313168902,0,0,0,0,0,0,0,0,NA,NA,FR,222141370,False
2026-27,4637,Marlon Williams,Navy,-1.63627021665325,-0.785012915035766,-2.42128313168902,0,0,0,0,0,0,0,0,NA,NA,FR,96492871,False
2026-27,4638,JP Baldwin,Navy,-1.63627021665325,-0.785012915035766,-2.42128313168902,0,0,0,0,0,0,0,0,NA,NA,FR,262524833,False
2026-27,4639,Sam Pitrof,Navy,-1.63627021665325,-0.785012915035766,-2.42128313168902,0,0,0,0,0,0,0,0,NA,NA,FR,29233202,False
2026-27,4640,Jack Seiders,The Citadel,-1.63426806644107,-0.792193559449312,-2.42646162589039,0,0,0,0,0,0,0,0,NA,NA,FR,198768654,False
2026-27,4641,Crue Gard,Mount St. Mary's,-1.30327723719748,-1.12378353550618,-2.42706077270366,0,0,0,0,0,0,0,0,NA,NA,FR,173147481,False
2026-27,4642,Nash Stark,Kansas State,-1.21414910859224,-1.21414910859224,-2.42829821718448,0,0,0,0,0,0,0,0,NA,NA,FR,136029368,False
2026-27,4643,Fidel Rotta,Niagara,-1.38320332286276,-1.04533574468786,-2.42853906755062,0,0,0,0,0,0,0,0,NA,NA,FR,229637285,False
2026-27,4644,Jackson Redmond,Niagara,-1.38320332286276,-1.04533574468786,-2.42853906755062,0,0,0,0,0,0,0,0,NA,NA,FR,232869955,False
2026-27,4645,Brian Angeletti,Niagara,-1.38320332286276,-1.04533574468786,-2.42853906755062,0,0,0,0,0,0,0,0,NA,NA,FR,190284606,False
2026-27,4646,Ruey Ruey,Niagara,-1.38320332286276,-1.04533574468786,-2.42853906755062,0,0,0,0,0,0,0,0,NA,NA,FR,134714441,False
2026-27,4647,Judson Bjornstad,Samford,-1.55135107681805,-0.88112837422951,-2.43247945104756,0,0,0,0,0,0,0,0,NA,NA,JR,2336150,False
2026-27,4648,Brewer Carruth,Southern Mississippi,-1.67382302397281,-0.759035460074337,-2.43285848404714,0,0,0,0,0,0,0,0,NA,NA,JR,2329174,False
2026-27,4649,Joul Karram,Binghamton,-1.62693972220885,-0.805919013799025,-2.43285873600787,0,0,0,0,0,0,0,0,NA,NA,JR,2295789,False
2026-27,4650,Aaron Ekwere,The Citadel,-1.63426806644107,-0.799953873327532,-2.43422193976861,0,0,0,0,0,0,0,0,NA,NA,FR,108682504,False
2026-27,4651,"Mike McNair, Jr.",Maryland,-1.45251578716268,-0.982315563724652,-2.43483135088733,0,0,0,0,0,0,0,0,NA,NA,FR,60078833,False
2026-27,4652,Alex K’Medehouto,Maryland,-1.45251578716268,-0.982315563724652,-2.43483135088733,0,0,0,0,0,0,0,0,NA,NA,FR,163818117,False
2026-27,4653,Charlie Dortch,Colorado State,-1.21832251141403,-1.21832251141403,-2.43664502282806,0,0,0,0,0,0,0,0,NA,NA,JR,2095040,False
2026-27,4654,River Sawyer,Colorado State,-1.21832251141403,-1.21832251141403,-2.43664502282806,0,0,0,0,0,0,0,0,NA,NA,FR,101941212,False
2026-27,4655,Yaw Ansong,The Citadel,-1.63426806644107,-0.803914094183702,-2.43818216062478,0,0,0,0,0,0,0,0,NA,NA,FR,192849663,False
2026-27,4656,Ryan Brzezanski,Mount St. Mary's,-1.31451605597193,-1.12378353550618,-2.43829959147811,0,0,0,0,0,0,0,0,NA,NA,FR,110847959,False
2026-27,4657,Elson Berhanu,Maryland-Eastern Shore,-1.6165739776186,-0.822981209829214,-2.43955518744781,0,0,0,0,0,0,0,0,NA,NA,FR,59756773,False
2026-27,4658,Felipe Patino,Stonehill,-1.43091154943466,-1.00972624979342,-2.44063779922808,0,0,0,0,0,0,0,0,NA,NA,JR,2496770,False
2026-27,4659,Jordyn Kee,Radford,-1.41994732920399,-1.02304608549384,-2.44299341469783,0,0,0,0,0,0,0,0,NA,NA,SO,2311234,False
2026-27,4660,Enzo Shahrvin,Purdue,-1.48344560176007,-0.959948997282055,-2.44339459904212,0,0,0,0,0,0,0,0,NA,NA,FR,167532203,False
2026-27,4661,Colin McKenzie,The Citadel,-1.63426806644107,-0.809253043320095,-2.44352110976117,0,0,0,0,0,0,0,0,NA,NA,FR,208992680,False
2026-27,4662,Joseph Quartey,Harvard,-1.44905091562131,-0.994859667653689,-2.443910583275,0,0,0,0,0,0,0,0,NA,NA,SO,2477435,False
2026-27,4663,Avner Dror,Harvard,-1.44905091562131,-0.994859667653689,-2.443910583275,0,0,0,0,0,0,0,0,NA,NA,SO,2477433,False
2026-27,4664,Julian Adigun,Harvard,-1.44905091562131,-0.994859667653689,-2.443910583275,0,0,0,0,0,0,0,0,NA,NA,FR,213655775,False
2026-27,4665,Preston Merrick,Harvard,-1.44905091562131,-0.994859667653689,-2.443910583275,0,0,0,0,0,0,0,0,NA,NA,FR,52523963,False
2026-27,4666,Kabir Narasimhan,Harvard,-1.44905091562131,-0.994859667653689,-2.443910583275,0,0,0,0,0,0,0,0,NA,NA,FR,82916005,False
2026-27,4667,Brandon Burrell,Harvard,-1.44905091562131,-0.994859667653689,-2.443910583275,0,0,0,0,0,0,0,0,NA,NA,FR,43711910,False
2026-27,4668,Ketraleus Aldridge,East Texas A&M,-1.58361491498623,-0.862066272010824,-2.44568118699706,0,0,0,0,0,0,0,0,NA,NA,FR,147876774,False
2026-27,4669,Mitchell Taylor,South Carolina State,-1.88775627030597,-0.558565515506541,-2.44632178581251,0,0,0,0,0,0,0,0,NA,NA,FR,258907184,False
2026-27,4670,Ethan Chung,Long Beach State,-1.05563396815163,-1.39085589154764,-2.44648985969927,0,0,0,0,0,0,0,0,NA,NA,FR,207689119,False
2026-27,4671,Jayden Johnson,South Florida,-1.57566007561677,-0.876113590154909,-2.45177366577168,0,0,0,0,0,0,0,0,NA,NA,FR,183668957,False
2026-27,4672,Jefferson McLamb,Charleston Southern,0.110661546473771,-2.565241936302,-2.45458038982822,0,0,0,0,0,0,0,0,NA,NA,SO,206841129,False
2026-27,4673,Shane Kirker,Mercyhurst,-1.45887903341979,-0.998108857480304,-2.45698789090009,0,0,0,0,0,0,0,0,NA,NA,FR,214664926,False
2026-27,4674,James Dyson-Merwe,Evansville,-2.48302567301168,0.024742839986321,-2.45828283302536,0,0,0,0,0,0,0,0,NA,NA,SO,2548113,False
2026-27,4675,Johnathon Pierce,Mercyhurst,-1.46215552199491,-0.998108857480304,-2.46026437947522,0,0,0,0,0,0,0,0,NA,NA,FR,249274413,False
2026-27,4676,Joshua Skinner,Long Island,-1.63224651698842,-0.828256033095805,-2.46050255008423,0,0,0,0,0,0,0,0,NA,NA,FR,110519137,False
2026-27,4677,McCaden Adams,Long Beach State,-1.07282750808997,-1.39085589154764,-2.46368339963761,0,0,0,0,0,0,0,0,NA,NA,FR,133253317,False
2026-27,4678,Julien Smith,Mount St. Mary's,-1.34252521417628,-1.12378353550618,-2.46630874968246,0,0,0,0,0,0,0,0,NA,NA,FR,64271090,False
2026-27,4679,Kolby Gilles,Air Force,-2.04663684011148,-0.420290419874638,-2.46692725998612,0,0,0,0,0,0,0,0,NA,NA,SR,2117998,False
2026-27,4680,Aidan Braccia,San Francisco,-1.23356827512533,-1.23356827512533,-2.46713655025066,0,0,0,0,0,0,0,0,NA,NA,SR,1917666,False
2026-27,4681,Dashel Wiley,San Francisco,-1.23356827512533,-1.23356827512533,-2.46713655025066,0,0,0,0,0,0,0,0,NA,NA,FR,236585633,False
2026-27,4682,Thokbor Majak,San Diego State,-1.91450110061575,-0.552876975893354,-2.46737807650911,0,0,0,0,0,0,0,0,NA,NA,SO,2285498,False
2026-27,4683,Travis Triplett Jr.,Long Island,-1.63955723244512,-0.828256033095805,-2.46781326554093,0,0,0,0,0,0,0,0,NA,NA,FR,163593754,False
2026-27,4684,Tyrell Bowles,Long Island,-1.63993496381595,-0.828256033095805,-2.46819099691176,0,0,0,0,0,0,0,0,NA,NA,FR,244495845,False
2026-27,4685,Blake Bahr,Long Beach State,-1.07820359213392,-1.39085589154764,-2.46905948368156,0,0,0,0,0,0,0,0,NA,NA,FR,57896118,False
2026-27,4686,Canon Wyatt,Cal Poly,-1.51182442551664,-0.95751442469072,-2.46933885020736,0,0,0,0,0,0,0,0,NA,NA,FR,104435462,False
2026-27,4687,JJ Gray,Long Beach State,-1.07860880581076,-1.39085589154764,-2.4694646973584,0,0,0,0,0,0,0,0,NA,NA,FR,120745997,False
2026-27,4688,Christian Meeks,North Carolina Central,-0.80057233144073,-1.66952120092572,-2.47009353236645,0,0,0,0,0,0,0,0,NA,NA,SR,1890602,False
2026-27,4689,Markus Maxwell-Grimes,Mercyhurst,-1.47251197112767,-0.998108857480304,-2.47062082860797,0,0,0,0,0,0,0,0,NA,NA,FR,181460656,False
2026-27,4690,Jalal McKie,North Carolina A&T,-0.907773143637349,-1.5642550480675,-2.47202819170484,0,0,0,0,0,0,0,0,NA,NA,SR,2126119,False
2026-27,4691,Shuto Sakihama,Mercyhurst,-1.4740116145486,-0.998108857480304,-2.4721204720289,0,0,0,0,0,0,0,0,NA,NA,FR,9409280,False
2026-27,4692,Abdullah Amzil,Loyola Maryland,-1.54024900465458,-0.933502665094038,-2.47375166974862,0,0,0,0,0,0,0,0,NA,NA,SO,2478322,False
2026-27,4693,Quin Berger,Miami (Fla.),-1.60639200871314,-0.867444658138013,-2.47383666685115,0,0,0,0,0,0,0,0,NA,NA,SR,1910904,False
2026-27,4694,Victor Vanderstraeten,NJIT,-1.17491329442369,-1.29913972011333,-2.47405301453702,0,0,0,0,0,0,0,0,NA,NA,FR,188801530,False
2026-27,4695,Liam Joyce,Mount St. Mary's,-1.35045918498435,-1.12378353550618,-2.47424272049053,0,0,0,0,0,0,0,0,NA,NA,FR,78206797,False
2026-27,4696,Hunter Te Ratana,Mercyhurst,-1.47624480810016,-0.998108857480304,-2.47435366558046,0,0,0,0,0,0,0,0,NA,NA,FR,166219637,False
2026-27,4697,DJ Brown,Sacred Heart,-1.47249292658218,-1.00376019389517,-2.47625312047735,0,0,0,0,0,0,0,0,NA,NA,FR,189349755,False
2026-27,4698,Landon Krygier,Sacred Heart,-1.47249292658218,-1.00376019389517,-2.47625312047735,0,0,0,0,0,0,0,0,NA,NA,FR,156537616,False
2026-27,4699,Andreas Holst,Florida International,-1.57958050689398,-0.897668130484988,-2.47724863737896,0,0,0,0,0,0,0,0,NA,NA,SO,2559438,False
2026-27,4700,Trey Pettigrew,Morgan State,-0.428491570034825,-2.05040388438126,-2.47889545441609,0,0,0,0,0,0,0,0,NA,NA,SO,84114396,False
2026-27,4701,Marcos Gonzales,The Citadel,-1.86706991106706,-0.615338312115598,-2.48240822318265,0,0,0,0,0,0,0,0,NA,NA,SO,2548085,False
2026-27,4702,Zack Scherler,NJIT,-1.94588954057066,-0.539463909393903,-2.48535344996456,0,0,0,0,0,0,0,0,NA,NA,SO,2481919,False
2026-27,4703,Arius Alijosius,Holy Cross,-0.697340875356335,-1.78877551313272,-2.48611638848905,0,0,0,0,0,0,0,0,NA,NA,JR,136821694,False
2026-27,4704,Fredy-Salam Sylla,Southern Indiana,-1.21081330984013,-1.27587723373736,-2.4866905435775,0,0,0,0,0,0,0,0,NA,NA,JR,2539293,False
2026-27,4705,Leonardo Van Elswyk,Stony Brook,-1.5152354016813,-0.97614131888049,-2.49137672056179,0,0,0,0,0,0,0,0,NA,NA,SO,2540161,False
2026-27,4706,Mykel Bruce-McCrommon,Missouri-Kansas City,-1.51891187340661,-0.975556057819077,-2.49446793122568,0,0,0,0,0,0,0,0,NA,NA,FR,60262738,False
2026-27,4707,Heri Bukinga,Omaha,-1.3559286300119,-1.1386414776021,-2.494570107614,0,0,0,0,0,0,0,0,NA,NA,SO,2480435,False
2026-27,4708,Donovan Richardson,Richmond,-1.84204158300619,-0.652604568968817,-2.49464615197501,0,0,0,0,0,0,0,0,NA,NA,SO,2505026,False
2026-27,4709,Dylan Homenick,Richmond,-1.84204158300619,-0.652604568968817,-2.49464615197501,0,0,0,0,0,0,0,0,NA,NA,SO,2505011,False
2026-27,4710,Dane Caldwell,Richmond,-1.84204158300619,-0.652604568968817,-2.49464615197501,0,0,0,0,0,0,0,0,NA,NA,FR,156127747,False
2026-27,4711,Amaree Brown,Alabama State,-1.39890222398579,-1.09916989265963,-2.49807211664542,0,0,0,0,0,0,0,0,NA,NA,SR,2507066,False
2026-27,4712,Ethan Kizer,South Dakota,-1.3421351440377,-1.16241208717586,-2.50454723121356,0,0,0,0,0,0,0,0,NA,NA,JR,2144557,False
2026-27,4713,Dovydas Jencius,Missouri-Kansas City,-1.52923728267735,-0.975556057819077,-2.50479334049642,0,0,0,0,0,0,0,0,NA,NA,FR,91584722,False
2026-27,4714,Jayden Crawford,Georgia Southern,-2.04255662778183,-0.463135069752575,-2.5056916975344,0,0,0,0,0,0,0,0,NA,NA,FR,75841378,False
2026-27,4715,Atuka Bakhtadze,Missouri-Kansas City,-1.53026761707134,-0.975556057819077,-2.50582367489041,0,0,0,0,0,0,0,0,NA,NA,FR,27861426,False
2026-27,4716,Ben Akoro,Milwaukee,-1.5284373777519,-0.9795407600741,-2.507978137826,0,0,0,0,0,0,0,0,NA,NA,FR,144900022,False
2026-27,4717,SJ Young,Milwaukee,-1.5284373777519,-0.9795407600741,-2.507978137826,0,0,0,0,0,0,0,0,NA,NA,FR,132452425,False
2026-27,4718,Dylan Omweno,Milwaukee,-1.5284373777519,-0.9795407600741,-2.507978137826,0,0,0,0,0,0,0,0,NA,NA,FR,95585120,False
2026-27,4719,Nate Malosa,Milwaukee,-1.5284373777519,-0.9795407600741,-2.507978137826,0,0,0,0,0,0,0,0,NA,NA,FR,177484749,False
2026-27,4720,Braylon Walker,Milwaukee,-1.5284373777519,-0.9795407600741,-2.507978137826,0,0,0,0,0,0,0,0,NA,NA,FR,117710757,False
2026-27,4721,Rylie Marshall,Central Arkansas,-1.12250341095721,-1.38688911136292,-2.50939252232012,0,0,0,0,0,0,0,0,NA,NA,SR,1908466,False
2026-27,4722,Nehemiah Turner,Jacksonville,-1.42996807557438,-1.08122752039698,-2.51119559597136,0,0,0,0,0,0,0,0,NA,NA,JR,2292833,False
2026-27,4723,Alem Fejzic,Southern Indiana,-1.59885390734468,-0.914287134739139,-2.51314104208382,0,0,0,0,0,0,0,0,NA,NA,JR,2507337,False
2026-27,4724,Amir Jones,Colorado,-1.59942374215898,-0.917137344594648,-2.51656108675363,0,0,0,0,0,0,0,0,NA,NA,FR,88132149,False
2026-27,4725,Terrion Burgess,Arkansas-Little Rock,-1.35212909771932,-1.16592257054768,-2.51805166826699,0,0,0,0,0,0,0,0,NA,NA,SO,2500897,False
2026-27,4726,Eyal Harel,Idaho State,-1.48784394338919,-1.03076910947173,-2.51861305286092,0,0,0,0,0,0,0,0,NA,NA,SO,2539082,False
2026-27,4727,McKae Amundsen,Idaho State,-1.48784394338919,-1.03076910947173,-2.51861305286092,0,0,0,0,0,0,0,0,NA,NA,FR,89158768,False
2026-27,4728,Ike Palmer,Idaho State,-1.48784394338919,-1.03076910947173,-2.51861305286092,0,0,0,0,0,0,0,0,NA,NA,FR,79299360,False
2026-27,4729,Kenyon DeMuynck,Idaho State,-1.48784394338919,-1.03076910947173,-2.51861305286092,0,0,0,0,0,0,0,0,NA,NA,FR,132653040,False
2026-27,4730,Eli Garner,Idaho State,-1.48784394338919,-1.03076910947173,-2.51861305286092,0,0,0,0,0,0,0,0,NA,NA,FR,27263805,False
2026-27,4731,Joven Dulay,Idaho State,-1.48784394338919,-1.03076910947173,-2.51861305286092,0,0,0,0,0,0,0,0,NA,NA,FR,105388582,False
2026-27,4732,Bryce Lowenbach,Idaho State,-1.48784394338919,-1.03076910947173,-2.51861305286092,0,0,0,0,0,0,0,0,NA,NA,FR,190842157,False
2026-27,4733,Aden Goffe,Idaho State,-1.48784394338919,-1.03076910947173,-2.51861305286092,0,0,0,0,0,0,0,0,NA,NA,FR,95446454,False
2026-27,4734,Preist Ryan,Canisius,-1.59517951687824,-0.924065844541821,-2.51924536142006,0,0,0,0,0,0,0,0,NA,NA,SR,2092481,False
2026-27,4735,Gabe Jacobs,North Florida,-1.32995410037001,-1.19123735816248,-2.52119145853248,0,0,0,0,0,0,0,0,NA,NA,SO,2475168,False
2026-27,4736,Jean Yvens Lafleur,Louisiana-Monroe,-1.71033132102402,-0.811342327834587,-2.52167364885861,0,0,0,0,0,0,0,0,NA,NA,SR,2547129,False
2026-27,4737,Comeh Emuobor,NC State,-1.28441660731653,-1.24092519303327,-2.52534180034979,0,0,0,0,0,0,0,0,NA,NA,SR,2106179,False
2026-27,4738,Elidjah Savane,Georgia Southern,-2.04255662778183,-0.483177229638786,-2.52573385742061,0,0,0,0,0,0,0,0,NA,NA,FR,261729397,False
2026-27,4739,Deyan Kolev,Jackson State,-2.38374397378216,-0.144054846611863,-2.52779882039402,0,0,0,0,0,0,0,0,NA,NA,SO,2555639,False
2026-27,4740,Noah Cleveland,Illinois State,-1.64390729944996,-0.884029006097418,-2.52793630554738,0,0,0,0,0,0,0,0,NA,NA,FR,180111993,False
2026-27,4741,Matthew Szafoni,Illinois State,-1.64390729944996,-0.884029006097418,-2.52793630554738,0,0,0,0,0,0,0,0,NA,NA,FR,112473966,False
2026-27,4742,Leyton Wolf,Illinois State,-1.64390729944996,-0.884029006097418,-2.52793630554738,0,0,0,0,0,0,0,0,NA,NA,FR,217289764,False
2026-27,4743,Cole Crissman,Georgia Southern,-2.04255662778183,-0.48598196661889,-2.52853859440071,0,0,0,0,0,0,0,0,NA,NA,FR,48011647,False
2026-27,4744,Brandon Orgilbold,Omaha,-1.44143426320234,-1.08784981096238,-2.52928407416472,0,0,0,0,0,0,0,0,NA,NA,SR,2713567,False
2026-27,4745,Kaden Brown,Southern Indiana,-0.778897354349405,-1.75094161100494,-2.52983896535435,0,0,0,0,0,0,0,0,NA,NA,SR,2125331,False
2026-27,4746,Jake Blackburn,Binghamton,-1.1064772989015,-1.42337206356528,-2.52984936246678,0,0,0,0,0,0,0,0,NA,NA,SO,2484757,False
2026-27,4747,Mujahiid Burton,North Carolina A&T,-0.976848328942065,-1.55376218912212,-2.53061051806418,0,0,0,0,0,0,0,0,NA,NA,SR,2548125,False
2026-27,4748,Akim Mazou,McNeese State,-1.76821040210006,-0.765678905761585,-2.53388930786165,0,0,0,0,0,0,0,0,NA,NA,FR,192957985,False
2026-27,4749,Miles Williams,Arkansas-Pine Bluff,-1.50579705788029,-1.02810898669678,-2.53390604457707,0,0,0,0,0,0,0,0,NA,NA,FR,61479864,False
2026-27,4750,Armani Henderson,Georgia Southern,-2.04255662778183,-0.493902395493501,-2.53645902327533,0,0,0,0,0,0,0,0,NA,NA,FR,204704829,False
2026-27,4751,Hayden Clay,Georgia Southern,-2.04255662778183,-0.496930880239186,-2.53948750802101,0,0,0,0,0,0,0,0,NA,NA,FR,50845550,False
2026-27,4752,Cedric Dixon,Arkansas-Pine Bluff,-1.513443544881,-1.02922997485235,-2.54267351973335,0,0,0,0,0,0,0,0,NA,NA,FR,39583684,False
2026-27,4753,Will Maxwell,Dayton,-1.33158475786857,-1.21726546770662,-2.54885022557519,0,0,0,0,0,0,0,0,NA,NA,SR,2119754,False
2026-27,4754,Jalen Overway,Green Bay,-1.52070224985937,-1.02837348078576,-2.54907573064513,0,0,0,0,0,0,0,0,NA,NA,FR,172640365,False
2026-27,4755,Derek Rollins,Lindenwood,-1.70634712910096,-0.84379829138494,-2.5501454204859,0,0,0,0,0,0,0,0,NA,NA,FR,1546137,False
2026-27,4756,Jordan Ghee,Boston College,-1.16121202165489,-1.38956833597209,-2.55078035762698,0,0,0,0,0,0,0,0,NA,NA,FR,167555552,False
2026-27,4757,Miles Ndalama,Florida A&M,-2.29329348004948,-0.258191833150617,-2.55148531320009,0,0,0,0,0,0,0,0,NA,NA,SR,2567129,False
2026-27,4758,Brennan Walton,Michigan State,-1.27674615135376,-1.27674615135376,-2.55349230270753,0,0,0,0,0,0,0,0,NA,NA,JR,2313674,False
2026-27,4759,Colin Walton,Michigan State,-1.27674615135376,-1.27674615135376,-2.55349230270753,0,0,0,0,0,0,0,0,NA,NA,JR,2313675,False
2026-27,4760,Kamari Jones,Long Island,-0.91456418800836,-1.63975100438258,-2.55431519239094,0,0,0,0,0,0,0,0,NA,NA,JR,2143726,False
2026-27,4761,EJ Bryson,Cal State Bakersfield,-1.26607091330929,-1.29108745070068,-2.55715836400997,0,0,0,0,0,0,0,0,NA,NA,SO,126438932,False
2026-27,4762,Ant McAfee,Bellarmine,-1.42035065167653,-1.13845481591971,-2.55880546759624,0,0,0,0,0,0,0,0,NA,NA,SO,2552853,False
2026-27,4763,Max Meagher,Bellarmine,-1.42035065167653,-1.13845481591971,-2.55880546759624,0,0,0,0,0,0,0,0,NA,NA,FR,268335719,False
2026-27,4764,JJ Massaquoi,Southeastern Louisiana,-0.465309421572375,-2.09469087085829,-2.56000029243066,0,0,0,0,0,0,0,0,NA,NA,SO,2550228,False
2026-27,4765,Izuchukwu Emelife,Louisiana Tech,-1.84932293086301,-0.711687599999355,-2.56101053086237,0,0,0,0,0,0,0,0,NA,NA,SO,2551960,False
2026-27,4766,Braylon Wenger,Louisiana Tech,-1.84932293086301,-0.711687599999355,-2.56101053086237,0,0,0,0,0,0,0,0,NA,NA,FR,190019429,False
2026-27,4767,Deven Bates,Louisiana Tech,-1.84932293086301,-0.711687599999355,-2.56101053086237,0,0,0,0,0,0,0,0,NA,NA,FR,94915546,False
2026-27,4768,Iyran Francis Jr.,Louisiana Tech,-1.84932293086301,-0.711687599999355,-2.56101053086237,0,0,0,0,0,0,0,0,NA,NA,FR,146954031,False
2026-27,4769,Linwood Rowe,Louisiana Tech,-1.84932293086301,-0.711687599999355,-2.56101053086237,0,0,0,0,0,0,0,0,NA,NA,FR,13173028,False
2026-27,4770,Jay Tyler,Louisiana Tech,-1.84932293086301,-0.711687599999355,-2.56101053086237,0,0,0,0,0,0,0,0,NA,NA,FR,168455566,False
2026-27,4771,Paul Lambert,Siena,-1.43532079827938,-1.12835374124502,-2.5636745395244,0,0,0,0,0,0,0,0,NA,NA,FR,164423947,False
2026-27,4772,Sei'Mir Roberson,Siena,-1.43532079827938,-1.12835374124502,-2.5636745395244,0,0,0,0,0,0,0,0,NA,NA,FR,42846476,False
2026-27,4773,Tim Ibukunoluwa,Siena,-1.43532079827938,-1.12835374124502,-2.5636745395244,0,0,0,0,0,0,0,0,NA,NA,FR,96676612,False
2026-27,4774,Angelos Bratakos,Siena,-1.43532079827938,-1.12835374124502,-2.5636745395244,0,0,0,0,0,0,0,0,NA,NA,FR,182383934,False
2026-27,4775,"Parrish Edmond, Jr.",Siena,-1.43532079827938,-1.12835374124502,-2.5636745395244,0,0,0,0,0,0,0,0,NA,NA,FR,246436788,False
2026-27,4776,Brendon O'Keefe,Army,-1.54699256670244,-1.01698129569358,-2.56397386239603,0,0,0,0,0,0,0,0,NA,NA,JR,2347035,False
2026-27,4777,Bryson McGlothin,UT Arlington,-1.73779780303848,-0.828104489252785,-2.56590229229126,0,0,0,0,0,0,0,0,NA,NA,SO,2322691,False
2026-27,4778,Dame Salane,Tulane,-1.6211776190143,-0.946118202738122,-2.56729582175242,0,0,0,0,0,0,0,0,NA,NA,SO,2548123,False
2026-27,4779,Ryan Meltzer,Tulane,-1.6211776190143,-0.946118202738122,-2.56729582175242,0,0,0,0,0,0,0,0,NA,NA,FR,229921,False
2026-27,4780,Joah Chappelle,Tulane,-1.6211776190143,-0.946118202738122,-2.56729582175242,0,0,0,0,0,0,0,0,NA,NA,FR,141509759,False
2026-27,4781,Noah Mister,Tulane,-1.6211776190143,-0.946118202738122,-2.56729582175242,0,0,0,0,0,0,0,0,NA,NA,FR,251913976,False
2026-27,4782,Marsai Mason,Lindenwood,-1.72583865167772,-0.84379829138494,-2.56963694306266,0,0,0,0,0,0,0,0,NA,NA,FR,8767902,False
2026-27,4783,Shia Francis,Eastern Illinois,-1.73154393917691,-0.838384610887634,-2.56992855006454,0,0,0,0,0,0,0,0,NA,NA,FR,205742053,False
2026-27,4784,Marko Lukanoski,Lindenwood,-1.72663050158373,-0.84379829138494,-2.57042879296867,0,0,0,0,0,0,0,0,NA,NA,FR,99995702,False
2026-27,4785,Miles Elliott,Lindenwood,-1.72691715175872,-0.84379829138494,-2.57071544314366,0,0,0,0,0,0,0,0,NA,NA,FR,178488758,False
2026-27,4786,Khalil London,Louisiana-Monroe,-1.24720883419739,-1.32982742552859,-2.57703625972598,0,0,0,0,0,0,0,0,NA,NA,SR,1917795,False
2026-27,4787,Justin Bolis,Omaha,-1.44143426320234,-1.1386414776021,-2.58007574080444,0,0,0,0,0,0,0,0,NA,NA,JR,2291437,False
2026-27,4788,Dace Pleasant,Omaha,-1.44143426320234,-1.1386414776021,-2.58007574080444,0,0,0,0,0,0,0,0,NA,NA,FR,112630025,False
2026-27,4789,Merrick Smith,American,-1.78345710391278,-0.800608488584061,-2.58406559249684,0,0,0,0,0,0,0,0,NA,NA,FR,116113077,False
2026-27,4790,C.J. Smith,Arkansas-Pine Bluff,-1.80687392564374,-0.777330679092255,-2.58420460473599,0,0,0,0,0,0,0,0,NA,NA,JR,2308330,False
2026-27,4791,Alonzo Metz,Gonzaga,-1.29351786566002,-1.29351786566002,-2.58703573132003,0,0,0,0,0,0,0,0,NA,NA,SO,2477488,False
2026-27,4792,Carter Nilson,Gonzaga,-1.29351786566002,-1.29351786566002,-2.58703573132003,0,0,0,0,0,0,0,0,NA,NA,FR,226678699,False
2026-27,4793,Andrew Urosevic,Lehigh,-0.516571073027844,-2.07295463535541,-2.58952570838325,0,0,0,0,0,0,0,0,NA,NA,SO,2547922,False
2026-27,4794,Xavier Roberson,Sam Houston State,-1.97803131624742,-0.612622254509533,-2.59065357075695,0,0,0,0,0,0,0,0,NA,NA,FR,167522474,False
2026-27,4795,Nigel Clarkson,Columbia,-1.32609816577029,-1.26630173621652,-2.59239990198682,0,0,0,0,0,0,0,0,NA,NA,JR,2289041,False
2026-27,4796,Frederik Jellum,Duquesne,-1.88141430210804,-0.714065350302142,-2.59547965241018,0,0,0,0,0,0,0,0,NA,NA,SO,2539329,False
2026-27,4797,Chaim Galbut,Duquesne,-1.88141430210804,-0.714065350302142,-2.59547965241018,0,0,0,0,0,0,0,0,NA,NA,FR,246905988,False
2026-27,4798,Dimitrios Ntapsis,Duquesne,-1.88141430210804,-0.714065350302142,-2.59547965241018,0,0,0,0,0,0,0,0,NA,NA,FR,4518908,False
2026-27,4799,Zoje Owinje,Duquesne,-1.88141430210804,-0.714065350302142,-2.59547965241018,0,0,0,0,0,0,0,0,NA,NA,FR,168974038,False
2026-27,4800,Jayme Mitchell Jr.,Hampton,-1.45871143632452,-1.13766173759799,-2.59637317392251,0,0,0,0,0,0,0,0,NA,NA,FR,87600704,False
2026-27,4801,Sylvanus Tabe,Hampton,-1.45894086637797,-1.13766173759799,-2.59660260397597,0,0,0,0,0,0,0,0,NA,NA,FR,144341199,False
2026-27,4802,Daemar Kelly,Mercyhurst,-1.63862622697009,-0.95864284207268,-2.59726906904277,0,0,0,0,0,0,0,0,NA,NA,SR,2153486,False
2026-27,4803,Kamran Prince,American,-1.78345710391278,-0.814015164369769,-2.59747226828255,0,0,0,0,0,0,0,0,NA,NA,SO,2478270,False
2026-27,4804,RJ Chastang,Lindenwood,-1.75683152616807,-0.84379829138494,-2.60062981755301,0,0,0,0,0,0,0,0,NA,NA,FR,77322831,False
2026-27,4805,Parker Seithel,Lindenwood,-1.75731942971223,-0.84379829138494,-2.60111772109717,0,0,0,0,0,0,0,0,NA,NA,FR,219042288,False
2026-27,4806,Brendan Oliver,NJIT,-1.03739448370248,-1.56700369489465,-2.60439817859713,0,0,0,0,0,0,0,0,NA,NA,SO,2487837,False
2026-27,4807,Stephan Snagg,Binghamton,-1.52201172010171,-1.08638725770348,-2.6083989778052,0,0,0,0,0,0,0,0,NA,NA,SR,2119924,False
2026-27,4808,Adam Tauer,St. Thomas (MN),-1.49427289375738,-1.11599966040403,-2.61027255416141,0,0,0,0,0,0,0,0,NA,NA,JR,2106779,False
2026-27,4809,Carlos Lopez,Hofstra,-0.747412433782695,-1.86850499242713,-2.61591742620982,0,0,0,0,0,0,0,0,NA,NA,SR,2120005,False
2026-27,4810,Matiss Ogle,New Haven,-1.8082415482127,-0.809768937084039,-2.61801048529674,0,0,0,0,0,0,0,0,NA,NA,SO,2531835,False
2026-27,4811,Ryan Archey,North Carolina Central,-1.98301168777477,-0.636052213536343,-2.61906390131112,0,0,0,0,0,0,0,0,NA,NA,JR,2092479,False
2026-27,4812,Shamiere Green,Lindenwood,-1.78080055174056,-0.84379829138494,-2.6245988431255,0,0,0,0,0,0,0,0,NA,NA,FR,181313346,False
2026-27,4813,William Preston,Hampton,-1.48778333891225,-1.13766173759799,-2.62544507651024,0,0,0,0,0,0,0,0,NA,NA,FR,116610798,False
2026-27,4814,Will Batchelder,Stonehill,-1.31145993886379,-1.3166634299316,-2.62812336879538,0,0,0,0,0,0,0,0,NA,NA,SR,1917702,False
2026-27,4815,Chuck Hare,Holy Cross,-2.0660274441912,-0.567717630923225,-2.63374507511442,0,0,0,0,0,0,0,0,NA,NA,JR,2299339,False
2026-27,4816,Chris Eldredge,Hampton,-1.50571077403926,-1.13766173759799,-2.64337251163725,0,0,0,0,0,0,0,0,NA,NA,FR,241066006,False
2026-27,4817,Sam Springer,Loyola Maryland,-0.667807495091909,-1.97656872334082,-2.64437621843273,0,0,0,0,0,0,0,0,NA,NA,JR,2303174,False
2026-27,4818,Rav Randhawa,Hampton,-1.50803825250007,-1.13766173759799,-2.64569999009806,0,0,0,0,0,0,0,0,NA,NA,FR,200357826,False
2026-27,4819,Harrison Hochberg,Michigan,-1.51256187803078,-1.13546518099248,-2.64802705902327,0,0,0,0,0,0,0,0,NA,NA,SR,2116341,False
2026-27,4820,Peter Da Cruz,Hampton,-1.51150391960854,-1.13766173759799,-2.64916565720653,0,0,0,0,0,0,0,0,NA,NA,FR,237677108,False
2026-27,4821,Danny Stephens,Western Illinois,-1.56396320692264,-1.08797536008372,-2.65193856700635,0,0,0,0,0,0,0,0,NA,NA,SO,2113367,False
2026-27,4822,Andre Stanton,Chicago State,-1.76971799452932,-0.885962329089913,-2.65568032361923,0,0,0,0,0,0,0,0,NA,NA,FR,169817699,False
2026-27,4823,Lohan Stephane Djiya,Chicago State,-1.77202367689042,-0.885000752615216,-2.65702442950564,0,0,0,0,0,0,0,0,NA,NA,FR,69055526,False
2026-27,4824,Braylen Nash,Ohio State,-1.32876253010021,-1.32876253010021,-2.65752506020043,0,0,0,0,0,0,0,0,NA,NA,JR,2291224,False
2026-27,4825,Dan Vessey,Columbia,-1.41276313905629,-1.24605970728891,-2.65882284634519,0,0,0,0,0,0,0,0,NA,NA,SR,2107285,False
2026-27,4826,Michael Madueme,Columbia,-1.41276313905629,-1.24605970728891,-2.65882284634519,0,0,0,0,0,0,0,0,NA,NA,FR,25832296,False
2026-27,4827,Luke Cruz,Columbia,-1.41276313905629,-1.24605970728891,-2.65882284634519,0,0,0,0,0,0,0,0,NA,NA,FR,45902547,False
2026-27,4828,Nino Žarković,Columbia,-1.41276313905629,-1.24605970728891,-2.65882284634519,0,0,0,0,0,0,0,0,NA,NA,FR,146927164,False
2026-27,4829,Gabe Hornberger,Columbia,-1.41276313905629,-1.24605970728891,-2.65882284634519,0,0,0,0,0,0,0,0,NA,NA,FR,135859396,False
2026-27,4830,Foday Sheriff,Chicago State,-1.77044055903278,-0.889887123785485,-2.66032768281826,0,0,0,0,0,0,0,0,NA,NA,FR,142478635,False
2026-27,4831,Markus Blackwell,Eastern Illinois,-1.1785035391134,-1.49011782573125,-2.66862136484464,0,0,0,0,0,0,0,0,NA,NA,SO,2493087,False
2026-27,4832,Davis White,Cal State Fullerton,-1.2924968433925,-1.3762509028953,-2.66874774628781,0,0,0,0,0,0,0,0,NA,NA,SR,2483459,False
2026-27,4833,Malik Rasul,Lafayette,-1.93595637886182,-0.73368247422494,-2.66963885308676,0,0,0,0,0,0,0,0,NA,NA,JR,2313890,False
2026-27,4834,Adrian Shackleton,Tarleton State,-1.75533116990793,-0.916728059486776,-2.6720592293947,0,0,0,0,0,0,0,0,NA,NA,FR,119941448,False
2026-27,4835,Ethan Carter,Tarleton State,-1.75533116990793,-0.916728059486776,-2.6720592293947,0,0,0,0,0,0,0,0,NA,NA,FR,252745554,False
2026-27,4836,Brett Freeman,Tarleton State,-1.75533116990793,-0.916728059486776,-2.6720592293947,0,0,0,0,0,0,0,0,NA,NA,FR,217561782,False
2026-27,4837,AJ Economou,Arkansas-Little Rock,-1.58542423798506,-1.08665170820605,-2.6720759461911,0,0,0,0,0,0,0,0,NA,NA,JR,2306129,False
2026-27,4838,Ben Kalonji,Chicago State,-1.7779556252786,-0.89597841365185,-2.67393403893045,0,0,0,0,0,0,0,0,NA,NA,FR,189036967,False
2026-27,4839,Lyonel Hodges Jr.,Chicago State,-1.77264168554924,-0.903372491338722,-2.67601417688797,0,0,0,0,0,0,0,0,NA,NA,FR,247289718,False
2026-27,4840,Bryan Chretien,Appalachian State,-2.45924235706917,-0.218079781335798,-2.67732213840497,0,0,0,0,0,0,0,0,NA,NA,FR,26816704,False
2026-27,4841,Dallas Gardner,Georgia Southern,-2.04255662778183,-0.639754421188028,-2.68231104896985,0,0,0,0,0,0,0,0,NA,NA,SR,2116842,False
2026-27,4842,Najee Graham,Chicago State,-1.77878182321558,-0.906533958943864,-2.68531578215944,0,0,0,0,0,0,0,0,NA,NA,FR,42389293,False
2026-27,4843,Tafara Gapare,Coppin State,-2.03375357207446,-0.652978897304336,-2.68673246937879,0,0,0,0,0,0,0,0,NA,NA,FR,140654791,False
2026-27,4844,Malik Shackleford,Coppin State,-2.028139683212,-0.6593029633358,-2.6874426465478,0,0,0,0,0,0,0,0,NA,NA,FR,103168746,False
2026-27,4845,Rian Gonzales,Oregon,-1.34436730706817,-1.34436730706817,-2.68873461413634,0,0,0,0,0,0,0,0,NA,NA,SO,2543873,False
2026-27,4846,Luke Johnson,Oregon,-1.34436730706817,-1.34436730706817,-2.68873461413634,0,0,0,0,0,0,0,0,NA,NA,JR,2364533,False
2026-27,4847,Cam McDaniels,UTEP,-1.86288870175037,-0.827897938512272,-2.69078664026264,0,0,0,0,0,0,0,0,NA,NA,FR,94667827,False
2026-27,4848,Mikey Kelvin II,UTEP,-1.86288870175037,-0.827897938512272,-2.69078664026264,0,0,0,0,0,0,0,0,NA,NA,FR,217096314,False
2026-27,4849,Kaleb Jackson,UTEP,-1.86288870175037,-0.827897938512272,-2.69078664026264,0,0,0,0,0,0,0,0,NA,NA,FR,156015087,False
2026-27,4850,Levi Lawal,Coppin State,-2.0290747710855,-0.665073134238402,-2.6941479053239,0,0,0,0,0,0,0,0,NA,NA,FR,227587216,False
2026-27,4851,Christopher Birden Jr.,Miami (Fla.),-1.67201953414691,-1.0268221627505,-2.69884169689741,0,0,0,0,0,0,0,0,NA,NA,FR,61510527,False
2026-27,4852,Allen Myers,Coppin State,-2.04144540924857,-0.65753418042091,-2.69897958966948,0,0,0,0,0,0,0,0,NA,NA,FR,222020196,False
2026-27,4853,Caleb Popotte,Chicago State,-1.79569019213316,-0.904441844664778,-2.70013203679794,0,0,0,0,0,0,0,0,NA,NA,FR,30731034,False
2026-27,4854,Bryan Akanmu,Chicago State,-1.80081462980884,-0.899400357632121,-2.70021498744096,0,0,0,0,0,0,0,0,NA,NA,FR,18489017,False
2026-27,4855,Braeden Brenn,Marquette,-1.35167051612114,-1.35167051612114,-2.70334103224228,0,0,0,0,0,0,0,0,NA,NA,SO,2505064,False
2026-27,4856,Sven Djopmo,Coppin State,-2.04801575264088,-0.657201943800455,-2.70521769644133,0,0,0,0,0,0,0,0,NA,NA,FR,62342126,False
2026-27,4857,Izaiah Day,Morehead State,-1.02489665730737,-1.6819043269566,-2.70680098426397,0,0,0,0,0,0,0,0,NA,NA,FR,127413303,False
2026-27,4858,Micah Curtis,Wyoming,-1.75065942206258,-0.957769543269069,-2.70842896533164,0,0,0,0,0,0,0,0,NA,NA,SO,2506788,False
2026-27,4859,Tayvion Tangiora,Morehead State,-1.03002383328864,-1.6819043269566,-2.71192816024524,0,0,0,0,0,0,0,0,NA,NA,FR,262061426,False
2026-27,4860,Jordan Brown,Southern Utah,-1.18967510360628,-1.52253192184868,-2.71220702545496,0,0,0,0,0,0,0,0,NA,NA,SR,2540611,False
2026-27,4861,Brayden Johnson,Southern Utah,-1.18967510360628,-1.52253192184868,-2.71220702545496,0,0,0,0,0,0,0,0,NA,NA,JR,2540197,False
2026-27,4862,Juok Riak,Southern Utah,-1.18967510360628,-1.52253192184868,-2.71220702545496,0,0,0,0,0,0,0,0,NA,NA,SR,2173383,False
2026-27,4863,DJ Smith,Southern Utah,-1.18967510360628,-1.52253192184868,-2.71220702545496,0,0,0,0,0,0,0,0,NA,NA,FR,198445316,False
2026-27,4864,Chase Degraffenried,Southern Utah,-1.18967510360628,-1.52253192184868,-2.71220702545496,0,0,0,0,0,0,0,0,NA,NA,FR,217399160,False
2026-27,4865,Jalik Nicholls,Southern Utah,-1.18967510360628,-1.52253192184868,-2.71220702545496,0,0,0,0,0,0,0,0,NA,NA,FR,215564916,False
2026-27,4866,Rashaad Davis,Southern Utah,-1.18967510360628,-1.52253192184868,-2.71220702545496,0,0,0,0,0,0,0,0,NA,NA,FR,55191930,False
2026-27,4867,Anthony Breland,Southern Utah,-1.18967510360628,-1.52253192184868,-2.71220702545496,0,0,0,0,0,0,0,0,NA,NA,FR,219181627,False
2026-27,4868,Kenyata Carbon,Morehead State,-1.0327253804925,-1.6819043269566,-2.7146297074491,0,0,0,0,0,0,0,0,NA,NA,FR,120817049,False
2026-27,4869,Quentin McCoy,Illinois,-1.35760464569076,-1.35760464569076,-2.71520929138151,0,0,0,0,0,0,0,0,NA,NA,FR,142586896,False
2026-27,4870,Jaden Priester,Morehead State,-1.03349572522365,-1.6819043269566,-2.71540005218026,0,0,0,0,0,0,0,0,NA,NA,SO,2550049,False
2026-27,4871,Trajan Thompson,West Florida,-1.46831803465116,-1.24872211158427,-2.71704014623543,0,0,0,0,0,0,0,0,NA,NA,SO,2493725,False
2026-27,4872,Kyrell Shaw,Morehead State,-1.04115525995905,-1.6819043269566,-2.72305958691565,0,0,0,0,0,0,0,0,NA,NA,FR,239493582,False
2026-27,4873,Keoni Sacco,Saint Joseph's,-2.25355581413921,-0.476427421332619,-2.72998323547183,0,0,0,0,0,0,0,0,NA,NA,FR,185666626,False
2026-27,4874,Jerrell Roberson II,UMass Lowell,-2.12338870518026,-0.607179136623148,-2.73056784180341,0,0,0,0,0,0,0,0,NA,NA,SR,1928895,False
2026-27,4875,"Clayton Everett, Jr.",South Carolina State,-2.08775627030597,-0.643174453993127,-2.7309307242991,0,0,0,0,0,0,0,0,NA,NA,FR,263350721,False
2026-27,4876,"Lonnie Bass, Jr.",Morehead State,-1.0511579341939,-1.6819043269566,-2.73306226115051,0,0,0,0,0,0,0,0,NA,NA,FR,12101094,False
2026-27,4877,Malik Gillespie,Morehead State,-1.05167574802,-1.6819043269566,-2.73358007497661,0,0,0,0,0,0,0,0,NA,NA,FR,244498721,False
2026-27,4878,Aloïs Leyrolles,Hawaii,-1.81778848606999,-0.917063673458722,-2.73485215952872,0,0,0,0,0,0,0,0,NA,NA,FR,47194159,False
2026-27,4879,Scotty Belnap,Hawaii,-1.81778848606999,-0.917063673458722,-2.73485215952872,0,0,0,0,0,0,0,0,NA,NA,FR,255366997,False
2026-27,4880,Tiger Cuff,Hawaii,-1.81778848606999,-0.917063673458722,-2.73485215952872,0,0,0,0,0,0,0,0,NA,NA,FR,159079820,False
2026-27,4881,Ma'Kye Taylor,Alcorn State,-1.54629505908943,-1.19155511670015,-2.73785017578958,0,0,0,0,0,0,0,0,NA,NA,JR,2284679,False
2026-27,4882,Jayden Pretty,South Carolina State,-2.08775627030597,-0.651349099437204,-2.73910536974317,0,0,0,0,0,0,0,0,NA,NA,FR,232483734,False
2026-27,4883,Braylon Jackson,South Carolina State,-2.08775627030597,-0.651564772333161,-2.73932104263913,0,0,0,0,0,0,0,0,NA,NA,FR,63179208,False
2026-27,4884,Drew McElroy,TCU,-1.36981288013226,-1.36981288013226,-2.73962576026452,0,0,0,0,0,0,0,0,NA,NA,JR,2305307,False
2026-27,4885,Jack Wegman,TCU,-1.36981288013226,-1.36981288013226,-2.73962576026452,0,0,0,0,0,0,0,0,NA,NA,FR,211621808,False
2026-27,4886,Ja' Caiden Cone,South Carolina State,-2.08775627030597,-0.653150765644381,-2.74090703595035,0,0,0,0,0,0,0,0,NA,NA,FR,165859486,False
2026-27,4887,Andre NGomabie,South Carolina State,-2.08775627030597,-0.655953268213569,-2.74370953851954,0,0,0,0,0,0,0,0,NA,NA,FR,179208702,False
2026-27,4888,Camarion Bead,Central Arkansas,-1.35743963878794,-1.38688911136292,-2.74432875015086,0,0,0,0,0,0,0,0,NA,NA,FR,76110387,False
2026-27,4889,Jacob Tsai,Yale,-1.84452790186624,-0.902979912730181,-2.74750781459642,0,0,0,0,0,0,0,0,NA,NA,SO,2472185,False
2026-27,4890,Jack Louridas,Yale,-1.84452790186624,-0.902979912730181,-2.74750781459642,0,0,0,0,0,0,0,0,NA,NA,FR,77320463,False
2026-27,4891,Tim Winkler,Yale,-1.84452790186624,-0.902979912730181,-2.74750781459642,0,0,0,0,0,0,0,0,NA,NA,FR,186165537,False
2026-27,4892,Chris Bolte,Yale,-1.84452790186624,-0.902979912730181,-2.74750781459642,0,0,0,0,0,0,0,0,NA,NA,FR,75866085,False
2026-27,4893,Connor May,Yale,-1.84452790186624,-0.902979912730181,-2.74750781459642,0,0,0,0,0,0,0,0,NA,NA,FR,144199242,False
2026-27,4894,Brady Wooley,Yale,-1.84452790186624,-0.902979912730181,-2.74750781459642,0,0,0,0,0,0,0,0,NA,NA,FR,170465921,False
2026-27,4895,T.J. Prosise,George Mason,-1.37408933737376,-1.37408933737376,-2.74817867474752,0,0,0,0,0,0,0,0,NA,NA,JR,2321358,False
2026-27,4896,Ben Woodward,George Mason,-1.37408933737376,-1.37408933737376,-2.74817867474752,0,0,0,0,0,0,0,0,NA,NA,SR,2321362,False
2026-27,4897,Brian Harris,South Carolina State,-2.08775627030597,-0.66065115994168,-2.74840743024765,0,0,0,0,0,0,0,0,NA,NA,FR,195703318,False
2026-27,4898,JJ Washington,Rider,-2.10221470491635,-0.65174626877821,-2.75396097369456,0,0,0,0,0,0,0,0,NA,NA,FR,120932406,False
2026-27,4899,Obe Segun Ezekiel,Rider,-2.10221470491635,-0.653552046503316,-2.75576675141967,0,0,0,0,0,0,0,0,NA,NA,FR,154138856,False
2026-27,4900,Bryce Adams,South Carolina State,-2.08775627030597,-0.669260441902897,-2.75701671220887,0,0,0,0,0,0,0,0,NA,NA,FR,19280069,False
2026-27,4901,R.J. Young,Central Arkansas,-1.37252136688065,-1.38688911136292,-2.75941047824357,0,0,0,0,0,0,0,0,NA,NA,FR,179571435,False
2026-27,4902,Win Miller,Samford,-1.36548130670869,-1.39409796882392,-2.75957927553261,0,0,0,0,0,0,0,0,NA,NA,SR,2113898,False
2026-27,4903,Bryce Presley,Rider,-2.10221470491635,-0.658028490117308,-2.76024319503366,0,0,0,0,0,0,0,0,NA,NA,FR,181320674,False
2026-27,4904,Blake Dibble,Cal State Bakersfield,-1.26973236216619,-1.49108745070068,-2.76081981286687,0,0,0,0,0,0,0,0,NA,NA,FR,32893988,False
2026-27,4905,Nasir Washington,Rider,-2.10221470491635,-0.659410829729904,-2.76162553464626,0,0,0,0,0,0,0,0,NA,NA,FR,201621282,False
2026-27,4906,Andre Langley,Stonehill,-1.79980955708364,-0.962494548361152,-2.76230410544479,0,0,0,0,0,0,0,0,NA,NA,FR,159536771,False
2026-27,4907,Danny Cheng,Stonehill,-1.80165440819275,-0.962494548361152,-2.7641489565539,0,0,0,0,0,0,0,0,NA,NA,FR,107550633,False
2026-27,4908,Andrew Hoerner,Central Arkansas,-1.37852811089338,-1.38688911136292,-2.76541722225629,0,0,0,0,0,0,0,0,NA,NA,FR,112548911,False
2026-27,4909,Benicio Leons,Stonehill,-1.80403583399719,-0.962494548361152,-2.76653038235834,0,0,0,0,0,0,0,0,NA,NA,FR,59797972,False
2026-27,4910,Richie Rosa,Rider,-2.10221470491635,-0.664687741571208,-2.76690244648756,0,0,0,0,0,0,0,0,NA,NA,FR,251950260,False
2026-27,4911,Chudi Dioramma,Cal State Bakersfield,-1.27689463106005,-1.49108745070068,-2.76798208176073,0,0,0,0,0,0,0,0,NA,NA,FR,51228926,False
2026-27,4912,Treven Raymon,South Carolina State,-2.08775627030597,-0.683298088555789,-2.77105435886176,0,0,0,0,0,0,0,0,NA,NA,FR,18105354,False
2026-27,4913,Matar Diop,Lindenwood,-2.01781431838482,-0.754275507023637,-2.77208982540846,0,0,0,0,0,0,0,0,NA,NA,SR,2094423,False
2026-27,4914,Mikes Connelly,Rider,-2.10221470491635,-0.670672057953503,-2.77288676286986,0,0,0,0,0,0,0,0,NA,NA,FR,65413489,False
2026-27,4915,Isaiah Templeton,Central Arkansas,-1.38865054817282,-1.38688911136292,-2.77553965953574,0,0,0,0,0,0,0,0,NA,NA,FR,212446052,False
2026-27,4916,Kemar Grant,Stonehill,-1.81306062728932,-0.962494548361152,-2.77555517565047,0,0,0,0,0,0,0,0,NA,NA,FR,85749021,False
2026-27,4917,Alex McCray,East Texas A&M,-1.77314069935719,-1.00351464975501,-2.7766553491122,0,0,0,0,0,0,0,0,NA,NA,SR,2563970,False
2026-27,4918,Kam Wylie,Rider,-2.10221470491635,-0.674878695378577,-2.77709340029493,0,0,0,0,0,0,0,0,NA,NA,FR,179013321,False
2026-27,4919,Kristian Payne,Cal State Bakersfield,-1.28733839440513,-1.49108745070068,-2.77842584510581,0,0,0,0,0,0,0,0,NA,NA,FR,166815877,False
2026-27,4920,Duje Dujmovic,Eastern Kentucky,-1.34225245719953,-1.43694030360231,-2.77919276080184,0,0,0,0,0,0,0,0,NA,NA,FR,101440840,False
2026-27,4921,Antonio Shannon,Grambling,-2.10490132468476,-0.675634341372955,-2.78053566605771,0,0,0,0,0,0,0,0,NA,NA,FR,201542854,False
2026-27,4922,Grigorije Avramovic,Grambling,-2.10490132468476,-0.675634341372955,-2.78053566605771,0,0,0,0,0,0,0,0,NA,NA,FR,12881393,False
2026-27,4923,Brandon Hardy,Grambling,-2.10490132468476,-0.675634341372955,-2.78053566605771,0,0,0,0,0,0,0,0,NA,NA,FR,233761183,False
2026-27,4924,Colin Byrd,Grambling,-2.10490132468476,-0.675634341372955,-2.78053566605771,0,0,0,0,0,0,0,0,NA,NA,FR,102931335,False
2026-27,4925,Antoine Shannon,Grambling,-2.10490132468476,-0.675634341372955,-2.78053566605771,0,0,0,0,0,0,0,0,NA,NA,FR,229387215,False
2026-27,4926,Tyler Bey,Grambling,-2.10490132468476,-0.675634341372955,-2.78053566605771,0,0,0,0,0,0,0,0,NA,NA,FR,2325607,False
2026-27,4927,Isaiah Howard,Grambling,-2.10490132468476,-0.675634341372955,-2.78053566605771,0,0,0,0,0,0,0,0,NA,NA,FR,203328686,False
2026-27,4928,Waqo Tessema,South Carolina Upstate,-1.01924476851414,-1.76418332075556,-2.7834280892697,0,0,0,0,0,0,0,0,NA,NA,SR,2539388,False
2026-27,4929,Stephen Avegah Semey,Rider,-2.10221470491635,-0.681351884847825,-2.78356658976418,0,0,0,0,0,0,0,0,NA,NA,FR,30713723,False
2026-27,4930,Christian Barnes,South Carolina State,-2.08775627030597,-0.697406237611135,-2.78516250791711,0,0,0,0,0,0,0,0,NA,NA,FR,1940317,False
2026-27,4931,Camden Karel,Bowling Green,-2.16297958536008,-0.623629026175082,-2.78660861153516,0,0,0,0,0,0,0,0,NA,NA,SO,2472551,False
2026-27,4932,Marshal Destremau,West Georgia,-1.55217809857895,-1.23449144708842,-2.78666954566737,0,0,0,0,0,0,0,0,NA,NA,FR,127736805,False
2026-27,4933,Jaelen Nelson,Denver,-1.43660252327013,-1.35095356787044,-2.78755609114056,0,0,0,0,0,0,0,0,NA,NA,JR,177784467,False
2026-27,4934,Quin Patterson,Idaho State,-1.16554703426976,-1.62493036340692,-2.79047739767668,0,0,0,0,0,0,0,0,NA,NA,SR,1924055,False
2026-27,4935,Ty Iwanonkiw,Cornell,-1.72197119185942,-1.07028399421241,-2.79225518607183,0,0,0,0,0,0,0,0,NA,NA,JR,2287712,False
2026-27,4936,Ben Brown,Dartmouth,-2.00100877244427,-0.793134212967994,-2.79414298541227,0,0,0,0,0,0,0,0,NA,NA,SR,2126148,False
2026-27,4937,Tim Walker,New Haven,-1.9853407072814,-0.809768937084039,-2.79510964436544,0,0,0,0,0,0,0,0,NA,NA,FR,89182751,False
2026-27,4938,Sam Maynard,West Georgia,-1.56412353898089,-1.23449144708842,-2.79861498606931,0,0,0,0,0,0,0,0,NA,NA,FR,32581316,False
2026-27,4939,Aleix Sempere,West Georgia,-1.56479084053395,-1.23449144708842,-2.79928228762237,0,0,0,0,0,0,0,0,NA,NA,FR,40826711,False
2026-27,4940,Malik Olafioye,Chicago State,-2.12538789629233,-0.674606349359079,-2.79999424565141,0,0,0,0,0,0,0,0,NA,NA,JR,2137291,False
2026-27,4941,Teon Tindal,South Carolina State,-2.25018770403191,-0.550202543454788,-2.8003902474867,0,0,0,0,0,0,0,0,NA,NA,SO,2557662,False
2026-27,4942,Danny Young Jr.,New Haven,-1.99093433235515,-0.809768937084039,-2.80070326943919,0,0,0,0,0,0,0,0,NA,NA,FR,35228207,False
2026-27,4943,Brad Ballinger,New Haven,-1.99108727958538,-0.809768937084039,-2.80085621666942,0,0,0,0,0,0,0,0,NA,NA,FR,158946210,False
2026-27,4944,Faquir Mosley,New Haven,-1.99323105701524,-0.809768937084039,-2.80299999409928,0,0,0,0,0,0,0,0,NA,NA,FR,111062219,False
2026-27,4945,Elton Smith,East Tennessee State,-1.42598583385409,-1.37799829768594,-2.80398413154003,0,0,0,0,0,0,0,0,NA,NA,FR,132721106,False
2026-27,4946,DeCarl Payne,East Tennessee State,-1.42598583385409,-1.37799829768594,-2.80398413154003,0,0,0,0,0,0,0,0,NA,NA,FR,91466497,False
2026-27,4947,Chace Holley,San Diego,-1.65606680758415,-1.14929813441777,-2.80536494200192,0,0,0,0,0,0,0,0,NA,NA,FR,218200120,False
2026-27,4948,Braylon Roman,San Diego,-1.65606680758415,-1.14929813441777,-2.80536494200192,0,0,0,0,0,0,0,0,NA,NA,FR,124691713,False
2026-27,4949,TJ Farrington,West Georgia,-1.57195017110835,-1.23449144708842,-2.80644161819676,0,0,0,0,0,0,0,0,NA,NA,FR,220103428,False
2026-27,4950,Joshua Palmer,UC Irvine,-1.6252501414574,-1.18851421560839,-2.81376435706579,0,0,0,0,0,0,0,0,NA,NA,SO,2492282,False
2026-27,4951,Luke Isaak,UC Irvine,-1.6252501414574,-1.18851421560839,-2.81376435706579,0,0,0,0,0,0,0,0,NA,NA,SO,2475005,False
2026-27,4952,Bryce Goldman,UC Irvine,-1.6252501414574,-1.18851421560839,-2.81376435706579,0,0,0,0,0,0,0,0,NA,NA,SO,2475002,False
2026-27,4953,Parker Spees,UC Irvine,-1.6252501414574,-1.18851421560839,-2.81376435706579,0,0,0,0,0,0,0,0,NA,NA,FR,138901450,False
2026-27,4954,Nils Cooper,UC Irvine,-1.6252501414574,-1.18851421560839,-2.81376435706579,0,0,0,0,0,0,0,0,NA,NA,FR,100377074,False
2026-27,4955,Dom Bentho,UC Irvine,-1.6252501414574,-1.18851421560839,-2.81376435706579,0,0,0,0,0,0,0,0,NA,NA,FR,267033517,False
2026-27,4956,Jaylin Sweat,West Georgia,-1.58148717193302,-1.23449144708842,-2.81597861902144,0,0,0,0,0,0,0,0,NA,NA,FR,244470205,False
2026-27,4957,Kamai Samuels,Tennessee Tech,-1.29538302264753,-1.52249168788029,-2.81787471052782,0,0,0,0,0,0,0,0,NA,NA,FR,130568518,False
2026-27,4958,Rocco Awad,NJIT,-1.83251531301947,-0.986663778330341,-2.81917909134981,0,0,0,0,0,0,0,0,NA,NA,SO,2481920,False
2026-27,4959,Isiah Rose,New Haven,-2.01675857414411,-0.809768937084039,-2.82652751122815,0,0,0,0,0,0,0,0,NA,NA,FR,192933579,False
2026-27,4960,Jaylen Pazon,Chicago State,-1.93325610604546,-0.894114589563828,-2.82737069560929,0,0,0,0,0,0,0,0,NA,NA,JR,2328976,False
2026-27,4961,John Jackson,Providence,-1.41498135623815,-1.41498135623815,-2.8299627124763,0,0,0,0,0,0,0,0,NA,NA,FR,131895965,False
2026-27,4962,Abraham Oyeadier,UC Riverside,-2.85017673362164,0.0177711185548002,-2.83240561506684,0,0,0,0,0,0,0,0,NA,NA,SO,2305897,False
2026-27,4963,Eli Sparkman,South Carolina,-1.4167631703897,-1.4167631703897,-2.83352634077941,0,0,0,0,0,0,0,0,NA,NA,SR,1917738,False
2026-27,4964,Ford Wilder,South Carolina,-1.4167631703897,-1.4167631703897,-2.83352634077941,0,0,0,0,0,0,0,0,NA,NA,FR,144970341,False
2026-27,4965,Juaquin Dixon,West Georgia,-1.60312445272434,-1.23449144708842,-2.83761589981276,0,0,0,0,0,0,0,0,NA,NA,FR,102260091,False
2026-27,4966,Markel Jennings,Georgia,-1.41881225050487,-1.41881225050487,-2.83762450100975,0,0,0,0,0,0,0,0,NA,NA,JR,2098965,False
2026-27,4967,Brandon Klatsky,Georgia,-1.41881225050487,-1.41881225050487,-2.83762450100975,0,0,0,0,0,0,0,0,NA,NA,SR,1895177,False
2026-27,4968,Andy Ramirez,New Haven,-2.02958355235005,-0.809768937084039,-2.83935248943409,0,0,0,0,0,0,0,0,NA,NA,FR,108359157,False
2026-27,4969,Diogo Alves,Radford,-1.61994732920399,-1.22304608549384,-2.84299341469783,0,0,0,0,0,0,0,0,NA,NA,SO,2536605,False
2026-27,4970,Alex Nokes,Radford,-1.61994732920399,-1.22304608549384,-2.84299341469783,0,0,0,0,0,0,0,0,NA,NA,FR,239123219,False
2026-27,4971,Kye Davis,Radford,-1.61994732920399,-1.22304608549384,-2.84299341469783,0,0,0,0,0,0,0,0,NA,NA,FR,207436890,False
2026-27,4972,Caden Cantrell,Radford,-1.61994732920399,-1.22304608549384,-2.84299341469783,0,0,0,0,0,0,0,0,NA,NA,FR,84228096,False
2026-27,4973,Harrison Stewart,Tennessee Tech,-1.32354493518906,-1.52249168788029,-2.84603662306935,0,0,0,0,0,0,0,0,NA,NA,FR,15865575,False
2026-27,4974,Michael Van Raaphorst,Georgetown,-1.42389484771769,-1.42389484771769,-2.84778969543538,0,0,0,0,0,0,0,0,NA,NA,JR,2313807,False
2026-27,4975,Mason Moses,Georgetown,-1.42389484771769,-1.42389484771769,-2.84778969543538,0,0,0,0,0,0,0,0,NA,NA,JR,2313800,False
2026-27,4976,Reph Stevenson,South Florida,-1.77566007561677,-1.07611359015491,-2.85177366577168,0,0,0,0,0,0,0,0,NA,NA,FR,14102578,False
2026-27,4977,Donovan Waleskowski,South Florida,-1.77566007561677,-1.07611359015491,-2.85177366577168,0,0,0,0,0,0,0,0,NA,NA,FR,17331471,False
2026-27,4978,Jake Pampolina,Tennessee Tech,-1.33408577256169,-1.52249168788029,-2.85657746044197,0,0,0,0,0,0,0,0,NA,NA,FR,25606158,False
2026-27,4979,Brady MacAdams,Marist,-1.62799247662709,-1.23037121953407,-2.85836369616115,0,0,0,0,0,0,0,0,NA,NA,FR,84231252,False
2026-27,4980,Kyler Fox,Tennessee Tech,-1.33683546775698,-1.52249168788029,-2.85932715563727,0,0,0,0,0,0,0,0,NA,NA,FR,198811675,False
2026-27,4981,Kris Keinys,Houston Christian,-1.42665060671312,-1.43662570530108,-2.8632763120142,0,0,0,0,0,0,0,0,NA,NA,FR,129732119,False
2026-27,4982,Rue Wells,Gardner-Webb,-2.45231465317675,-0.411592518681378,-2.86390717185813,0,0,0,0,0,0,0,0,NA,NA,FR,128377950,False
2026-27,4983,Chinedu Okpara,Gardner-Webb,-2.45231465317675,-0.412676409196317,-2.86499106237307,0,0,0,0,0,0,0,0,NA,NA,FR,96567661,False
2026-27,4984,Samson Mashebinu,San Diego State,-2.11450110061575,-0.752876975893354,-2.86737807650911,0,0,0,0,0,0,0,0,NA,NA,FR,255136653,False
2026-27,4985,Jonas Nichols,Houston Christian,-1.43458260384333,-1.43662570530108,-2.87120830914441,0,0,0,0,0,0,0,0,NA,NA,FR,187179275,False
2026-27,4986,AJ Altobelli,NJIT,-1.37491329442369,-1.49913972011333,-2.87405301453702,0,0,0,0,0,0,0,0,NA,NA,SO,2481918,False
2026-27,4987,David Gaymon,Gardner-Webb,-2.45231465317675,-0.424085387872774,-2.87640004104952,0,0,0,0,0,0,0,0,NA,NA,FR,139396203,False
2026-27,4988,King Anderson,Houston Christian,-1.44069423044912,-1.43662570530108,-2.8773199357502,0,0,0,0,0,0,0,0,NA,NA,FR,205102613,False
2026-27,4989,Brave Rutsindura,Gardner-Webb,-2.45231465317675,-0.425412988213394,-2.87772764139014,0,0,0,0,0,0,0,0,NA,NA,FR,197122984,False
2026-27,4990,Ibrahima Sacko,Houston Christian,-1.44407340571349,-1.43662570530108,-2.88069911101457,0,0,0,0,0,0,0,0,NA,NA,FR,120545218,False
2026-27,4991,Louis Hutchinson,West Georgia,-1.09737811674312,-1.78972749564978,-2.8871056123929,0,0,0,0,0,0,0,0,NA,NA,SR,1925932,False
2026-27,4992,Jamari Piercy,Coppin State,-2.36719390409034,-0.522931206052101,-2.89012511014244,0,0,0,0,0,0,0,0,NA,NA,SR,2472170,False
2026-27,4993,Robert Peters,VMI,-2.05501591780705,-0.838781372160405,-2.89379728996745,0,0,0,0,0,0,0,0,NA,NA,SR,2112513,False
2026-27,4994,Jordan Pape,Houston Christian,-1.45757207787277,-1.43662570530108,-2.89419778317385,0,0,0,0,0,0,0,0,NA,NA,FR,163842160,False
2026-27,4995,Shawn Simmons II,Houston Christian,-1.46100341350032,-1.43662570530108,-2.89762911880139,0,0,0,0,0,0,0,0,NA,NA,FR,126720393,False
2026-27,4996,Malone Gros,Houston Christian,-1.46159693121846,-1.43662570530108,-2.89822263651954,0,0,0,0,0,0,0,0,NA,NA,FR,147589025,False
2026-27,4997,Jerrell Barron Jr.,Brown,-1.45582631615702,-1.44612378126334,-2.90195009742035,0,0,0,0,0,0,0,0,NA,NA,JR,2287290,False
2026-27,4998,Samuel Hincapie,North Dakota,-1.06593835489384,-1.83611548983998,-2.90205384473383,0,0,0,0,0,0,0,0,NA,NA,SR,2543890,False
2026-27,4999,Khalil Farmer,Rider,-1.21383484826649,-1.69025380229808,-2.90408865056457,0,0,0,0,0,0,0,0,NA,NA,SR,1890522,False
2026-27,5000,Makel Smith,UNC Wilmington,-1.45310642335816,-1.45310642335816,-2.90621284671631,0,0,0,0,0,0,0,0,NA,NA,JR,2283160,False
2026-27,5001,Ethan Hillsman,Eastern Illinois,-1.86838637764656,-1.03838461088763,-2.9067709885342,0,0,0,0,0,0,0,0,NA,NA,FR,213174807,False
2026-27,5002,Hutson Rowe,West Florida,-1.66488061474898,-1.24872211158427,-2.91360272633325,0,0,0,0,0,0,0,0,NA,NA,FR,218321267,False
2026-27,5003,Isaiah Barganier,Alabama State,-1.45889667966862,-1.45589047687539,-2.91478715654402,0,0,0,0,0,0,0,0,NA,NA,SR,1931601,False
2026-27,5004,Luke Mirhashemi,Colorado,-1.79942374215898,-1.11713734459465,-2.91656108675363,0,0,0,0,0,0,0,0,NA,NA,FR,228397664,False
2026-27,5005,Julius Jay King,West Florida,-1.66809008410673,-1.24872211158427,-2.916812195691,0,0,0,0,0,0,0,0,NA,NA,FR,237982325,False
2026-27,5006,Amare Allen,Stonehill,-1.99527331630726,-0.921566159316862,-2.91683947562412,0,0,0,0,0,0,0,0,NA,NA,JR,2291034,False
2026-27,5007,Christian Valarezo,West Florida,-1.66975295700709,-1.24872211158427,-2.91847506859136,0,0,0,0,0,0,0,0,NA,NA,FR,155193470,False
2026-27,5008,Christian Monroe,West Florida,-1.66976956390868,-1.24872211158427,-2.91849167549295,0,0,0,0,0,0,0,0,NA,NA,FR,108456284,False
2026-27,5009,Gavin Welch,Eastern Illinois,-1.88035874981782,-1.03838461088763,-2.91874336070545,0,0,0,0,0,0,0,0,NA,NA,FR,199113625,False
2026-27,5010,Tim Hall Jr.,West Florida,-1.67562873200122,-1.24872211158427,-2.92435084358548,0,0,0,0,0,0,0,0,NA,NA,FR,205586759,False
2026-27,5011,Jordan Samuel,West Florida,-1.67683041779476,-1.24872211158427,-2.92555252937902,0,0,0,0,0,0,0,0,NA,NA,FR,62196785,False
2026-27,5012,Sano Rutatika,West Florida,-1.67730194469545,-1.24872211158427,-2.92602405627972,0,0,0,0,0,0,0,0,NA,NA,FR,96067296,False
2026-27,5013,Oluwatomisin Ayodele-Osho,West Florida,-1.68095030117044,-1.24872211158427,-2.92967241275471,0,0,0,0,0,0,0,0,NA,NA,FR,259392647,False
2026-27,5014,Tanner Vogel,Eastern Illinois,-1.89475773429162,-1.03838461088763,-2.93314234517925,0,0,0,0,0,0,0,0,NA,NA,FR,265124101,False
2026-27,5015,Rodrigo Farias,West Florida,-1.684656643298,-1.24872211158427,-2.93337875488227,0,0,0,0,0,0,0,0,NA,NA,FR,95351205,False
2026-27,5016,DJ Shine,West Florida,-1.68610690062892,-1.24872211158427,-2.93482901221319,0,0,0,0,0,0,0,0,NA,NA,FR,41316253,False
2026-27,5017,Alex Godley Jr.,West Florida,-1.68890052580824,-1.24872211158427,-2.93762263739251,0,0,0,0,0,0,0,0,NA,NA,FR,110171619,False
2026-27,5018,Tuscan Onuoha,Florida A&M,-1.9564091896853,-0.985020128725355,-2.94142931841065,0,0,0,0,0,0,0,0,NA,NA,SR,2299495,False
2026-27,5019,Kaloyan Kolev,IU Indy,-1.60945845950927,-1.33296842894152,-2.9424268884508,0,0,0,0,0,0,0,0,NA,NA,FR,81704287,False
2026-27,5020,Jayden Wright,Eastern Illinois,-1.90579858207747,-1.03838461088763,-2.9441831929651,0,0,0,0,0,0,0,0,NA,NA,FR,84643516,False
2026-27,5021,Demar Burton,Eastern Illinois,-1.91145164634499,-1.03838461088763,-2.94983625723262,0,0,0,0,0,0,0,0,NA,NA,FR,49280442,False
2026-27,5022,Elijah Eschmeyer,Northwestern,-1.47550683350384,-1.47550683350384,-2.95101366700768,0,0,0,0,0,0,0,0,NA,NA,FR,2180167,False
2026-27,5023,Snookey Wigington,Cal State Bakersfield,-1.46607091330929,-1.49108745070068,-2.95715836400997,0,0,0,0,0,0,0,0,NA,NA,FR,163260215,False
2026-27,5024,Iliyan Pishtikov,Cal State Bakersfield,-1.46607091330929,-1.49108745070068,-2.95715836400997,0,0,0,0,0,0,0,0,NA,NA,FR,166293600,False
2026-27,5025,Pietro Iannuzzi,Cal State Bakersfield,-1.46607091330929,-1.49108745070068,-2.95715836400997,0,0,0,0,0,0,0,0,NA,NA,FR,109545555,False
2026-27,5026,Jalen Calloway,Eastern Illinois,-1.92394756773765,-1.03838461088763,-2.96233217862529,0,0,0,0,0,0,0,0,NA,NA,FR,160774424,False
2026-27,5027,Max Lorenson,Minnesota,-1.48141944656765,-1.48141944656765,-2.9628388931353,0,0,0,0,0,0,0,0,NA,NA,SO,2553622,False
2026-27,5028,Blake Nixon Jr.,Minnesota,-1.48141944656765,-1.48141944656765,-2.9628388931353,0,0,0,0,0,0,0,0,NA,NA,FR,175853001,False
2026-27,5029,Peyton Heiss,IU Indy,-1.63111048828744,-1.33296842894152,-2.96407891722896,0,0,0,0,0,0,0,0,NA,NA,FR,141102871,False
2026-27,5030,Tristan Hankins,UT Arlington,-1.93779780303848,-1.02810448925278,-2.96590229229126,0,0,0,0,0,0,0,0,NA,NA,FR,8635887,False
2026-27,5031,Teodor Simic,UT Arlington,-1.93779780303848,-1.02810448925278,-2.96590229229126,0,0,0,0,0,0,0,0,NA,NA,FR,97301613,False
2026-27,5032,Jerimiyah Smith,UT Arlington,-1.93779780303848,-1.02810448925278,-2.96590229229126,0,0,0,0,0,0,0,0,NA,NA,FR,44695565,False
2026-27,5033,Jayden Parker,UT Arlington,-1.93779780303848,-1.02810448925278,-2.96590229229126,0,0,0,0,0,0,0,0,NA,NA,FR,250486463,False
2026-27,5034,Noah Shelby,UT Arlington,-1.93779780303848,-1.02810448925278,-2.96590229229126,0,0,0,0,0,0,0,0,NA,NA,FR,160598780,False
2026-27,5035,Josh Montgomery,UT Arlington,-1.93779780303848,-1.02810448925278,-2.96590229229126,0,0,0,0,0,0,0,0,NA,NA,FR,257871433,False
2026-27,5036,Marko Masic,Vermont,-1.70783618410743,-1.25987057411298,-2.96770675822041,0,0,0,0,0,0,0,0,NA,NA,FR,208082718,False
2026-27,5037,Trey Drexler,IU Indy,-1.6355081016585,-1.33296842894152,-2.96847653060002,0,0,0,0,0,0,0,0,NA,NA,FR,150370579,False
2026-27,5038,Tarik Fadel Mula,IU Indy,-1.64020141803604,-1.33296842894152,-2.97316984697756,0,0,0,0,0,0,0,0,NA,NA,FR,215987289,False
2026-27,5039,Landon Osswald,IU Indy,-1.64083000010815,-1.33296842894152,-2.97379842904967,0,0,0,0,0,0,0,0,NA,NA,FR,194842221,False
2026-27,5040,Manasseh Stackhouse,IU Indy,-1.64354900858311,-1.33296842894152,-2.97651743752463,0,0,0,0,0,0,0,0,NA,NA,FR,197828971,False
2026-27,5041,William Patterson,Wagner,-1.95279080609495,-1.02519649727816,-2.97798730337311,0,0,0,0,0,0,0,0,NA,NA,JR,2121796,False
2026-27,5042,Devin Davenport,Eastern Illinois,-1.94107084708102,-1.03838461088763,-2.97945545796866,0,0,0,0,0,0,0,0,NA,NA,FR,215180544,False
2026-27,5043,Luke Shaw,Grand Canyon,-1.49043314992972,-1.49043314992972,-2.98086629985943,0,0,0,0,0,0,0,0,NA,NA,SO,2478446,False
2026-27,5044,Levi Beckwith,Maryland-Eastern Shore,-2.97592335547712,-0.00668312581229859,-2.98260648128942,0,0,0,0,0,0,0,0,NA,NA,SO,2555558,False
2026-27,5045,Luis Nonfon,Saint Joseph's,-2.1683620997635,-0.815971557085788,-2.98433365684929,0,0,0,0,0,0,0,0,NA,NA,JR,224845322,False
2026-27,5046,Aidan McDowell,Sam Houston State,-0.903537415288167,-2.08444516461911,-2.98798257990728,0,0,0,0,0,0,0,0,NA,NA,JR,214760853,False
2026-27,5047,Bobby Gardner,Maryland-Eastern Shore,-1.96519609405887,-1.02298120982921,-2.98817730388808,0,0,0,0,0,0,0,0,NA,NA,FR,195677334,False
2026-27,5048,Dillon Butler,Murray State,-1.49538306299263,-1.49538306299263,-2.99076612598527,0,0,0,0,0,0,0,0,NA,NA,SO,2481893,False
2026-27,5049,Anthony Rise,Iowa State,-1.496161434401,-1.496161434401,-2.99232286880201,0,0,0,0,0,0,0,0,NA,NA,SO,2535037,False
2026-27,5050,Gerlouis Tokody,Maryland-Eastern Shore,-1.97057189998424,-1.02298120982921,-2.99355310981345,0,0,0,0,0,0,0,0,NA,NA,FR,259202413,False
2026-27,5051,Ebenezer Ogoh,Maryland-Eastern Shore,-1.97934490146546,-1.02298120982921,-3.00232611129467,0,0,0,0,0,0,0,0,NA,NA,FR,174090613,False
2026-27,5052,Israel Hall,Maryland-Eastern Shore,-1.98089450699345,-1.02298120982921,-3.00387571682267,0,0,0,0,0,0,0,0,NA,NA,FR,168640647,False
2026-27,5053,Rahmir Moore,Delaware State,-1.57473234923404,-1.43040675448257,-3.00513910371661,0,0,0,0,0,0,0,0,NA,NA,SR,1342728,False
2026-27,5054,Mac Wrecke,Green Bay,-1.95033413821427,-1.05810766488748,-3.00844180310175,0,0,0,0,0,0,0,0,NA,NA,JR,2093337,False
2026-27,5055,Tim Franks,St. Thomas (MN),-1.69427289375738,-1.31599966040403,-3.01027255416141,0,0,0,0,0,0,0,0,NA,NA,SO,2283313,False
2026-27,5056,Luka Momcilovic,St. Thomas (MN),-1.69427289375738,-1.31599966040403,-3.01027255416141,0,0,0,0,0,0,0,0,NA,NA,SO,2497999,False
2026-27,5057,Jonovan Wilkinson,St. Thomas (MN),-1.69427289375738,-1.31599966040403,-3.01027255416141,0,0,0,0,0,0,0,0,NA,NA,FR,68063130,False
2026-27,5058,Julius Wade,St. Thomas (MN),-1.69427289375738,-1.31599966040403,-3.01027255416141,0,0,0,0,0,0,0,0,NA,NA,FR,102806960,False
2026-27,5059,JoJo Mitchell III,St. Thomas (MN),-1.69427289375738,-1.31599966040403,-3.01027255416141,0,0,0,0,0,0,0,0,NA,NA,FR,54939088,False
2026-27,5060,Saadiq Moore,Maryland-Eastern Shore,-1.98876179908047,-1.02298120982921,-3.01174300890969,0,0,0,0,0,0,0,0,NA,NA,FR,62992853,False
2026-27,5061,Alvin Cole,Maryland-Eastern Shore,-1.99363129224301,-1.02298120982921,-3.01661250207222,0,0,0,0,0,0,0,0,NA,NA,FR,96554112,False
2026-27,5062,KJ Vasser,Appalachian State,-2.65924235706917,-0.367750977901348,-3.02699333497052,0,0,0,0,0,0,0,0,NA,NA,SR,2475540,False
2026-27,5063,Bourgeois Tshilobo,Saint Peter's,-1.38519981419234,-1.64186083194891,-3.02706064614126,0,0,0,0,0,0,0,0,NA,NA,SO,2541457,False
2026-27,5064,Xavier Thomas,Saint Peter's,-1.38920223598106,-1.64186083194891,-3.03106306792998,0,0,0,0,0,0,0,0,NA,NA,FR,170552048,False
2026-27,5065,Da'Shawn Hall-Johnson,Maryland-Eastern Shore,-2.00835763839403,-1.02298120982921,-3.03133884822324,0,0,0,0,0,0,0,0,NA,NA,FR,162306493,False
2026-27,5066,Josh Gatete,Air Force,-2.44705485731102,-0.590278632313189,-3.03733348962421,0,0,0,0,0,0,0,0,NA,NA,SR,2117985,False
2026-27,5067,Zachary Johnson,South Carolina Upstate,-1.27450480631192,-1.76418332075556,-3.03868812706748,0,0,0,0,0,0,0,0,NA,NA,SO,2475474,False
2026-27,5068,Emmanuel Johnson III,Maryland-Eastern Shore,-2.01653793853538,-1.02298120982921,-3.0395191483646,0,0,0,0,0,0,0,0,NA,NA,FR,54694911,False
2026-27,5069,Daveyon Lydner,Coppin State,-1.97495389521548,-1.06630400318959,-3.04125789840507,0,0,0,0,0,0,0,0,NA,NA,SO,2484755,False
2026-27,5070,Jack DeRose,Saint Bonaventure,-1.52434231548511,-1.52434231548511,-3.04868463097022,0,0,0,0,0,0,0,0,NA,NA,SR,2119960,False
2026-27,5071,Leo Kirk,Saint Bonaventure,-1.52434231548511,-1.52434231548511,-3.04868463097022,0,0,0,0,0,0,0,0,NA,NA,FR,144862953,False
2026-27,5072,Olin Chamberlain Jr.,Temple,-1.52932680402743,-1.52932680402743,-3.05865360805486,0,0,0,0,0,0,0,0,NA,NA,SO,2475136,False
2026-27,5073,Abdou Yadd,Sacred Heart,-2.03385830643566,-1.02882586339382,-3.06268416982948,0,0,0,0,0,0,0,0,NA,NA,SO,2533878,False
2026-27,5074,Jack Fagan,Alabama,-1.53147997863275,-1.53147997863275,-3.06295995726551,0,0,0,0,0,0,0,0,NA,NA,SO,2583655,False
2026-27,5075,Mason Santiago,Saint Peter's,-1.42126145391236,-1.64186083194891,-3.06312228586127,0,0,0,0,0,0,0,0,NA,NA,FR,177932562,False
2026-27,5076,MJ Feenane,West Virginia,-1.53261377702893,-1.53261377702893,-3.06522755405787,0,0,0,0,0,0,0,0,NA,NA,SO,2505124,False
2026-27,5077,Max Olejasz,West Virginia,-1.53261377702893,-1.53261377702893,-3.06522755405787,0,0,0,0,0,0,0,0,NA,NA,FR,265468680,False
2026-27,5078,Ashton Wallace,Lafayette,-2.13595637886182,-0.93368247422494,-3.06963885308676,0,0,0,0,0,0,0,0,NA,NA,SO,2536823,False
2026-27,5079,Jasraj Gill,Lafayette,-2.13595637886182,-0.93368247422494,-3.06963885308676,0,0,0,0,0,0,0,0,NA,NA,FR,103294502,False
2026-27,5080,Owen Kelly,Lafayette,-2.13595637886182,-0.93368247422494,-3.06963885308676,0,0,0,0,0,0,0,0,NA,NA,FR,62229166,False
2026-27,5081,Cooper Kesler,Lafayette,-2.13595637886182,-0.93368247422494,-3.06963885308676,0,0,0,0,0,0,0,0,NA,NA,FR,237557652,False
2026-27,5082,Aaron Sievert,Lafayette,-2.13595637886182,-0.93368247422494,-3.06963885308676,0,0,0,0,0,0,0,0,NA,NA,FR,97486874,False
2026-27,5083,Patrick D'Arcy,Lafayette,-2.13595637886182,-0.93368247422494,-3.06963885308676,0,0,0,0,0,0,0,0,NA,NA,FR,192508930,False
2026-27,5084,AJ Collins,Lafayette,-2.13595637886182,-0.93368247422494,-3.06963885308676,0,0,0,0,0,0,0,0,NA,NA,FR,138579134,False
2026-27,5085,Rrezon Elezaj,Appalachian State,-2.65924235706917,-0.418079781335798,-3.07732213840497,0,0,0,0,0,0,0,0,NA,NA,SO,2488795,False
2026-27,5086,Jaylen Colon,Appalachian State,-2.65924235706917,-0.418079781335798,-3.07732213840497,0,0,0,0,0,0,0,0,NA,NA,FR,120732077,False
2026-27,5087,Jackson Love,Appalachian State,-2.65924235706917,-0.418079781335798,-3.07732213840497,0,0,0,0,0,0,0,0,NA,NA,FR,98935593,False
2026-27,5088,Beckett Currie,Lafayette,-2.13595637886182,-0.959034465971072,-3.0949908448329,0,0,0,0,0,0,0,0,NA,NA,SO,2536821,False
2026-27,5089,Robert Miller III,Miami (Fla.),-1.87201953414691,-1.2268221627505,-3.09884169689741,0,0,0,0,0,0,0,0,NA,NA,FR,50323060,False
2026-27,5090,Yanis Bamba,Maine,-2.35326248220729,-0.755746069134685,-3.10900855134198,0,0,0,0,0,0,0,0,NA,NA,SR,2095003,False
2026-27,5091,JT White,Seattle,-1.56063125327182,-1.56063125327182,-3.12126250654363,0,0,0,0,0,0,0,0,NA,NA,SR,2506961,False
2026-27,5092,Grant Darbyshire,Cincinnati,-2.10584590934824,-1.01684063784972,-3.12268654719795,0,0,0,0,0,0,0,0,NA,NA,SR,1916846,False
2026-27,5093,Gabe Kincy,Alabama A&M,-2.22245715978858,-0.903187218632645,-3.12564437842122,0,0,0,0,0,0,0,0,NA,NA,SR,2474952,False
2026-27,5094,Grant Spacciapolli,Penn State,-1.56405494257243,-1.56405494257243,-3.12810988514487,0,0,0,0,0,0,0,0,NA,NA,FR,214017255,False
2026-27,5095,Noah Mvula,South Carolina Upstate,-1.36738459943744,-1.76418332075556,-3.131567920193,0,0,0,0,0,0,0,0,NA,NA,FR,135243635,False
2026-27,5096,Kobe Butler,Jackson State,-2.05160616255725,-1.09078979987244,-3.14239596242969,0,0,0,0,0,0,0,0,NA,NA,SO,2555642,False
2026-27,5097,Armari Carraway,Chicago State,-1.01757526983111,-2.12518162202176,-3.14275689185287,0,0,0,0,0,0,0,0,NA,NA,SR,2474223,False
2026-27,5098,Sean Blakely Drummond,Oregon State,-1.57314991986976,-1.57314991986976,-3.14629983973953,0,0,0,0,0,0,0,0,NA,NA,SO,2477452,False
2026-27,5099,Chris Eagan,American,-2.27313251633182,-0.87970123372161,-3.15283375005343,0,0,0,0,0,0,0,0,NA,NA,SO,2478263,False
2026-27,5100,Jayonni Durrough,NJIT,-1.65657101764296,-1.49913972011333,-3.15571073775629,0,0,0,0,0,0,0,0,NA,NA,FR,176033534,False
2026-27,5101,Jalyn Patterson,South Carolina Upstate,-1.39715310254426,-1.76418332075556,-3.16133642329983,0,0,0,0,0,0,0,0,NA,NA,FR,255612769,False
2026-27,5102,Caleb Thomas,Lehigh,-1.48703308526672,-1.67442676375435,-3.16145984902107,0,0,0,0,0,0,0,0,NA,NA,SO,2547921,False
2026-27,5103,Yaqub Mir,UC San Diego,-1.58400439672053,-1.58400439672053,-3.16800879344105,0,0,0,0,0,0,0,0,NA,NA,SR,2136061,False
2026-27,5104,Przemek Hartman,Le Moyne,-1.8351437581317,-1.33444927565762,-3.16959303378932,0,0,0,0,0,0,0,0,NA,NA,SO,2492285,False
2026-27,5105,Derek Edmond,South Carolina Upstate,-1.40827586248323,-1.76418332075556,-3.17245918323879,0,0,0,0,0,0,0,0,NA,NA,FR,185806271,False
2026-27,5106,David Bumpass,Morgan State,-1.87052217783088,-1.30400766144147,-3.17452983927234,0,0,0,0,0,0,0,0,NA,NA,SO,2477333,False
2026-27,5107,Joe Baldwin,South Carolina Upstate,-1.41147227549308,-1.76418332075556,-3.17565559624864,0,0,0,0,0,0,0,0,NA,NA,FR,236912380,False
2026-27,5108,Bobby Hardison,Eastern Kentucky,-1.54225245719953,-1.63694030360231,-3.17919276080184,0,0,0,0,0,0,0,0,NA,NA,FR,154832772,False
2026-27,5109,Cade Murphy,Eastern Kentucky,-1.54225245719953,-1.63694030360231,-3.17919276080184,0,0,0,0,0,0,0,0,NA,NA,FR,48993525,False
2026-27,5110,Josh Lowe,Eastern Kentucky,-1.54225245719953,-1.63694030360231,-3.17919276080184,0,0,0,0,0,0,0,0,NA,NA,FR,24726682,False
2026-27,5111,Amari Owens,Eastern Kentucky,-1.54225245719953,-1.63694030360231,-3.17919276080184,0,0,0,0,0,0,0,0,NA,NA,FR,111058897,False
2026-27,5112,Drae Vasser,Eastern Kentucky,-1.54225245719953,-1.63694030360231,-3.17919276080184,0,0,0,0,0,0,0,0,NA,NA,FR,98542762,False
2026-27,5113,Justin McCarter,Eastern Kentucky,-1.54225245719953,-1.63694030360231,-3.17919276080184,0,0,0,0,0,0,0,0,NA,NA,FR,236427970,False
2026-27,5114,Amont'e Allen-Johnson,South Carolina Upstate,-1.41789845782816,-1.76418332075556,-3.18208177858372,0,0,0,0,0,0,0,0,NA,NA,FR,123113753,False
2026-27,5115,Lenard Taylor Jr.,Florida A&M,-2.47479834315494,-0.711399142456786,-3.18619748561173,0,0,0,0,0,0,0,0,NA,NA,SR,2342668,False
2026-27,5116,Joah Shay,Auburn,-1.59319625723986,-1.59319625723986,-3.18639251447972,0,0,0,0,0,0,0,0,NA,NA,JR,2321440,False
2026-27,5117,Drake Cardwell,Auburn,-1.59319625723986,-1.59319625723986,-3.18639251447972,0,0,0,0,0,0,0,0,NA,NA,JR,2321444,False
2026-27,5118,Bradley Pearson,Auburn,-1.59319625723986,-1.59319625723986,-3.18639251447972,0,0,0,0,0,0,0,0,NA,NA,JR,2547349,False
2026-27,5119,Harry Bates,Denver,-1.63660252327013,-1.55095356787044,-3.18755609114056,0,0,0,0,0,0,0,0,NA,NA,FR,114839555,False
2026-27,5120,Charlie Dimmock,Denver,-1.63660252327013,-1.55095356787044,-3.18755609114056,0,0,0,0,0,0,0,0,NA,NA,FR,145942031,False
2026-27,5121,Will Kirsch,Denver,-1.63660252327013,-1.55095356787044,-3.18755609114056,0,0,0,0,0,0,0,0,NA,NA,FR,162906973,False
2026-27,5122,Oskar Wickström Stümer,Denver,-1.63660252327013,-1.55095356787044,-3.18755609114056,0,0,0,0,0,0,0,0,NA,NA,FR,252680836,False
2026-27,5123,Jordan Wright,Eastern Michigan,-1.35688356877583,-1.83148067446687,-3.1883642432427,0,0,0,0,0,0,0,0,NA,NA,FR,152471735,False
2026-27,5124,Jack Riley,Western Illinois,-2.58460579680986,-0.607649018328817,-3.19225481513867,0,0,0,0,0,0,0,0,NA,NA,SR,2128696,False
2026-27,5125,Elijah Griffin,Cornell,-1.92197119185942,-1.27028399421241,-3.19225518607183,0,0,0,0,0,0,0,0,NA,NA,SO,2543628,False
2026-27,5126,Blake Lecklitner,Cornell,-1.92197119185942,-1.27028399421241,-3.19225518607183,0,0,0,0,0,0,0,0,NA,NA,SO,2543625,False
2026-27,5127,Sage Mateo,Cornell,-1.92197119185942,-1.27028399421241,-3.19225518607183,0,0,0,0,0,0,0,0,NA,NA,FR,128057182,False
2026-27,5128,JJ Sanchez,Cornell,-1.92197119185942,-1.27028399421241,-3.19225518607183,0,0,0,0,0,0,0,0,NA,NA,FR,135925527,False
2026-27,5129,Quinn Gibson,Cornell,-1.92197119185942,-1.27028399421241,-3.19225518607183,0,0,0,0,0,0,0,0,NA,NA,FR,64875366,False
2026-27,5130,Carson Davis,Cornell,-1.92197119185942,-1.27028399421241,-3.19225518607183,0,0,0,0,0,0,0,0,NA,NA,FR,154041569,False
2026-27,5131,Mikehi Williams,Cornell,-1.92197119185942,-1.27028399421241,-3.19225518607183,0,0,0,0,0,0,0,0,NA,NA,FR,191872212,False
2026-27,5132,Andrew Austin,Eastern Illinois,-2.34850283565762,-0.849207181838949,-3.19771001749657,0,0,0,0,0,0,0,0,NA,NA,JR,2493086,False
2026-27,5133,Kejuan Payne II,South Carolina Upstate,-1.43556965628501,-1.76418332075556,-3.19975297704057,0,0,0,0,0,0,0,0,NA,NA,FR,54291762,False
2026-27,5134,Amir Arrington,George Washington,-1.60038184453237,-1.60038184453237,-3.20076368906473,0,0,0,0,0,0,0,0,NA,NA,SR,2099645,False
2026-27,5135,Joshua Eli,Western Michigan,-1.26256981021642,-1.94851072004528,-3.2110805302617,0,0,0,0,0,0,0,0,NA,NA,FR,232834723,False
2026-27,5136,DeAaron Watkins,Western Michigan,-1.26370842050798,-1.94851072004528,-3.21221914055326,0,0,0,0,0,0,0,0,NA,NA,FR,231844703,False
2026-27,5137,DaCory Porter,Eastern Michigan,-1.38092596636891,-1.83148067446687,-3.21240664083578,0,0,0,0,0,0,0,0,NA,NA,FR,264249172,False
2026-27,5138,Nelson Lamizana,Coppin State,-2.53164503118972,-0.681555234279167,-3.21320026546889,0,0,0,0,0,0,0,0,NA,NA,SO,2472169,False
2026-27,5139,Henry Harrison,Winthrop,-1.60680988904382,-1.60680988904382,-3.21361977808763,0,0,0,0,0,0,0,0,NA,NA,SR,2136150,False
2026-27,5140,Cam Christy,Winthrop,-1.60680988904382,-1.60680988904382,-3.21361977808763,0,0,0,0,0,0,0,0,NA,NA,SR,2136149,False
2026-27,5141,Ben Johnson,Western Michigan,-1.26620349796311,-1.94851072004528,-3.21471421800839,0,0,0,0,0,0,0,0,NA,NA,FR,75448879,False
2026-27,5142,Kaden Johnson,Eastern Michigan,-1.38595119044302,-1.83148067446687,-3.21743186490989,0,0,0,0,0,0,0,0,NA,NA,FR,133661775,False
2026-27,5143,Jaiden Martin,Eastern Michigan,-1.38888917799394,-1.83148067446687,-3.22036985246081,0,0,0,0,0,0,0,0,NA,NA,FR,30912870,False
2026-27,5144,Cy Merrett,Southern Mississippi,-2.20019180005678,-1.02079337006052,-3.2209851701173,0,0,0,0,0,0,0,0,NA,NA,FR,240120173,False
2026-27,5145,Tyler Medaris,Utah Valley,-1.61214589491353,-1.61214589491353,-3.22429178982705,0,0,0,0,0,0,0,0,NA,NA,SO,2340390,False
2026-27,5146,Aviv Aronov,Eastern Michigan,-1.39639234428278,-1.83148067446687,-3.22787301874965,0,0,0,0,0,0,0,0,NA,NA,FR,214040965,False
2026-27,5147,Hamoudy Mashhour,Oakland,-1.61515367233199,-1.61515367233199,-3.23030734466398,0,0,0,0,0,0,0,0,NA,NA,SO,2474146,False
2026-27,5148,Janis Jünemann,Western Michigan,-1.28767911584794,-1.94851072004528,-3.23618983589321,0,0,0,0,0,0,0,0,NA,NA,FR,206812744,False
2026-27,5149,Colin Hawkins,Pittsburgh,-1.96190729877876,-1.2746851431929,-3.23659244197166,0,0,0,0,0,0,0,0,NA,NA,JR,2302897,False
2026-27,5150,Trenton Ruth,Stonehill,-2.18151406505527,-1.0566730635156,-3.23818712857087,0,0,0,0,0,0,0,0,NA,NA,JR,2539312,False
2026-27,5151,Garrison White,Middle Tennessee,-1.62784757136612,-1.62784757136612,-3.25569514273225,0,0,0,0,0,0,0,0,NA,NA,FR,66089592,False
2026-27,5152,Miles Rose,Albany,-2.12489523112691,-1.13243513790668,-3.25733036903359,0,0,0,0,0,0,0,0,NA,NA,JR,2119958,False
2026-27,5153,Brandon Arnold,Marist,-1.82799247662709,-1.43037121953407,-3.25836369616115,0,0,0,0,0,0,0,0,NA,NA,FR,177601338,False
2026-27,5154,Logan Franz,Marist,-1.82799247662709,-1.43037121953407,-3.25836369616115,0,0,0,0,0,0,0,0,NA,NA,FR,158273210,False
2026-27,5155,Josh Williams,Marist,-1.82799247662709,-1.43037121953407,-3.25836369616115,0,0,0,0,0,0,0,0,NA,NA,FR,234902948,False
2026-27,5156,Cameron Sweeney,Marist,-1.82799247662709,-1.43037121953407,-3.25836369616115,0,0,0,0,0,0,0,0,NA,NA,FR,199887504,False
2026-27,5157,Logan Rodriguez,Marist,-1.82799247662709,-1.43037121953407,-3.25836369616115,0,0,0,0,0,0,0,0,NA,NA,FR,266303165,False
2026-27,5158,Drew Diaz,Marist,-1.82799247662709,-1.43037121953407,-3.25836369616115,0,0,0,0,0,0,0,0,NA,NA,FR,153296968,False
2026-27,5159,Grayson Collins,Wofford,-1.63276798833336,-1.63276798833336,-3.26553597666672,0,0,0,0,0,0,0,0,NA,NA,JR,2505028,False
2026-27,5160,Davis Miller,Wofford,-1.63276798833336,-1.63276798833336,-3.26553597666672,0,0,0,0,0,0,0,0,NA,NA,SR,2505029,False
2026-27,5161,Jacob Meachem,Bucknell,-2.17930012870091,-1.08969711043433,-3.26899723913524,0,0,0,0,0,0,0,0,NA,NA,SO,2531875,False
2026-27,5162,Jonathan Noudjihidi,Saint Peter's,-1.62896071033451,-1.64186083194891,-3.27082154228342,0,0,0,0,0,0,0,0,NA,NA,SR,2478325,False
2026-27,5163,Clemens Sokolov,Indiana,-2.06131904102132,-1.21375290982018,-3.2750719508415,0,0,0,0,0,0,0,0,NA,NA,FR,108903388,False
2026-27,5164,Jermaine Coleman,Youngstown State,-1.25825087050724,-2.02161847743117,-3.27986934793841,0,0,0,0,0,0,0,0,NA,NA,JR,2143901,False
2026-27,5165,Isaiah Buckley,North Carolina Central,-1.44966383069026,-1.84913124983318,-3.29879508052344,0,0,0,0,0,0,0,0,NA,NA,JR,4996380,False
2026-27,5166,Hunter Vaughn,Western Illinois,-2.58460579680986,-0.715631649926366,-3.30023744673622,0,0,0,0,0,0,0,0,NA,NA,FR,143742726,False
2026-27,5167,Jonah Drezner,Brown,-1.65582631615702,-1.64612378126334,-3.30195009742036,0,0,0,0,0,0,0,0,NA,NA,SO,2478757,False
2026-27,5168,Ray Cuevas,Brown,-1.65582631615702,-1.64612378126334,-3.30195009742036,0,0,0,0,0,0,0,0,NA,NA,FR,95928198,False
2026-27,5169,Emmanuel Jamgbadi,Brown,-1.65582631615702,-1.64612378126334,-3.30195009742036,0,0,0,0,0,0,0,0,NA,NA,FR,12791619,False
2026-27,5170,Kenneth Francis Jr.,Brown,-1.65582631615702,-1.64612378126334,-3.30195009742036,0,0,0,0,0,0,0,0,NA,NA,FR,830842,False
2026-27,5171,Timmy Bollin,Brown,-1.65582631615702,-1.64612378126334,-3.30195009742036,0,0,0,0,0,0,0,0,NA,NA,FR,140771800,False
2026-27,5172,Rykan Woo,Brown,-1.65582631615702,-1.64612378126334,-3.30195009742036,0,0,0,0,0,0,0,0,NA,NA,FR,90498725,False
2026-27,5173,Logan Jones,Brown,-1.65582631615702,-1.64612378126334,-3.30195009742036,0,0,0,0,0,0,0,0,NA,NA,FR,146858340,False
2026-27,5174,Alessandro Perotti,South Carolina Upstate,-1.53923575607803,-1.76418332075556,-3.30341907683359,0,0,0,0,0,0,0,0,NA,NA,SO,2475433,False
2026-27,5175,Shay Stephens,Western Illinois,-2.58460579680986,-0.72927693689444,-3.3138827337043,0,0,0,0,0,0,0,0,NA,NA,FR,68756415,False
2026-27,5176,Abdoulaye Konate,Western Illinois,-2.58460579680986,-0.737806427423146,-3.322412224233,0,0,0,0,0,0,0,0,NA,NA,FR,104996356,False
2026-27,5177,Ryan Skerry,Towson,-1.66135489826624,-1.66135489826624,-3.32270979653248,0,0,0,0,0,0,0,0,NA,NA,SR,2311314,False
2026-27,5178,Jordan Cain,Western Illinois,-2.58460579680986,-0.738997373601988,-3.32360317041185,0,0,0,0,0,0,0,0,NA,NA,FR,129471680,False
2026-27,5179,Luke Soden,Bucknell,-1.82538486453627,-1.50689734470869,-3.33228220924496,0,0,0,0,0,0,0,0,NA,NA,SO,124259792,False
2026-27,5180,Dylan Lakatos,Kent State,-1.67063309618418,-1.67063309618418,-3.34126619236836,0,0,0,0,0,0,0,0,NA,NA,SO,2569413,False
2026-27,5181,Ademar Santos,Delaware State,-2.59550124306134,-0.766706243338753,-3.36220748640009,0,0,0,0,0,0,0,0,NA,NA,SO,2561035,False
2026-27,5182,Jacob Majok,UC Riverside,-3.05017673362164,-0.314725086781616,-3.36490182040325,0,0,0,0,0,0,0,0,NA,NA,FR,143015248,False
2026-27,5183,Cash Chism,Vermont,-1.90783618410743,-1.45987057411298,-3.36770675822041,0,0,0,0,0,0,0,0,NA,NA,FR,42907488,False
2026-27,5184,Zach Romich,Vermont,-1.90783618410743,-1.45987057411298,-3.36770675822041,0,0,0,0,0,0,0,0,NA,NA,FR,78746960,False
2026-27,5185,Mario Brunetto,Vermont,-1.90783618410743,-1.45987057411298,-3.36770675822041,0,0,0,0,0,0,0,0,NA,NA,FR,30821918,False
2026-27,5186,Elijah Flowers,Holy Cross,-1.3843091258923,-1.98877551313272,-3.37308463902502,0,0,0,0,0,0,0,0,NA,NA,SO,2567801,False
2026-27,5187,Laymen McGrady,Wagner,-2.15279080609494,-1.22519649727816,-3.37798730337311,0,0,0,0,0,0,0,0,NA,NA,SO,2561374,False
2026-27,5188,Youssouf Singarè,Wagner,-2.15279080609494,-1.22519649727816,-3.37798730337311,0,0,0,0,0,0,0,0,NA,NA,FR,59703027,False
2026-27,5189,Kareem Watson,Wagner,-2.15279080609494,-1.22519649727816,-3.37798730337311,0,0,0,0,0,0,0,0,NA,NA,FR,120026033,False
2026-27,5190,Jaren Curtis,Wagner,-2.15279080609494,-1.22519649727816,-3.37798730337311,0,0,0,0,0,0,0,0,NA,NA,FR,224754734,False
2026-27,5191,Daye Kaba,Wagner,-2.15279080609494,-1.22519649727816,-3.37798730337311,0,0,0,0,0,0,0,0,NA,NA,FR,129371018,False
2026-27,5192,Freddy Hassan,Wagner,-2.15279080609494,-1.22519649727816,-3.37798730337311,0,0,0,0,0,0,0,0,NA,NA,FR,187146601,False
2026-27,5193,AJ Rodriguez,Wagner,-2.15279080609494,-1.22519649727816,-3.37798730337311,0,0,0,0,0,0,0,0,NA,NA,FR,167900620,False
2026-27,5194,Gavin Edwards,Wagner,-2.15279080609494,-1.22519649727816,-3.37798730337311,0,0,0,0,0,0,0,0,NA,NA,FR,1320764,False
2026-27,5195,Brayden Harris,UC Riverside,-3.05017673362164,-0.331970309259308,-3.38214704288094,0,0,0,0,0,0,0,0,NA,NA,FR,252445366,False
2026-27,5196,Hikaru Awata,Troy,-1.69212298131389,-1.69212298131389,-3.38424596262779,0,0,0,0,0,0,0,0,NA,NA,SO,2480433,False
2026-27,5197,Davis Kemper,Saint Joseph's,-2.3683620997635,-1.01597155708579,-3.38433365684929,0,0,0,0,0,0,0,0,NA,NA,FR,81364483,False
2026-27,5198,Kosi Mgbejiofor,Holy Cross,-1.3974355738,-1.98877551313272,-3.38621108693271,0,0,0,0,0,0,0,0,NA,NA,FR,160059378,False
2026-27,5199,Ayden Kelley,Arkansas,-1.69383000097729,-1.69383000097729,-3.38766000195459,0,0,0,0,0,0,0,0,NA,NA,JR,2302261,False
2026-27,5200,Nathan Nguyen,Sam Houston State,-1.10353741528817,-2.28444516461911,-3.38798257990728,0,0,0,0,0,0,0,0,NA,NA,SO,2550304,False
2026-27,5201,Mahliq Guiseppi–Kitson,Sam Houston State,-1.10353741528817,-2.28444516461911,-3.38798257990728,0,0,0,0,0,0,0,0,NA,NA,FR,47031674,False
2026-27,5202,Rylan Kelly,Sam Houston State,-1.10353741528817,-2.28444516461911,-3.38798257990728,0,0,0,0,0,0,0,0,NA,NA,FR,30690364,False
2026-27,5203,Keller Partain,Sam Houston State,-1.10353741528817,-2.28444516461911,-3.38798257990728,0,0,0,0,0,0,0,0,NA,NA,FR,222294380,False
2026-27,5204,Yoda Oke,Sam Houston State,-1.10353741528817,-2.28444516461911,-3.38798257990728,0,0,0,0,0,0,0,0,NA,NA,FR,213409706,False
2026-27,5205,Alec Loustau,Sam Houston State,-1.10353741528817,-2.28444516461911,-3.38798257990728,0,0,0,0,0,0,0,0,NA,NA,FR,12411584,False
2026-27,5206,Tyler Crider,Queens,-1.69464529892781,-1.69464529892781,-3.38929059785562,0,0,0,0,0,0,0,0,NA,NA,SO,2549972,False
2026-27,5207,Seamus Wilson,Queens,-1.69464529892781,-1.69464529892781,-3.38929059785562,0,0,0,0,0,0,0,0,NA,NA,SO,2549990,False
2026-27,5208,Matthew Walter,Queens,-1.69464529892781,-1.69464529892781,-3.38929059785562,0,0,0,0,0,0,0,0,NA,NA,SO,2550009,False
2026-27,5209,Saif-Allah Zatari,Queens,-1.69464529892781,-1.69464529892781,-3.38929059785562,0,0,0,0,0,0,0,0,NA,NA,SO,2549983,False
2026-27,5210,Jack Walter,Queens,-1.69464529892781,-1.69464529892781,-3.38929059785562,0,0,0,0,0,0,0,0,NA,NA,FR,127242119,False
2026-27,5211,Cal Conroy,Tulsa,-1.69615321834942,-1.69615321834942,-3.39230643669884,0,0,0,0,0,0,0,0,NA,NA,JR,2349986,False
2026-27,5212,Tarique Foster,Mississippi Valley State,-2.26991527763489,-1.14587258350562,-3.41578786114051,0,0,0,0,0,0,0,0,NA,NA,FR,75998529,False
2026-27,5213,Anson Beard Jr.,Wake Forest,-1.70806304360323,-1.70806304360323,-3.41612608720646,0,0,0,0,0,0,0,0,NA,NA,SO,2505039,False
2026-27,5214,Tymias Williams,Mississippi Valley State,-2.28804399528954,-1.14084186948947,-3.42888586477901,0,0,0,0,0,0,0,0,NA,NA,FR,21531929,False
2026-27,5215,Pierre Couisnard,Wichita State,-1.71500850036771,-1.71500850036771,-3.43001700073541,0,0,0,0,0,0,0,0,NA,NA,SO,2483432,False
2026-27,5216,Liam Rigney,Holy Cross,-1.44282919785555,-1.98877551313272,-3.43160471098827,0,0,0,0,0,0,0,0,NA,NA,FR,8010787,False
2026-27,5217,Tory James Jr.,Mississippi Valley State,-2.30004536050258,-1.13168983134488,-3.43173519184746,0,0,0,0,0,0,0,0,NA,NA,FR,162409504,False
2026-27,5218,Harvey Wilson Jr.,Mississippi Valley State,-2.29935876116526,-1.13653133823195,-3.43589009939721,0,0,0,0,0,0,0,0,NA,NA,FR,167196886,False
2026-27,5219,Tristen Wilson,Holy Cross,-1.45051157820958,-1.98877551313272,-3.4392870913423,0,0,0,0,0,0,0,0,NA,NA,FR,94297604,False
2026-27,5220,Oscar Hourruitiner,Iona,-1.72157690811184,-1.72157690811184,-3.44315381622368,0,0,0,0,0,0,0,0,NA,NA,SO,2474867,False
2026-27,5221,Daniel Doyle,Iona,-1.72157690811184,-1.72157690811184,-3.44315381622368,0,0,0,0,0,0,0,0,NA,NA,FR,179257599,False
2026-27,5222,Gabriel Martinez,Mississippi Valley State,-2.29956766396401,-1.14498288268471,-3.44455054664872,0,0,0,0,0,0,0,0,NA,NA,FR,206483910,False
2026-27,5223,Tianhao (Howie) Wu,Mississippi Valley State,-2.30206946020753,-1.14893990762016,-3.45100936782769,0,0,0,0,0,0,0,0,NA,NA,FR,74609907,False
2026-27,5224,Eli Pippins,Mississippi Valley State,-2.31336862634389,-1.13813166979557,-3.45150029613946,0,0,0,0,0,0,0,0,NA,NA,FR,143023850,False
2026-27,5225,Bradyn Foster,Holy Cross,-1.46297971913442,-1.98877551313272,-3.45175523226713,0,0,0,0,0,0,0,0,NA,NA,FR,179551804,False
2026-27,5226,Logan Myers,Louisiana-Lafayette,-1.72677013037538,-1.72677013037538,-3.45354026075076,0,0,0,0,0,0,0,0,NA,NA,SO,2484767,False
2026-27,5227,Caleb Cameron,Mississippi Valley State,-2.31097354675369,-1.14285348304272,-3.45382702979641,0,0,0,0,0,0,0,0,NA,NA,FR,45852477,False
2026-27,5228,Avian Abrams,Mississippi Valley State,-2.32190479503499,-1.13514361846786,-3.45704841350284,0,0,0,0,0,0,0,0,NA,NA,FR,186813555,False
2026-27,5229,Mykayle McCoy,Mississippi Valley State,-2.32435386379196,-1.13692670830794,-3.4612805720999,0,0,0,0,0,0,0,0,NA,NA,FR,6201781,False
2026-27,5230,Michael Wolf,Xavier,-1.73274926923977,-1.73274926923977,-3.46549853847954,0,0,0,0,0,0,0,0,NA,NA,SR,1945241,False
2026-27,5231,Henry Thole,Xavier,-1.73274926923977,-1.73274926923977,-3.46549853847954,0,0,0,0,0,0,0,0,NA,NA,JR,2301116,False
2026-27,5232,Qingfang Pang,Mississippi Valley State,-2.32605421100925,-1.14277280812318,-3.46882701913243,0,0,0,0,0,0,0,0,NA,NA,FR,251793376,False
2026-27,5233,Matt Anglo,Mississippi Valley State,-2.32242194302284,-1.14652329782472,-3.46894524084757,0,0,0,0,0,0,0,0,NA,NA,FR,244471611,False
2026-27,5234,Baasil Saunders,Coppin State,-2.33014784307633,-1.14880219373747,-3.4789500368138,0,0,0,0,0,0,0,0,NA,NA,SR,2472171,False
2026-27,5235,Michael DeOrsey,Bryant,-1.75505772351217,-1.75505772351217,-3.51011544702434,0,0,0,0,0,0,0,0,NA,NA,SO,2481584,False
2026-27,5236,Frankie Vassalluzzo,Bryant,-1.75505772351217,-1.75505772351217,-3.51011544702434,0,0,0,0,0,0,0,0,NA,NA,JR,2311196,False
2026-27,5237,Jason Sepe,Bryant,-1.75505772351217,-1.75505772351217,-3.51011544702434,0,0,0,0,0,0,0,0,NA,NA,JR,2311201,False
2026-27,5238,Reed Woerner,Bryant,-1.75505772351217,-1.75505772351217,-3.51011544702434,0,0,0,0,0,0,0,0,NA,NA,SO,2481551,False
2026-27,5239,Deshaun Vaden,Cincinnati,-2.30584590934824,-1.21684063784972,-3.52268654719795,0,0,0,0,0,0,0,0,NA,NA,FR,86729217,False
2026-27,5240,Noah Lobdell,Syracuse,-1.77258490743016,-1.77258490743016,-3.54516981486032,0,0,0,0,0,0,0,0,NA,NA,JR,2324481,False
2026-27,5241,Calvin Russell III,Syracuse,-1.77258490743016,-1.77258490743016,-3.54516981486032,0,0,0,0,0,0,0,0,NA,NA,SO,2688223,False
2026-27,5242,Ethan Butler,Syracuse,-1.77258490743016,-1.77258490743016,-3.54516981486032,0,0,0,0,0,0,0,0,NA,NA,FR,41905841,False
2026-27,5243,Jalen Dollar,California Baptist,-1.77485565413186,-1.77485565413186,-3.54971130826373,0,0,0,0,0,0,0,0,NA,NA,JR,2282116,False
2026-27,5244,Colt Ness,Portland State,-1.77689520466186,-1.77689520466186,-3.55379040932371,0,0,0,0,0,0,0,0,NA,NA,SO,2505279,False
2026-27,5245,Jack Leahy,Monmouth,-1.77810355938739,-1.77810355938739,-3.55620711877477,0,0,0,0,0,0,0,0,NA,NA,SR,2143425,False
2026-27,5246,Isaiah Neyhart,Abilene Christian,-1.77937528036214,-1.77937528036214,-3.55875056072428,0,0,0,0,0,0,0,0,NA,NA,SO,2505135,False
2026-27,5247,Solomon Richard,Fort Wayne,-1.7834227313855,-1.7834227313855,-3.56684546277099,0,0,0,0,0,0,0,0,NA,NA,SO,2540071,False
2026-27,5248,Isaiah Williams,Wright State,-1.79223975993048,-1.79223975993048,-3.58447951986097,0,0,0,0,0,0,0,0,NA,NA,SO,2542527,False
2026-27,5249,Drew Perry,Baylor,-1.79409228725074,-1.79409228725074,-3.58818457450149,0,0,0,0,0,0,0,0,NA,NA,SO,2481334,False
2026-27,5250,Ethan Kitch,Stanford,-1.79427474827669,-1.79427474827669,-3.58854949655338,0,0,0,0,0,0,0,0,NA,NA,JR,2308712,False
2026-27,5251,Addison Arnold,Arizona,-1.79730416734467,-1.79730416734467,-3.59460833468934,0,0,0,0,0,0,0,0,NA,NA,JR,1689306,False
2026-27,5252,Anthony Smith,Morgan State,-1.3519340416862,-2.25040388438126,-3.60233792606746,0,0,0,0,0,0,0,0,NA,NA,FR,11579027,False
2026-27,5253,Chandler Watts,Southern Mississippi,-2.40019180005678,-1.22079337006052,-3.6209851701173,0,0,0,0,0,0,0,0,NA,NA,JR,2496769,False
2026-27,5254,Max Blank,Southern Mississippi,-2.40019180005678,-1.22079337006052,-3.6209851701173,0,0,0,0,0,0,0,0,NA,NA,FR,52423419,False
2026-27,5255,Dorion Bowen,Southern Mississippi,-2.40019180005678,-1.22079337006052,-3.6209851701173,0,0,0,0,0,0,0,0,NA,NA,FR,229036112,False
2026-27,5256,Brandon Weston,Southern Mississippi,-2.40019180005678,-1.22079337006052,-3.6209851701173,0,0,0,0,0,0,0,0,NA,NA,FR,155589589,False
2026-27,5257,Mike Montano-Best,Southern Mississippi,-2.40019180005678,-1.22079337006052,-3.6209851701173,0,0,0,0,0,0,0,0,NA,NA,FR,221676433,False
2026-27,5258,DeAndre Harvey,Southern Mississippi,-2.40019180005678,-1.22079337006052,-3.6209851701173,0,0,0,0,0,0,0,0,NA,NA,FR,220298264,False
2026-27,5259,Muazibini Adamu,Delaware State,-2.84530038924459,-0.779060354787497,-3.62436074403209,0,0,0,0,0,0,0,0,NA,NA,SR,2561029,False
2026-27,5260,Aidan Crotty,Fordham,-1.82031900247156,-1.82031900247156,-3.64063800494313,0,0,0,0,0,0,0,0,NA,NA,JR,2321300,False
2026-27,5261,Oliver Spence,Morgan State,-1.39661399048683,-2.25040388438126,-3.64701787486809,0,0,0,0,0,0,0,0,NA,NA,FR,101338576,False
2026-27,5262,Phillip Kavu,Davidson,-1.82369987285022,-1.82369987285022,-3.64739974570044,0,0,0,0,0,0,0,0,NA,NA,JR,2306470,False
2026-27,5263,John Nowland,Davidson,-1.82369987285022,-1.82369987285022,-3.64739974570044,0,0,0,0,0,0,0,0,NA,NA,SR,2505306,False
2026-27,5264,Jeremiah Kwarteng,Morgan State,-1.39791057436581,-2.25040388438126,-3.64831445874708,0,0,0,0,0,0,0,0,NA,NA,FR,201094738,False
2026-27,5265,Darian Grant,Morgan State,-1.40108597319407,-2.25040388438126,-3.65148985757533,0,0,0,0,0,0,0,0,NA,NA,FR,14824070,False
2026-27,5266,Gunnar Lewis,Furman,-1.82673223663348,-1.82673223663348,-3.65346447326695,0,0,0,0,0,0,0,0,NA,NA,SO,2495560,False
2026-27,5267,Colin Chou,Pepperdine,-1.82835197497278,-1.82835197497278,-3.65670394994555,0,0,0,0,0,0,0,0,NA,NA,FR,214504944,False
2026-27,5268,Titian DeRosa,Western Carolina,-1.83474224769098,-1.83474224769098,-3.66948449538196,0,0,0,0,0,0,0,0,NA,NA,SO,2473069,False
2026-27,5269,Drew Hollifield,Western Carolina,-1.83474224769098,-1.83474224769098,-3.66948449538196,0,0,0,0,0,0,0,0,NA,NA,JR,2378791,False
2026-27,5270,Khalil Horton,Morgan State,-1.42178876328891,-2.25040388438126,-3.67219264767017,0,0,0,0,0,0,0,0,NA,NA,FR,26696578,False
2026-27,5271,Nehemiah Reedus,Delaware State,-1.95378468601059,-1.72211767769521,-3.6759023637058,0,0,0,0,0,0,0,0,NA,NA,FR,44241689,False
2026-27,5272,Jaymien Aponte,Rhode Island,-1.84117928503434,-1.84117928503434,-3.68235857006868,0,0,0,0,0,0,0,0,NA,NA,JR,2322231,False
2026-27,5273,Malloy Smith,North Carolina,-2.32502762746215,-1.3651258498062,-3.69015347726834,0,0,0,0,0,0,0,0,NA,NA,FR,55733213,False
2026-27,5274,Gideon Ekukwai,Delaware State,-1.96980382545887,-1.72211767769521,-3.69192150315408,0,0,0,0,0,0,0,0,NA,NA,FR,42522914,False
2026-27,5275,Alius Bowser,North Carolina Central,-1.64966383069026,-2.04913124983318,-3.69879508052344,0,0,0,0,0,0,0,0,NA,NA,FR,261810506,False
2026-27,5276,Cristian Sanon,North Carolina Central,-1.64966383069026,-2.04913124983318,-3.69879508052344,0,0,0,0,0,0,0,0,NA,NA,FR,213697280,False
2026-27,5277,Viktor Alao,North Carolina Central,-1.64966383069026,-2.04913124983318,-3.69879508052344,0,0,0,0,0,0,0,0,NA,NA,FR,91409689,False
2026-27,5278,Chandler Thomas,North Carolina Central,-1.64966383069026,-2.04913124983318,-3.69879508052344,0,0,0,0,0,0,0,0,NA,NA,FR,240227007,False
2026-27,5279,Jozohn Price,North Carolina Central,-1.64966383069026,-2.04913124983318,-3.69879508052344,0,0,0,0,0,0,0,0,NA,NA,FR,50249606,False
2026-27,5280,Darius Kane,North Carolina Central,-1.64966383069026,-2.04913124983318,-3.69879508052344,0,0,0,0,0,0,0,0,NA,NA,FR,61162774,False
2026-27,5281,Daniel Mbaeteka,North Carolina Central,-1.64966383069026,-2.04913124983318,-3.69879508052344,0,0,0,0,0,0,0,0,NA,NA,FR,265780356,False
2026-27,5282,Tyler Mason,North Carolina Central,-1.64966383069026,-2.04913124983318,-3.69879508052344,0,0,0,0,0,0,0,0,NA,NA,FR,95170256,False
2026-27,5283,Duor Duor,North Carolina Central,-1.64966383069026,-2.04913124983318,-3.69879508052344,0,0,0,0,0,0,0,0,NA,NA,FR,116338862,False
2026-27,5284,Roman Loux,Jacksonville,-1.8497528359918,-1.8497528359918,-3.69950567198361,0,0,0,0,0,0,0,0,NA,NA,SO,2474840,False
2026-27,5285,Joshua Obiora,Delaware State,-1.97753285899375,-1.72211767769521,-3.69965053668896,0,0,0,0,0,0,0,0,NA,NA,FR,179725445,False
2026-27,5286,Nicholas Baysah Jr.,Delaware State,-1.97956402248538,-1.72211767769521,-3.70168170018059,0,0,0,0,0,0,0,0,NA,NA,FR,268257675,False
2026-27,5287,Farouk Muntari,Delaware State,-1.98132503290733,-1.72211767769521,-3.70344271060254,0,0,0,0,0,0,0,0,NA,NA,FR,54525289,False
2026-27,5288,Nasir Muhammad,Delaware State,-1.98499984484361,-1.72211767769521,-3.70711752253882,0,0,0,0,0,0,0,0,NA,NA,FR,260871918,False
2026-27,5289,Cody Cross,Georgia Tech,-1.85513045255324,-1.85513045255324,-3.71026090510648,0,0,0,0,0,0,0,0,NA,NA,FR,33648542,False
2026-27,5290,Grayson Gaddis,Utah,-1.85905555778087,-1.85905555778087,-3.71811111556175,0,0,0,0,0,0,0,0,NA,NA,FR,25757884,False
2026-27,5291,CJ Parker,Old Dominion,-1.86102587005393,-1.86102587005393,-3.72205174010786,0,0,0,0,0,0,0,0,NA,NA,JR,2333162,False
2026-27,5292,Ben Nacey,Old Dominion,-1.86102587005393,-1.86102587005393,-3.72205174010786,0,0,0,0,0,0,0,0,NA,NA,JR,2333168,False
2026-27,5293,Max Davis,Drexel,-1.86408538564865,-1.86408538564865,-3.72817077129731,0,0,0,0,0,0,0,0,NA,NA,SR,1910939,False
2026-27,5294,Sean Morgan,Stetson,-2.06007988680199,-1.67164605356019,-3.73172594036218,0,0,0,0,0,0,0,0,NA,NA,SO,2536206,False
2026-27,5295,Ludvik Bergseng,Bucknell,-2.02538486453627,-1.70689734470869,-3.73228220924496,0,0,0,0,0,0,0,0,NA,NA,FR,159977688,False
2026-27,5296,Ethan Marten-Coney,Bucknell,-2.02538486453627,-1.70689734470869,-3.73228220924496,0,0,0,0,0,0,0,0,NA,NA,FR,130095600,False
2026-27,5297,Mert Kocagozoglu,Bucknell,-2.02538486453627,-1.70689734470869,-3.73228220924496,0,0,0,0,0,0,0,0,NA,NA,FR,231571243,False
2026-27,5298,Aidan Rousseau,Bucknell,-2.02538486453627,-1.70689734470869,-3.73228220924496,0,0,0,0,0,0,0,0,NA,NA,FR,117205339,False
2026-27,5299,Anderson Hoctor,Bucknell,-2.02538486453627,-1.70689734470869,-3.73228220924496,0,0,0,0,0,0,0,0,NA,NA,FR,221303649,False
2026-27,5300,Rocco Lamuno,Bucknell,-2.02538486453627,-1.70689734470869,-3.73228220924496,0,0,0,0,0,0,0,0,NA,NA,FR,242528205,False
2026-27,5301,Danny Kennard,Bucknell,-2.02538486453627,-1.70689734470869,-3.73228220924496,0,0,0,0,0,0,0,0,NA,NA,FR,11569679,False
2026-27,5302,Joe Youakim,Bucknell,-2.02538486453627,-1.70689734470869,-3.73228220924496,0,0,0,0,0,0,0,0,NA,NA,FR,156693089,False
2026-27,5303,Cooper Smith,Loyola Marymount,-1.86648779473335,-1.86648779473335,-3.73297558946669,0,0,0,0,0,0,0,0,NA,NA,SO,2474101,False
2026-27,5304,George Tupy,Loyola Marymount,-1.86648779473335,-1.86648779473335,-3.73297558946669,0,0,0,0,0,0,0,0,NA,NA,SR,2213765,False
2026-27,5305,Aaron Banks,Loyola Marymount,-1.86648779473335,-1.86648779473335,-3.73297558946669,0,0,0,0,0,0,0,0,NA,NA,FR,221456665,False
2026-27,5306,Omer Dahan,Cal State Northridge,-1.86834401828662,-1.86834401828662,-3.73668803657324,0,0,0,0,0,0,0,0,NA,NA,SO,2474929,False
2026-27,5307,Jorell Clark,California,-1.86883928890072,-1.86883928890072,-3.73767857780144,0,0,0,0,0,0,0,0,NA,NA,SO,2507002,False
2026-27,5308,BJ Fisher,California,-1.86883928890072,-1.86883928890072,-3.73767857780144,0,0,0,0,0,0,0,0,NA,NA,JR,2313656,False
2026-27,5309,Luke Butler,California,-1.86883928890072,-1.86883928890072,-3.73767857780144,0,0,0,0,0,0,0,0,NA,NA,SO,2506998,False
2026-27,5310,Conner Groce,College of Charleston,-1.87573120395709,-1.87573120395709,-3.75146240791419,0,0,0,0,0,0,0,0,NA,NA,JR,2266044,False
2026-27,5311,Tyler Koenig,Coppin State,-1.84526238555936,-1.91343910776315,-3.75870149332251,0,0,0,0,0,0,0,0,NA,NA,SR,2126220,False
2026-27,5312,Jalen Cunningham,UNLV,-2.07987635198735,-1.68158226233762,-3.76145861432496,0,0,0,0,0,0,0,0,NA,NA,JR,2550761,False
2026-27,5313,Lachlan Smith,Florida Atlantic,-1.89553598836772,-1.89553598836772,-3.79107197673543,0,0,0,0,0,0,0,0,NA,NA,SO,2550736,False
2026-27,5314,Zion Sampaio,Florida Atlantic,-1.89553598836772,-1.89553598836772,-3.79107197673543,0,0,0,0,0,0,0,0,NA,NA,SO,2550733,False
2026-27,5315,Kasen Krueger,High Point,-1.91071348805416,-1.91071348805416,-3.82142697610832,0,0,0,0,0,0,0,0,NA,NA,SO,2548907,False
2026-27,5316,Seamus McDermott,High Point,-1.91071348805416,-1.91071348805416,-3.82142697610832,0,0,0,0,0,0,0,0,NA,NA,SR,2112623,False
2026-27,5317,Nick Lombardi,Valparaiso,-1.91183555218017,-1.91183555218017,-3.82367110436033,0,0,0,0,0,0,0,0,NA,NA,JR,2324125,False
2026-27,5318,Camden Webster,Valparaiso,-1.91183555218017,-1.91183555218017,-3.82367110436033,0,0,0,0,0,0,0,0,NA,NA,SO,2536613,False
2026-27,5319,Evan Barlow,Florida Gulf Coast,-1.91274496116626,-1.91274496116626,-3.82548992233252,0,0,0,0,0,0,0,0,NA,NA,JR,2333222,False
2026-27,5320,Sam Groth,Lipscomb,-1.91364214096454,-1.91364214096454,-3.82728428192908,0,0,0,0,0,0,0,0,NA,NA,FR,40441030,False
2026-27,5321,Kellen Quinn,Lipscomb,-1.91364214096454,-1.91364214096454,-3.82728428192908,0,0,0,0,0,0,0,0,NA,NA,FR,190962403,False
2026-27,5322,Ethan Wright,Miami (OH),-1.91420635859607,-1.91420635859607,-3.82841271719214,0,0,0,0,0,0,0,0,NA,NA,SR,2320434,False
2026-27,5323,Danny Kelly,Miami (OH),-1.91420635859607,-1.91420635859607,-3.82841271719214,0,0,0,0,0,0,0,0,NA,NA,FR,89300049,False
2026-27,5324,Josh Engel,Massachusetts,-1.91582756073281,-1.91582756073281,-3.83165512146563,0,0,0,0,0,0,0,0,NA,NA,JR,2326234,False
2026-27,5325,Noah Budu,Pacific,-1.92143326553347,-1.92143326553347,-3.84286653106695,0,0,0,0,0,0,0,0,NA,NA,JR,2313729,False
2026-27,5326,Jalen Crawford,Florida State,-1.92470039450603,-1.92470039450603,-3.84940078901207,0,0,0,0,0,0,0,0,NA,NA,JR,2305494,False
2026-27,5327,Daniel Shao,Buffalo,-1.9303759278381,-1.9303759278381,-3.8607518556762,0,0,0,0,0,0,0,0,NA,NA,SR,2319446,False
2026-27,5328,Alex Brabec,Elon,-1.93257242722272,-1.93257242722272,-3.86514485444544,0,0,0,0,0,0,0,0,NA,NA,SO,2474912,False
2026-27,5329,Liam Vitters,Chattanooga,-1.93309569794885,-1.93309569794885,-3.8661913958977,0,0,0,0,0,0,0,0,NA,NA,JR,2313769,False
2026-27,5330,Caleb Hardaway,Chattanooga,-1.93309569794885,-1.93309569794885,-3.8661913958977,0,0,0,0,0,0,0,0,NA,NA,FR,135583320,False
2026-27,5331,Luke Devine,Notre Dame,-1.93569138555169,-1.93569138555169,-3.87138277110338,0,0,0,0,0,0,0,0,NA,NA,SO,2496668,False
2026-27,5332,Jake Burow,Notre Dame,-1.93569138555169,-1.93569138555169,-3.87138277110338,0,0,0,0,0,0,0,0,NA,NA,FR,31514102,False
2026-27,5333,Mason Ellison,Delaware,-2.2174820616793,-1.67561239047839,-3.89309445215769,0,0,0,0,0,0,0,0,NA,NA,SO,2507035,False
2026-27,5334,Alex Mack,Canisius,-1.3608169079584,-2.55730062009114,-3.91811752804954,0,0,0,0,0,0,0,0,NA,NA,FR,72700191,False
2026-27,5335,Clyde Bailey II,UNC Greensboro,-1.95934285874694,-1.95934285874694,-3.91868571749388,0,0,0,0,0,0,0,0,NA,NA,SR,2321095,False
2026-27,5336,Dorsett Mulcahy,Canisius,-1.36193325779014,-2.55730062009114,-3.91923387788127,0,0,0,0,0,0,0,0,NA,NA,FR,263520219,False
2026-27,5337,Enrique Moya,Tennessee-Martin,-1.95997700035689,-1.95997700035689,-3.91995400071377,0,0,0,0,0,0,0,0,NA,NA,SO,2505183,False
2026-27,5338,Abu Riak,Canisius,-1.36973795237387,-2.55730062009114,-3.927038572465,0,0,0,0,0,0,0,0,NA,NA,FR,204247322,False
2026-27,5339,Noah George,Northern Arizona,-2.42149381945362,-1.51042510474974,-3.93191892420336,0,0,0,0,0,0,0,0,NA,NA,FR,169468000,False
2026-27,5340,Carter Reese,Ohio,-1.96817657810036,-1.96817657810036,-3.93635315620072,0,0,0,0,0,0,0,0,NA,NA,SR,2532466,False
2026-27,5341,Christian Trudic,Ohio,-1.96817657810036,-1.96817657810036,-3.93635315620072,0,0,0,0,0,0,0,0,NA,NA,FR,160643935,False
2026-27,5342,Jerry Guerrero,Canisius,-1.38119790914953,-2.55730062009114,-3.93849852924067,0,0,0,0,0,0,0,0,NA,NA,FR,18343830,False
2026-27,5343,Will Taylor,Canisius,-1.38285295855778,-2.55730062009114,-3.94015357864892,0,0,0,0,0,0,0,0,NA,NA,FR,48440844,False
2026-27,5344,Wade Chiddick,Villanova,-1.97609334475066,-1.97609334475066,-3.95218668950132,0,0,0,0,0,0,0,0,NA,NA,SR,2302506,False
2026-27,5345,Luke Allison,Presbyterian,-1.97681868969738,-1.97681868969738,-3.95363737939476,0,0,0,0,0,0,0,0,NA,NA,JR,2349847,False
2026-27,5346,Brennan Ramirez,Boise State,-1.98496980180607,-1.98496980180607,-3.96993960361214,0,0,0,0,0,0,0,0,NA,NA,SR,2365753,False
2026-27,5347,Rayzhon Bergersen,Boise State,-1.98496980180607,-1.98496980180607,-3.96993960361214,0,0,0,0,0,0,0,0,NA,NA,SR,1898730,False
2026-27,5348,Isaac Shingange,UC Santa Barbara,-1.99185949001704,-1.99185949001704,-3.98371898003408,0,0,0,0,0,0,0,0,NA,NA,SR,2480419,False
2026-27,5349,Kyle Haughy,UC Santa Barbara,-1.99185949001704,-1.99185949001704,-3.98371898003408,0,0,0,0,0,0,0,0,NA,NA,SR,2560040,False
2026-27,5350,Bryce Bedgood,UC Santa Barbara,-1.99185949001704,-1.99185949001704,-3.98371898003408,0,0,0,0,0,0,0,0,NA,NA,JR,2305477,False
2026-27,5351,Marchelo Moreira,Portland,-2.00064241686061,-2.00064241686061,-4.00128483372121,0,0,0,0,0,0,0,0,NA,NA,SR,2344427,False
2026-27,5352,Preston Vandermyde,Utah Tech,-2.00212097801612,-2.00212097801612,-4.00424195603225,0,0,0,0,0,0,0,0,NA,NA,JR,2321189,False
2026-27,5353,Peter Carr,Boston University,-2.00335272750985,-2.00335272750985,-4.00670545501971,0,0,0,0,0,0,0,0,NA,NA,JR,2296068,False
2026-27,5354,Manok Lual,Morgan State,-2.59932795218334,-1.41592181444602,-4.01524976662936,0,0,0,0,0,0,0,0,NA,NA,SR,2358448,False
2026-27,5355,Gerald Burr III,Longwood,-2.01733155361598,-2.01733155361598,-4.03466310723196,0,0,0,0,0,0,0,0,NA,NA,SO,2538803,False
2026-27,5356,Jack Lusk,Purdue,-2.02169729952106,-2.02169729952106,-4.04339459904212,0,0,0,0,0,0,0,0,NA,NA,SR,1936195,False
2026-27,5357,Rohan Amin,Rice,-2.0326055166424,-2.0326055166424,-4.0652110332848,0,0,0,0,0,0,0,0,NA,NA,FR,32162956,False
2026-27,5358,Travis Ambrose,Central Michigan,-2.03473350246084,-2.03473350246084,-4.06946700492167,0,0,0,0,0,0,0,0,NA,NA,FR,262173556,False
2026-27,5359,Joe Ganton,Fairfield,-2.03490467895627,-2.03490467895627,-4.06980935791254,0,0,0,0,0,0,0,0,NA,NA,SR,2092586,False
2026-27,5360,Jameson Borodawka,Manhattan,-2.04296811972157,-2.04296811972157,-4.08593623944314,0,0,0,0,0,0,0,0,NA,NA,SO,2547176,False
2026-27,5361,Nick Lukmann,Manhattan,-2.04296811972157,-2.04296811972157,-4.08593623944314,0,0,0,0,0,0,0,0,NA,NA,SO,2547182,False
2026-27,5362,Jackson Delaney,Manhattan,-2.04296811972157,-2.04296811972157,-4.08593623944314,0,0,0,0,0,0,0,0,NA,NA,SR,2144281,False
2026-27,5363,Jaeden Robley,Manhattan,-2.04296811972157,-2.04296811972157,-4.08593623944314,0,0,0,0,0,0,0,0,NA,NA,SO,2547174,False
2026-27,5364,Alex Samodurov,North Carolina,-2.52502762746215,-1.5651258498062,-4.09015347726834,0,0,0,0,0,0,0,0,NA,NA,FR,194471915,False
2026-27,5365,Luis Ramirez,Texas-Rio Grande Valley,-2.04544864121937,-2.04544864121937,-4.09089728243873,0,0,0,0,0,0,0,0,NA,NA,SR,2560942,False
2026-27,5366,JT Kelsheimer,Coastal Carolina,-2.04716508754336,-2.04716508754336,-4.09433017508672,0,0,0,0,0,0,0,0,NA,NA,FR,241761412,False
2026-27,5367,Bryson Sams,Coastal Carolina,-2.04716508754336,-2.04716508754336,-4.09433017508672,0,0,0,0,0,0,0,0,NA,NA,FR,153254536,False
2026-27,5368,Kirby Mooney,Richmond,-2.0473230759875,-2.0473230759875,-4.09464615197501,0,0,0,0,0,0,0,0,NA,NA,SO,2322686,False
2026-27,5369,Nate Deer,Canisius,-1.54152772482532,-2.55730062009114,-4.09882834491645,0,0,0,0,0,0,0,0,NA,NA,SR,2286449,False
2026-27,5370,Simeon Murchison,Milwaukee,-2.053989068913,-2.053989068913,-4.107978137826,0,0,0,0,0,0,0,0,NA,NA,SR,2118911,False
2026-27,5371,Ty Blake,Illinois State,-2.06396815277369,-2.06396815277369,-4.12793630554738,0,0,0,0,0,0,0,0,NA,NA,SR,2097922,False
2026-27,5372,Erik Villarreal,McNeese State,-2.06694465393082,-2.06694465393082,-4.13388930786165,0,0,0,0,0,0,0,0,NA,NA,JR,2333319,False
2026-27,5373,Joe DeVall,McNeese State,-2.06694465393082,-2.06694465393082,-4.13388930786165,0,0,0,0,0,0,0,0,NA,NA,FR,48594601,False
2026-27,5374,Nicholas DeVall,McNeese State,-2.06694465393082,-2.06694465393082,-4.13388930786165,0,0,0,0,0,0,0,0,NA,NA,FR,72113798,False
2026-27,5375,River Smith,Howard,-2.07360963218723,-2.07360963218723,-4.14721926437446,0,0,0,0,0,0,0,0,NA,NA,SO,2567179,False
2026-27,5376,Shane Frazier,Howard,-2.07360963218723,-2.07360963218723,-4.14721926437446,0,0,0,0,0,0,0,0,NA,NA,SO,2567177,False
2026-27,5377,Jonas Johnson,DePaul,-2.07442962831564,-2.07442962831564,-4.14885925663128,0,0,0,0,0,0,0,0,NA,NA,SO,2543745,False
2026-27,5378,Luke Cronin,Tulane,-2.08364791087621,-2.08364791087621,-4.16729582175242,0,0,0,0,0,0,0,0,NA,NA,SR,2326515,False
2026-27,5379,Maddux Bodenhamer,Tennessee State,-2.08563531516159,-2.08563531516159,-4.17127063032317,0,0,0,0,0,0,0,0,NA,NA,JR,2335899,False
2026-27,5380,Arlan Masharaliyev,La Salle,-2.089951170303,-2.089951170303,-4.17990234060601,0,0,0,0,0,0,0,0,NA,NA,SO,2510374,False
2026-27,5381,Max Lipacis,La Salle,-2.089951170303,-2.089951170303,-4.17990234060601,0,0,0,0,0,0,0,0,NA,NA,SR,2510373,False
2026-27,5382,Aidan Skradis,Omaha,-2.09003787040222,-2.09003787040222,-4.18007574080444,0,0,0,0,0,0,0,0,NA,NA,JR,2319729,False
2026-27,5383,Gavin Baker,Omaha,-2.09003787040222,-2.09003787040222,-4.18007574080444,0,0,0,0,0,0,0,0,NA,NA,FR,164913281,False
2026-27,5384,Cade Courbat,Northern Iowa,-2.09129673339292,-2.09129673339292,-4.18259346678583,0,0,0,0,0,0,0,0,NA,NA,SO,2279659,False
2026-27,5385,Ethan Anish,Duquesne,-2.09773982620509,-2.09773982620509,-4.19547965241018,0,0,0,0,0,0,0,0,NA,NA,SR,2112619,False
2026-27,5386,Roderick Newton,Central Arkansas,-2.09885998277056,-2.09885998277056,-4.19771996554111,0,0,0,0,0,0,0,0,NA,NA,SO,2559458,False
2026-27,5387,Riley Brooks,Charleston Southern,-1.45564037348519,-2.765241936302,-4.22088230978718,0,0,0,0,0,0,0,0,NA,NA,FR,159773536,False
2026-27,5388,Marquise Leslie,Charleston Southern,-1.45768274882409,-2.765241936302,-4.22292468512608,0,0,0,0,0,0,0,0,NA,NA,FR,151236588,False
2026-27,5389,Christopher Skenderi,Quinnipiac,-2.11975192229097,-2.11975192229097,-4.23950384458194,0,0,0,0,0,0,0,0,NA,NA,SO,2559872,False
2026-27,5390,Alex Harper,Charleston Southern,-1.4861085339148,-2.765241936302,-4.25135047021679,0,0,0,0,0,0,0,0,NA,NA,FR,255027205,False
2026-27,5391,DJ Hubbard,Charleston Southern,-1.48801556351167,-2.765241936302,-4.25325749981366,0,0,0,0,0,0,0,0,NA,NA,FR,203977184,False
2026-27,5392,Jace Winkleman,Morehead State,-2.12992201698895,-2.12992201698895,-4.2598440339779,0,0,0,0,0,0,0,0,NA,NA,SO,2334107,False
2026-27,5393,Chris Torres,Siena,-2.13873556858872,-2.13873556858872,-4.27747113717743,0,0,0,0,0,0,0,0,NA,NA,JR,2311529,False
2026-27,5394,Johnny Mautz,Northern Arizona,-2.62149381945362,-1.71042510474974,-4.33191892420336,0,0,0,0,0,0,0,0,NA,NA,FR,38045707,False
2026-27,5395,Nana Keutcha,Northern Arizona,-2.62149381945362,-1.71042510474974,-4.33191892420336,0,0,0,0,0,0,0,0,NA,NA,FR,157033459,False
2026-27,5396,Mason Dorsey,Northern Arizona,-2.62149381945362,-1.71042510474974,-4.33191892420336,0,0,0,0,0,0,0,0,NA,NA,FR,157827979,False
2026-27,5397,Luke Wieskamp,Northern Arizona,-2.62149381945362,-1.71042510474974,-4.33191892420336,0,0,0,0,0,0,0,0,NA,NA,FR,188295830,False
2026-27,5398,Lucas Toukam,Northern Arizona,-2.62149381945362,-1.71042510474974,-4.33191892420336,0,0,0,0,0,0,0,0,NA,NA,FR,255429104,False
2026-27,5399,Zach Tanner,Northern Arizona,-2.62149381945362,-1.71042510474974,-4.33191892420336,0,0,0,0,0,0,0,0,NA,NA,FR,18981992,False
2026-27,5400,Hamza Asadallah,Hampton,-2.18120941713982,-2.18120941713982,-4.36241883427964,0,0,0,0,0,0,0,0,NA,NA,SO,2273133,False
2026-27,5401,Robert Wilmote,Saint Peter's,-2.1856727762926,-2.1856727762926,-4.37134555258521,0,0,0,0,0,0,0,0,NA,NA,JR,2617947,False
2026-27,5402,CJ Rich,South Carolina Upstate,-2.19171404463485,-2.19171404463485,-4.3834280892697,0,0,0,0,0,0,0,0,NA,NA,SR,2141801,False
2026-27,5403,Ben Maller,East Tennessee State,-2.20199206577001,-2.20199206577001,-4.40398413154003,0,0,0,0,0,0,0,0,NA,NA,FR,90491494,False
2026-27,5404,Nick Del Bosque,San Diego,-2.20268247100096,-2.20268247100096,-4.40536494200192,0,0,0,0,0,0,0,0,NA,NA,JR,2351053,False
2026-27,5405,Boden Grant,San Diego,-2.20268247100096,-2.20268247100096,-4.40536494200192,0,0,0,0,0,0,0,0,NA,NA,SO,2533790,False
2026-27,5406,Dominick LaDuca,New Haven,-2.20521614797162,-2.20521614797162,-4.41043229594325,0,0,0,0,0,0,0,0,NA,NA,SO,2531846,False
2026-27,5407,Nathan Narcisse,New Haven,-2.20521614797162,-2.20521614797162,-4.41043229594325,0,0,0,0,0,0,0,0,NA,NA,JR,2351716,False
2026-27,5408,Jagger Bascombe,New Haven,-2.20521614797162,-2.20521614797162,-4.41043229594325,0,0,0,0,0,0,0,0,NA,NA,JR,2304236,False
2026-27,5409,John Oladipo,New Haven,-2.20521614797162,-2.20521614797162,-4.41043229594325,0,0,0,0,0,0,0,0,NA,NA,SO,2531848,False
2026-27,5410,Owen Hotaling,New Haven,-2.20521614797162,-2.20521614797162,-4.41043229594325,0,0,0,0,0,0,0,0,NA,NA,SO,2531831,False
2026-27,5411,Justice Hanna,New Haven,-2.20521614797162,-2.20521614797162,-4.41043229594325,0,0,0,0,0,0,0,0,NA,NA,SO,2531828,False
2026-27,5412,Timothy Coleman,New Haven,-2.20521614797162,-2.20521614797162,-4.41043229594325,0,0,0,0,0,0,0,0,NA,NA,SR,2138852,False
2026-27,5413,Mason Hodges,UC Irvine,-2.20688217853289,-2.20688217853289,-4.41376435706579,0,0,0,0,0,0,0,0,NA,NA,SO,2475003,False
2026-27,5414,Raymar Gonzales,San Diego State,-2.23368903825455,-2.23368903825455,-4.46737807650911,0,0,0,0,0,0,0,0,NA,NA,SO,2487206,False
2026-27,5415,Jameson Heck,The Citadel,-2.24120411159133,-2.24120411159133,-4.48240822318265,0,0,0,0,0,0,0,0,NA,NA,SO,2548079,False
2026-27,5416,Aidan Alexander,The Citadel,-2.24120411159133,-2.24120411159133,-4.48240822318265,0,0,0,0,0,0,0,0,NA,NA,SO,2548087,False
2026-27,5417,Owen Odom,Virginia,-2.38719552834934,-2.10347574385557,-4.49067127220491,0,0,0,0,0,0,0,0,NA,NA,SO,2505046,False
2026-27,5418,Quincy Watson,Virginia,-2.38719552834934,-2.10347574385557,-4.49067127220491,0,0,0,0,0,0,0,0,NA,NA,FR,49328188,False
2026-27,5419,Nick Rotter,Virginia,-2.38719552834934,-2.10347574385557,-4.49067127220491,0,0,0,0,0,0,0,0,NA,NA,FR,18786305,False
2026-27,5420,Marvin Richard III,South Dakota,-2.25227361560678,-2.25227361560678,-4.50454723121356,0,0,0,0,0,0,0,0,NA,NA,FR,227493324,False
2026-27,5421,Nick Randall,Colorado,-2.25828054337681,-2.25828054337681,-4.51656108675363,0,0,0,0,0,0,0,0,NA,NA,JR,2317072,False
2026-27,5422,Will Eggemeier,Boston College,-2.27539017881349,-2.27539017881349,-4.55078035762698,0,0,0,0,0,0,0,0,NA,NA,JR,2304049,False
2026-27,5423,Jameson O'Toole,Boston College,-2.27539017881349,-2.27539017881349,-4.55078035762698,0,0,0,0,0,0,0,0,NA,NA,FR,155454753,False
2026-27,5424,Cody Al-naziat,Southeastern Louisiana,-2.28000014621533,-2.28000014621533,-4.56000029243066,0,0,0,0,0,0,0,0,NA,NA,SO,2545183,False
2026-27,5425,Terran Perry,Southeastern Louisiana,-2.28000014621533,-2.28000014621533,-4.56000029243066,0,0,0,0,0,0,0,0,NA,NA,FR,47889967,False
2026-27,5426,Cam Campbell,Louisiana-Monroe,-2.28851812986299,-2.28851812986299,-4.57703625972598,0,0,0,0,0,0,0,0,NA,NA,JR,2492289,False
2026-27,5427,Austin Mejia,Holy Cross,-2.31687253755721,-2.31687253755721,-4.63374507511442,0,0,0,0,0,0,0,0,NA,NA,JR,2534880,False
2026-27,5428,Ethan Clark,Holy Cross,-2.31687253755721,-2.31687253755721,-4.63374507511442,0,0,0,0,0,0,0,0,NA,NA,SO,2534878,False
2026-27,5429,Bryson Luther,Gardner-Webb,-2.45231465317675,-2.20936561908047,-4.66168027225722,0,0,0,0,0,0,0,0,NA,NA,FR,260127356,False
2026-27,5430,Kidus Tilahun,Cal State Fullerton,-2.3343738731439,-2.3343738731439,-4.66874774628781,0,0,0,0,0,0,0,0,NA,NA,JR,2311684,False
2026-27,5431,Nicholas Khatchikian,Cal State Fullerton,-2.3343738731439,-2.3343738731439,-4.66874774628781,0,0,0,0,0,0,0,0,NA,NA,SO,2483453,False
2026-27,5432,Luke Azzinaro,Lafayette,-2.33481942654338,-2.33481942654338,-4.66963885308676,0,0,0,0,0,0,0,0,NA,NA,SO,2536822,False
2026-27,5433,Garrett Sever,IU Indy,-2.35774549884045,-2.35774549884045,-4.71549099768089,0,0,0,0,0,0,0,0,NA,NA,SO,2471968,False
2026-27,5434,Cooper Davenport,Samford,-2.3797896377663,-2.3797896377663,-4.75957927553261,0,0,0,0,0,0,0,0,NA,NA,SO,2524322,False
2026-27,5435,Zach Lamey,Samford,-2.3797896377663,-2.3797896377663,-4.75957927553261,0,0,0,0,0,0,0,0,NA,NA,JR,2122533,False
2026-27,5436,Corey Brown,Samford,-2.3797896377663,-2.3797896377663,-4.75957927553261,0,0,0,0,0,0,0,0,NA,NA,JR,2311623,False
2026-27,5437,Bradley Kemp,Samford,-2.3797896377663,-2.3797896377663,-4.75957927553261,0,0,0,0,0,0,0,0,NA,NA,FR,209765793,False
2026-27,5438,William Campbell,Lindenwood,-2.38604491270423,-2.38604491270423,-4.77208982540846,0,0,0,0,0,0,0,0,NA,NA,SO,2486973,False
2026-27,5439,Kamren Robinson,East Texas A&M,-2.3883276745561,-2.3883276745561,-4.7766553491122,0,0,0,0,0,0,0,0,NA,NA,SO,2563967,False
2026-27,5440,Parker Whisenhunt,East Texas A&M,-2.3883276745561,-2.3883276745561,-4.7766553491122,0,0,0,0,0,0,0,0,NA,NA,JR,2563969,False
2026-27,5441,Mason Miles,Eastern Kentucky,-2.38959638040092,-2.38959638040092,-4.77919276080184,0,0,0,0,0,0,0,0,NA,NA,SO,2550853,False
2026-27,5442,Trevor Augustine,Canisius,-2.25962268071003,-2.55730062009114,-4.81692330080117,0,0,0,0,0,0,0,0,NA,NA,JR,2404012,False
2026-27,5443,Cameron Merritt,West Georgia,-2.44355280619645,-2.44355280619645,-4.8871056123929,0,0,0,0,0,0,0,0,NA,NA,JR,2125533,False
2026-27,5444,Max Young,West Georgia,-2.44355280619645,-2.44355280619645,-4.8871056123929,0,0,0,0,0,0,0,0,NA,NA,JR,2352270,False
2026-27,5445,Branford Edmonds III,VMI,-2.44689864498373,-2.44689864498373,-4.89379728996745,0,0,0,0,0,0,0,0,NA,NA,JR,2532380,False
2026-27,5446,Mason Lawson,VMI,-2.44689864498373,-2.44689864498373,-4.89379728996745,0,0,0,0,0,0,0,0,NA,NA,JR,2532378,False
2026-27,5447,DeAngelo Dungey,North Dakota,-2.45102692236691,-2.45102692236691,-4.90205384473383,0,0,0,0,0,0,0,0,NA,NA,FR,209965640,False
2026-27,5448,Sincere Clemons,Vermont,-2.4838533791102,-2.4838533791102,-4.96770675822041,0,0,0,0,0,0,0,0,NA,NA,JR,2314360,False
2026-27,5449,Will Lange,Saint Joseph's,-2.49216682842464,-2.49216682842464,-4.98433365684929,0,0,0,0,0,0,0,0,NA,NA,SR,2134486,False
2026-27,5450,Kaleb Lofton,Charleston Southern,-2.22729019491411,-2.765241936302,-4.99253213121611,0,0,0,0,0,0,0,0,NA,NA,SR,2474235,False
2026-27,5451,Cameron O'Kelley,Appalachian State,-2.65924235706917,-2.33866106920249,-4.99790342627166,0,0,0,0,0,0,0,0,NA,NA,JR,2302347,False
2026-27,5452,Grant Clayton,Appalachian State,-2.65924235706917,-2.33866106920249,-4.99790342627166,0,0,0,0,0,0,0,0,NA,NA,SO,2475542,False
2026-27,5453,Darius Lopes,Maine,-2.55450427567099,-2.55450427567099,-5.10900855134198,0,0,0,0,0,0,0,0,NA,NA,JR,2291037,False
2026-27,5454,Emmitt Byther,Maine,-2.55450427567099,-2.55450427567099,-5.10900855134198,0,0,0,0,0,0,0,0,NA,NA,SO,2549974,False
2026-27,5455,Kaden Bedard,Maine,-2.55450427567099,-2.55450427567099,-5.10900855134198,0,0,0,0,0,0,0,0,NA,NA,FR,228677499,False
2026-27,5456,Jayden Jackson,Alabama A&M,-2.56282218921061,-2.56282218921061,-5.12564437842122,0,0,0,0,0,0,0,0,NA,NA,SO,2474951,False
2026-27,5457,Cael Jones,Jackson State,-2.57119798121484,-2.57119798121484,-5.14239596242969,0,0,0,0,0,0,0,0,NA,NA,SO,2555641,False
2026-27,5458,Amir Rahman,Florida A&M,-2.59309874280586,-2.59309874280586,-5.18619748561173,0,0,0,0,0,0,0,0,NA,NA,SO,2574221,False
2026-27,5459,Shane Sims,Eastern Illinois,-2.59885500874829,-2.59885500874829,-5.19771001749657,0,0,0,0,0,0,0,0,NA,NA,SO,2493089,False
2026-27,5460,Logan Kurtz,Eastern Illinois,-2.59885500874829,-2.59885500874829,-5.19771001749657,0,0,0,0,0,0,0,0,NA,NA,FR,118544447,False
2026-27,5461,Benjamin Mayhew,Pittsburgh,-2.61829622098583,-2.61829622098583,-5.23659244197166,0,0,0,0,0,0,0,0,NA,NA,SR,2093109,False
2026-27,5462,Jajuan Nelson,Pittsburgh,-2.61829622098583,-2.61829622098583,-5.23659244197166,0,0,0,0,0,0,0,0,NA,NA,SR,2118427,False
2026-27,5463,Colin Byrne,Stonehill,-2.61909356428544,-2.61909356428544,-5.23818712857087,0,0,0,0,0,0,0,0,NA,NA,SO,2539302,False
2026-27,5464,Norbu Jenpa,Stonehill,-2.61909356428544,-2.61909356428544,-5.23818712857087,0,0,0,0,0,0,0,0,NA,NA,SO,2539310,False
2026-27,5465,Ian Stephens,Indiana,-2.63753597542075,-2.63753597542075,-5.2750719508415,0,0,0,0,0,0,0,0,NA,NA,SR,2099641,False
2026-27,5466,Drew Snively,Indiana,-2.63753597542075,-2.63753597542075,-5.2750719508415,0,0,0,0,0,0,0,0,NA,NA,SO,2506636,False
2026-27,5467,Jordan Rayford,Indiana,-2.63753597542075,-2.63753597542075,-5.2750719508415,0,0,0,0,0,0,0,0,NA,NA,SR,1921636,False
2026-27,5468,Andrew Adcock-Vidouria,Youngstown State,-2.6399346739692,-2.6399346739692,-5.27986934793841,0,0,0,0,0,0,0,0,NA,NA,FR,110403222,False
2026-27,5469,Bryce Selby,North Carolina Central,-2.64939754026172,-2.64939754026172,-5.29879508052344,0,0,0,0,0,0,0,0,NA,NA,FR,43434344,False
2026-27,5470,Matt Lange,Bucknell,-2.66614110462248,-2.66614110462248,-5.33228220924496,0,0,0,0,0,0,0,0,NA,NA,JR,2313649,False
2026-27,5471,Kellen Welch,Bucknell,-2.66614110462248,-2.66614110462248,-5.33228220924496,0,0,0,0,0,0,0,0,NA,NA,JR,2313650,False
2026-27,5472,Gavin Haase,UC Riverside,-3.05017673362164,-2.41620280753342,-5.46637954115505,0,0,0,0,0,0,0,0,NA,NA,SO,2495526,False
2026-27,5473,Amaury McKinney,UC Riverside,-3.05017673362164,-2.41620280753342,-5.46637954115505,0,0,0,0,0,0,0,0,NA,NA,SO,2495529,False
2026-27,5474,Evan Smith,North Carolina,-2.84507673863417,-2.84507673863417,-5.69015347726834,0,0,0,0,0,0,0,0,NA,NA,SR,2506583,False
2026-27,5475,John Holbrook,North Carolina,-2.84507673863417,-2.84507673863417,-5.69015347726834,0,0,0,0,0,0,0,0,NA,NA,JR,2296145,False
2026-27,5476,Isaac Jones,Stetson,-2.86586297018109,-2.86586297018109,-5.73172594036218,0,0,0,0,0,0,0,0,NA,NA,SR,2116960,False
2026-27,5477,Alex McFadden,Delaware,-2.94654722607884,-2.94654722607884,-5.89309445215769,0,0,0,0,0,0,0,0,NA,NA,JR,2327278,False
